ID,Content,ILE found (yes/no),ILE evidence,ILE meaning,Mechanism Class,Mechanism Category
bsky_3avh3kj8y9l2n,#spangenaren🔴⚪️ #acab #1312 damn,yes,"['acab', '1312']","['All Cops Are Bastards / anti-police slogan', 'numerical encoding of ACAB']","['C3_Formal_Compression', ['C4_Formal_Encoding','C3_Formal_Compression']]","[""Initialism_Acronym"", [""Textual_Algorithmic_Encoding"", ""Initialism_Acronym""]]"
bsky_2avv6kjyy3k2m,homeless and disabled #mutualaid #homelessness #disability #climatechange #acab,yes,['acab],['All Cops Are Bastards'],['C3_Formal_Compression'],"[""Initialism_Acronym""]"
bsky_3bvg6ejry6k1f,extreme ones #gauchiasse #toulouse #acab #shay,yes,['acab],['All Cops Are Bastards'],['C3_Formal_Compression'],"[""Initialism_Acronym""]"
bsky_3ass7dfk7c3u,"Sigh. All that aside: The Cannabis Chronicles (CC for the PG audience) is streaming on all major platforms!  #alternativehiphop #thecannabischronicles #CC #acab #nowstreaming
",yes,['acab],['All Cops Are Bastards'],['C3_Formal_Compression'],"[""Initialism_Acronym""]"
bsky_39kj4eo7j6g2b,make your day #plutonsvea #🇸🇪 #casual #acab,yes,['acab],['All Cops Are Bastards'],['C3_Formal_Compression'],"[""Initialism_Acronym""]"
bsky_3ka35qq2mmd2f,another muerte moment fr 💀,yes,['muerte'],['death'],['C11_Cross_Linguistic'],"[""Translation_Based_Encoding""]"
bsky_3kax4kjyy2a2j,"at some point it does become obvious that they're all recommending aggressive followup because my insurance will pay them to come over once a week for a year and sit on the floor and say ""oochy coochy goo goo! who's got a button nose?!"" to two sweeties",no,[],[],[],[]
bsky_3kfgccucmwn2c,"Internet ‘algospeak’ is changing our language in real time, from ‘nip nops’ to ‘le dollar bean’ - URL",yes,"['nip nops', 'le dollar bean']","['nipples', 'lesbian']","[['C6_Morpho_Lexical'], ['C1_Orthographic', 'C6_Morpho_Lexical']]","[[""Reduplicative_Expansion""], [""Visual_Similarity_Substitution"", ""Resegmentation""]]"
bsky_3kkesftb6md2r,"Baby writer proud moment over here. Words of Possibility, edited by @USER, is among the @USER 2023 Recommended Reading List. I am honored. Part of my piece “16 Poemas Después de la Muerte"" is included in this.

locusmag.com/2024/02/2023...",no,[],[],[],[]
bsky_3kkztfansdc2g,"Well, this is an interesting visual effect
URL",no,[],[],[],[]
bsky_3kthe3i633k2a,Mr smart. Spending his/her/LGHDTV? time responding to the stupid and biggot(ed) one. You must be very intelligent. Mr smart.,yes,['LGHDTV'],['LGBTQ'],['C2_Phonetic'],"[""Near_Homophone_Drift""]"
bsky_3kynchqmgvj2e,"Definately a NIFOC and working naked from home kind of day...

[MEDIA ALT TEXT]
- A nudist working from home.",yes,['NIFOC'],['naked in front of the computer'],['C3_Formal_Compression'],"[""Initialism_Acronym""]"
bsky_3l2tfvutou72c,AUTI⚡️M is real,yes,['AUTI⚡️M'],['autism'],['C10_Pictorial_Symbolic'],"[""Pictographic_Character_Substitution""]"
bsky_3l323nnjaci2g,"it’s sex worker saturday ✨

[MEDIA ALT TEXT]
- +
Reposted by iris (they)
iris (they)
@USER • 4h
Fighter
• Bouba
it's sex worker saturday!! ¡ have a migraine and am going back to sleep for a little while, but i still need to make about $70 toward my mutual aid goal.
13
6
+
iris (they)
@USER • 16m
Fighter
• Bouba
i'm still in bed and i'm afraid if someone doesn't hug me soon i'm just going to shatter
...
+
iris (they)
@USER . 3h
•Fighter
• Bouba
brain full of bees syndrome, going to bed
1
> 3
...",no,[],[],[],[]
bsky_3l4un4clext22,"Jemima Kelly @USER . 2h People who aren't just Very Online liberals I guess? Would be nice for example to have some people on here from the centre-right. Sensible Republicans and Conservatives (which doesn't describe me, for the record), libertarians etc. Those groups are very poorly represented here. Do you disagree? 13 2 ♡ 2 Tim Onion @USER . 1h Bouba I mean specific issues. What are the specific issues you don't think are being heard? 口2 22 David Lynch @USER . 5m Seriously? Try suggesting that sex is real, immutable and important, then sit back and enjoy the ensuing fruitcakery. Q1 Tim Onion @USER . 3m Bouba Ah there we go an anti-gay slur right off the bat thank you Q1 ជ ♡ 1",no,[],[],[],[]
bsky_3l5gimy5fnw2n,"Here's the first of my Auctober 2024 drawings!
Instead of the blue color according to Auti$m $peaks, we go with a red color for autism acceptance. Light it up red!
Mercury happily holds the autism acceptance flags! #autistic #mercury #oc #red #actuallyautistic #redinstead #auctober #auctober2024

[MEDIA ALT TEXT]
- 01: RED INSTEAD
Mercury wears a red long-sleeve shirt as he happily holds two red-colored flags with a rainbow infinity printed on both of them.",yes,['Auti$m $peaks'],['Autism Speaks'],['C1_Orthographic'],"[""Visual_Similarity_Substitution""]"
bsky_3l5rslbtngb2g,"A distinctive Letterboxd movie review. Can you name the film❓

[MEDIA ALT TEXT]
- Seth Green, Mr. Bean

Cuba Gooding's Lucy scene.

Kathy Bates, Amy Smart,

Newman with a transplant heart.

2 million dollar goal

Breckin Meyer, starring role,

Lovitz driving Hitler's car,

John Cleese marking where they are,

Vegas,

pierced goon,

cow hangs from an air balloon.

Whoopi G!

Locker key!

SMASH MOUTH CONCERT FI-NA-LE!!!

We didn't start the Rat Race!

It was always blastin'

since ensemble castin'!

We didn't start the Rat Race!

But I'd watch it today

If I owned the Blu-ray!",no,[],[],[],[]
bsky_3l6rfh3dmdi25,"Pawday #10
crazy doodle about @USER sleeping while we can see his very preciated patitas ✨🐾 oWo xD

English dialogue:
Geletik: cooochy coochy coo ~

Bactover: no haida stop it! I dont like tickles! x3

Geletik: hahaha he thinks i am haida so silly wolfy xD",no,[],[],[],[]
bsky_3l72ipskeum2b,"good boys go in the
a u t i s m - s t e a m - r o l l e r
URL",yes,['a u t i s m - s t e a m - r o l l e r'],['autism-steam-roller'],['C1_Orthographic'],"[""Segmentation_Noise_Insertion""]"
bsky_3l735f5vljg2d,"there used to be some online chatroom safety thing, on the radio or in readers digest or whatever and the funniest anagram it warned you about was ""NIFOC"" (naked in front of the computer)",yes,['NIFOC'],['naked in front of the computer'],['C3_Formal_Compression'],"[""Initialism_Acronym""]"
bsky_3l7whjqoybu2l,"rot13.com

Nalguvat glcrq va ebg13 vzzrqvngryl nccrnef gb or vaperqvoyl qrtrarengr ab znggre jung gur pbagrag 

Tb gb ubeal wnvy *obax*",no,['ubeal'],['horny'],['C4_Formal_Encoding'],"[""Classical_Cipher""]"
bsky_3laqq7wzzk42i,"guvf ernyyl vf GUR ubeal rkcnp, uhu",yes,['ubeal'],['horny'],['C4_Formal_Encoding'],"[""Classical_Cipher""]"
bsky_3laxgaqyals2t,NO THIS IS INSANE. v guvax lhakv qrfreirf gb unir tb penml j gung byq znaf ivoengvat yvpu chffl,yes,"['ivoengvat', 'chffl']","['vibrating', 'pussy']","['C4_Formal_Encoding', 'C4_Formal_Encoding']","[""Classical_Cipher"", ""Classical_Cipher""]"
bsky_3lb33cyz7xk2t,"rot13, #7.1spoiler

arj penpxcbg gurbel: trbqr vf gur bar jub fhttrfgrq gur oynpx erthyngbef, gur Arj Fcurar vf n cebwrpgrq ubybtenz bs fbzr fbeg, gur oynpx erthyngbef ner tbvat gb shpxvat oybj hc naq xvyy rirelbar jrnevat gurz va n shpxrq hc fhvpvqr phyg fbeg bs jnl,",yes,"['penpxcbg', 'shpxvat', 'oybj hc', 'xvyy', 'shpxrq hc', 'fhvpvqr', 'phyg']","['crackpot', 'fucking', 'blow up', 'kill', 'fucked up', 'suicide', 'cult']","['C4_Formal_Encoding', 'C4_Formal_Encoding', 'C4_Formal_Encoding', 'C4_Formal_Encoding', 'C4_Formal_Encoding', 'C4_Formal_Encoding', 'C4_Formal_Encoding']","[""Classical_Cipher"", ""Classical_Cipher"", ""Classical_Cipher"", ""Classical_Cipher"", ""Classical_Cipher"", ""Classical_Cipher"", ""Classical_Cipher""]"
bsky_3lbbhx2jyrc2x,"I've been thinking about this a lot with TikTok lately. Users have to come up with absurd coded language to get around the ridiculous censorship (🌽 instead of porn, le dollar bean, calling Hitler ""Germany's least favorite leader"" and Nazis ""the bad guys from the 1940s"", etc.), skip past >",yes,"['🌽', 'le dollar bean', ""Germany's least favorite leader"", 'the bad guys from the 1940s']","['porn', 'lesbian', 'Hitler', 'Nazis']","[['C2_Phonetic', 'C10_Pictorial_Symbolic'], ['C1_Orthographic', 'C6_Morpho_Lexical'], ['C7_Referential_Alias'], ['C7_Referential_Alias']]","[[""Near_Homophone_Drift"", ""Name_Based_Emoji_Mapping""], [""Visual_Similarity_Substitution"", ""Resegmentation""], [""Attribute_Based_Alias""], [""Attribute_Based_Alias""]]"
bsky_3lbctfzds3p2u,@USER the predecessor of this was NIFOC.,yes,['NIFOC'],['naked in front of the computer'],['C3_Formal_Compression'],"[""Initialism_Acronym""]"
bsky_3lbjc6bbo4c2f,LGHDTV+8K there is always one,yes,['LGHDTV'],['LGBTQ'],['C2_Phonetic'],"[""Near_Homophone_Drift""]"
bsky_3lbnowktgkk2b,"Sorry , you're right, I misunderstood. 
The group I had was top 50 in world stats, and we had 3 at the same time. Mother Ships and nukes almost every raid. 
There was 30 of us in TDTM
The Dream Team trademark and everything. I was placed on the team , cuz Josh our lead, hated playing against me.",no,[],[],[],[]
bsky_3lbtaxxmxwc24,WFHN or NIFOC,yes,"['WFHN', 'NIFOC']","['working from home naked', 'naked in front of the computer']","['C3_Formal_Compression', 'C3_Formal_Compression']","[""Initialism_Acronym"", ""Initialism_Acronym""]"
bsky_3lc7cuvguyc2w,"Classic of the genre. My favorite is Keeping Parents Clueless, a totally real acronym every kid used

Imagine your 8th grade boyfriend breaks up with you and you tell your friend you feel broken and getting grounded for drinking

[MEDIA ALT TEXT]
- 1. IWSN – I want sex now

2. GNOC – Get naked on camera

3. NIFOC – Naked in front of computer

4. PIR – Parent in room

5 CU46 – See you for sex

6. 53X – Sex

7. 9 – Parent watching

8. 99 – Parent gone

9. 1174′ – Party meeting place

10. THOT – That hoe over there

11. CID – Acid (the drug)

12. Broken – Hungover from alcohol

13. 420 – Marijuana

14. POS – Parent over shoulder

15. SUGARPIC – Suggestive or erotic photo

16. KOTL – Kiss on the lips

17. (L)MIRL – Let’s meet in real life

18. PRON – Porn
- 19. TDTM – Talk dirty to me

20. 8 – Oral sex

21. CD9 – Parents around/Code 9

22. IPN – I’m posting naked

23. LH6 – Let’s have sex

24. WTTP – Want to trade pictures?

25. DOC – Drug of choice

26. TWD – Texting while driving

27. GYPO – Get your pants off

28. KPC- Keeping parents clueless",yes,"['IWSN', 'GNOC', 'NIFOC', 'PIR', 'CU46', '53X', '9', '99', '1174', 'THOT', 'CID', 'Broken', '420', 'POS', 'SUGARPIC', 'KOTL', '(L)MIRL', 'PRON', 'TDTM', '8', 'CD9', 'IPN', 'LH6', 'WTTP', 'DOC', 'GYPO', 'KPC']","['I want sex now', 'get naked on camera', 'naked in front of computer', 'parent in room', 'see you for sex', 'sex', 'parent watching', 'parent gone', 'party meeting place', 'that hoe over there', 'acid/the drug', 'hungover from alcohol', 'marijuana', 'parent over shoulder', 'suggestive or erotic photo', 'kiss on the lips', 'let’s meet in real life', 'porn', 'talk dirty to me', 'oral sex', 'parents around/code 9', 'I’m posting naked', 'let’s have sex', 'want to trade pictures', 'drug of choice', 'get your pants off', 'keeping parents clueless']","[['C3_Formal_Compression'], ['C3_Formal_Compression'], ['C3_Formal_Compression'], ['C3_Formal_Compression'], ['C2_Phonetic'], ['C1_Orthographic'], ['C5_Sign_Reassignment'], ['C5_Sign_Reassignment'], ['C5_Sign_Reassignment'], ['C3_Formal_Compression'], ['C3_Formal_Compression'], ['C5_Sign_Reassignment'], ['C5_Sign_Reassignment'], ['C3_Formal_Compression'], ['C6_Morpho_Lexical', 'C8_Semantic_Circumlocution'], ['C3_Formal_Compression'], ['C3_Formal_Compression'], ['C1_Orthographic'], ['C3_Formal_Compression'], ['C5_Sign_Reassignment'], ['C3_Formal_Compression', 'C5_Sign_Reassignment'], ['C3_Formal_Compression'], ['C3_Formal_Compression', 'C2_Phonetic'], ['C3_Formal_Compression'], ['C3_Formal_Compression'], ['C3_Formal_Compression'], ['C3_Formal_Compression']]","[[""Initialism_Acronym""], [""Initialism_Acronym""], [""Initialism_Acronym""], [""Initialism_Acronym""], [""Alphanumeric_Rebus""], [""Visual_Similarity_Substitution""], [""Conventional_Numeric_Symbol_Reassignment""], [""Conventional_Numeric_Symbol_Reassignment""], [""Conventional_Numeric_Symbol_Reassignment""], [""Initialism_Acronym""], [""Lexical_Clipping""], [""Lexical_Reassignment""], [""Conventional_Numeric_Symbol_Reassignment""], [""Initialism_Acronym""], [""Blending"", ""Euphemism""], [""Initialism_Acronym""], [""Initialism_Acronym""], [""Segmentation_Noise_Insertion""], [""Initialism_Acronym""], [""Conventional_Numeric_Symbol_Reassignment""], [""Lexical_Clipping"", ""Conventional_Numeric_Symbol_Reassignment""], [""Initialism_Acronym""], [""Initialism_Acronym"", ""Alphanumeric_Rebus""], [""Initialism_Acronym""], [""Initialism_Acronym""], [""Initialism_Acronym""], [""Initialism_Acronym""]]"
bsky_3lcbitplcs226,My ocs are part of the LGHDTV,yes,['LGHDTV'],['LGBTQ'],['C2_Phonetic'],"[""Near_Homophone_Drift""]"
bsky_3lckqufxul22s,vx jr'ir gnyxrq nobhg gur cbffvovyvgl bs ure qrngu pnhfr orvat fhvpvqr va gur qvfpbeq .. nf hayvxryl nf vg vf. V pbhyq frr vg orvat n ebhgr vs guvf jrer gur pnfr sbe Zvmhub AAAA,yes,"['qrngu', 'fhvpvqr', 'qrngu pnhfr']","['death', 'suicide', 'death cause']","['C4_Formal_Encoding', 'C4_Formal_Encoding', 'C4_Formal_Encoding']","[""Classical_Cipher"", ""Classical_Cipher"", ""Classical_Cipher""]"
bsky_3lcqowe4iry2j,"@USER As requested 😀
URL",no,[],[],[],[]
bsky_3lcxozrgjok2m,DJ LGHDTV+ community ,yes,['LGHDTV'],['LGBTQ'],['C2_Phonetic'],"[""Near_Homophone_Drift""]"
bsky_3ld2jk4wh2c2z,Le dollar bean,yes,['Le dollar bean'],['lesbian']," [['C1_Orthographic', 'C6_Morpho_Lexical']]","[[""Visual_Similarity_Substitution"", ""Resegmentation""]]"
bsky_3ld2qzhexv22r,idk what to say,no,,[],[],[]
bsky_3ldgcvpntd22r,"day 16 💃 

it has to be the entirety of their dancing in the tdtm video from 1D day

(also, nightmare on the dance floor for real because what was harry even doing 😭)",yes,['tdtm'],['Talk Dirty To Me'],['C3_Formal_Compression'],"[""Initialism_Acronym""]"
bsky_3ldq4c3zakc2h,"1:47am shenanigans and I am injecting this song intro into my veins 
🎶: PUMP! feat.chelmico

URL",no,[],[],[],[]
bsky_3ldqba7tx2k2e,"not incoherent. basically gender is bouba sex is kiki, gender started being used in the 60s when liberals wanted to abstract and decouple interiority away from sex",no,[],[],[],[]
bsky_3ldtqa4q3c22c,So is calling you a gypo and I k ow what's better so off ya fuck GYPO,yes,"['gypo', 'GYPO']","['derogatory slur for Gypsy/Romani/Traveller person', 'derogatory slur for Gypsy/Romani/Traveller person']","[['C3_Formal_Compression','C5_Sign_Reassignment'], ['C3_Formal_Compression','C5_Sign_Reassignment']]","[[""Lexical_Clipping"", ""Lexical_Reassignment""], [""Lexical_Clipping"", ""Lexical_Reassignment""]]"
bsky_3ldtrtkd27c27,🤣🤣 go and tarmac another drive ripping the pensioners off again ya GYPO,yes,['GYPO'],['derogatory slur for Gypsy/Romani/Traveller person'],"[['C3_Formal_Compression','C5_Sign_Reassignment']]","[[""Lexical_Clipping"", ""Lexical_Reassignment""]]"
bsky_3ldttvgfnyc2k,"I know a lot of Travellers and not one of them would tolerate being called a ""gypo"". You're full of shite.",yes,['gypo'],['derogatory slur for Gypsy/Romani/Traveller person'],"[['C3_Formal_Compression','C5_Sign_Reassignment']]","[[""Lexical_Clipping"", ""Lexical_Reassignment""]]"
bsky_3ldu2sh6pbs2o,So Uzyk beat the gobby gypo  twat again then,yes,['gypo'],['derogatory slur for Gypsy/Romani/Traveller person'],"[['C3_Formal_Compression','C5_Sign_Reassignment']]","[[""Lexical_Clipping"", ""Lexical_Reassignment""]]"
bsky_3lenjkvygec2r,"New month, new #promosky (and my birthday🎂)

I'm Sephirotha and I like:

🛡Final Fantasy 
🗡Baldur's Gate 3
⭐Honkai Star Rail
🌽Stardew Valley
🍎Sun Haven
🏹Horizon
🎒Pokemon
🛍Sims
😀Kairosoft
🏰King God Castle
💍Lord of the Rings
🐱Animals
🧸Plushies
☕Coffee
🍤Japanese food
✍Writing
📚Reading",no,[],[],[],[]
bsky_3lf3jupzbos2t,"I'm really fucking tired of people thinking that people say ""unalive"" ""grapeing"" and ""le dollar bean"" because this generation can't handle hearing the real words. It started because tiktok and other social media would literally take down videos with those words in them.",yes,"['unalive', 'grapeing', 'le dollar bean']","['die/suicide/death', 'raping/rape', 'lesbian']","['C8_Semantic_Circumlocution', 'C2_Phonetic', ['C8_Semantic_Circumlocution','C1_Orthographic']]","[""Euphemism"", ""Near_Homophone_Drift"", [""Periphrasis"", ""Visual_Similarity_Substitution""]]"
bsky_3lfau4ajsoc2d,"I don't care if you're in the LGHDTV community or if you're gay. Go be gay, no one cares! But when you parade around dressed like a freak demanding more rights than everyone else, I'm going to tell you to fuck off!",yes,['LGHDTV'],['LGBTQ'],['C2_Phonetic'],"[""Near_Homophone_Drift""]"
bsky_3lfc5f4iwb52q,"rot13 ooe spoilers.

V qrpvqrq abg gb fgernz nbzv'f ebhgr orpnhfr V xrrc univat gb nsx gb qb fghss ohg hz. qvq abg guvax gur encr fprar jbhyq or yvxr. gung rneyl naq whfg unir gb pbagvahr ba jvgu gung univat unccrarq :(",yes,['encr'],['rape'],['C4_Formal_Encoding'],"[""Classical_Cipher""]"
bsky_3lfsetgdzz72m,I had a great talk today at Highload++. Great conference. Great audience. URL picture courtesy of Brian Geffon. спасибо,no,[],[],[],[]
bsky_3lftlgq7kgs26,gb or pyrne Sernx Fuvg=cflpubybtvpnyyl qrzragrq abg ubeal… frrvat n ybg bs afsj hzgx neg hacebzcgrq vf cneg bs jung ghearq zr bss vg 😭 (abg rira gxgz vf fnsr sebz gung nalzber gubhtu 😔),yes,"['Sernx Fuvg', 'cflpubybtvpnyyl qrzragrq', 'ubeal', 'afsj', 'afsj hzgx neg']","['Freak Shit', 'psychologically demented', 'horny', 'NSFW', 'NSFW UMTK art']","['C4_Formal_Encoding', 'C4_Formal_Encoding', 'C4_Formal_Encoding', 'C4_Formal_Encoding', 'C4_Formal_Encoding']","[""Classical_Cipher"", ""Classical_Cipher"", ""Classical_Cipher"", ""Classical_Cipher"", ""Classical_Cipher""]"
bsky_3lfyy2rmlic2y,I wish I could have found a GIF of the actual thing I think of when I think about airbags. Dutch comedic duo Van Kooten & De Bie. You'll have to excuse the Dutch. m.youtube.com/watch?v=JrrQ...,no,[],[],[],[]
bsky_3lg4dyltjic2o,"You’re saying that about the site that brought you such highlights of censorship as “unalived"", “seggs"", and “le$bian"", later “le dollar bean""

I’m pretty sure users weren’t the ones pushing toward using that terminology, and obfuscating the actual topics to avoid being penalised in the algorithm",yes,"['unalived', 'seggs', 'le$bian', 'le dollar bean']","['died/suicide/death', 'sex', 'lesbian', 'lesbian']","[['C8_Semantic_Circumlocution'], ['C2_Phonetic'], ['C1_Orthographic'], ['C1_Orthographic', 'C6_Morpho_Lexical']]","[[""Euphemism""], [""Near_Homophone_Drift""], [""Visual_Similarity_Substitution""], [""Visual_Similarity_Substitution"", ""Resegmentation""]]"
bsky_3lg76evyhlk2v,😞 vir whfg orra ubeal yngryl ohg vf guvf cneg bs gur encvq oenva punatr gung unccraf nf V nccebnpu 25 😑 ubj qb lbh rkcerff gung. v zrna lrnu va riraghny gvzr V qb jnag gb gel vg bhg ohg v qba'g ernyyl unir gubfr erfbheprf naq vz whfg abg pbasvqrag rabhtu sbe zl obql gb or frra yvxr gung rfcrpvnyyl,yes,"['ubeal', 'gel vg bhg', 'obql gb or frra yvxr gung']","['horny', 'try it out', 'body to be seen like that']","['C4_Formal_Encoding', 'C4_Formal_Encoding', 'C4_Formal_Encoding']","[""Classical_Cipher"", ""Classical_Cipher"", ""Classical_Cipher""]"
bsky_3lgf3a6q76c2w,"as of now, for the finished series, three ended after I posted about them: I Think You Are- by Ongbang, After Losing My Job I Met Miss Mermaid at the Beach by CleverCool, & Vengeful Lover by Fangling Tu.

[MEDIA ALT TEXT]
- I Think You Are- (Naneun Nega -Rago Saenggakae / 나는 네가 -라고 생각해) by Ongbang
Links:
URL 

Author’s socials:
URL
- After Losing My Job, I Met Miss Mermaid at the Beach (Shi Ye Hou Wo Zai Hai Bian Yu Jian Le Renyu Xiaojie / 失业后我在海边遇见了人鱼小姐) by CleverCool
Links:
URL 

Author’s socials:
URL
- Vengeful Lover (Fuchou Airen / 复仇爱人) by Fangling Tu 

Links:
URL 

Author’s socials:
URL
URL",no,[],[],[],[]
bsky_3lgjgn4gxbk2z,v arrq gb xabj nobhg gur hapunenpgrevfgvpnyyl ubeal fragrapr,yes,['ubeal'],['horny'],['C4_Formal_Encoding'],"[""Classical_Cipher""]"
bsky_3lgqiwv4noc2s,LGHDTV+ didn't exist back then so uh...rewriting the narrative yet again?,yes,['LGHDTV+'],['LGBTQ'],['C2_Phonetic'],"[""Near_Homophone_Drift""]"
bsky_3lgre65evhk2e,"Lukas Ridgeston, the gay 🌽⭐, GOAT!",yes,['🌽⭐'],['porn star'],"[['C10_Pictorial_Symbolic', 'C2_Phonetic']]","[[""Name_Based_Emoji_Mapping"", ""Near_Homophone_Drift""]]"
bsky_3lgyupsg5d52r,full make up coochy earrings and 2010 hair tho,no,[],[],[],[]
bsky_3limlxgnzy22o,"We need to move beyond LMAO. I've come up with a few alternatives:
LMTO=laugh my testicles open
GMTO=giggle my tits off
CMGS=chortle my gooch sideways
CMCA=cackle my coochy apart
HHMHW=ha ha my holes wide
LMAITSOAHATYWMAAAH=Laugh my ass into the shape of a hat and then you wear my ass as a hat",yes,"['LMTO', 'GMTO', 'CMGS', 'CMCA', 'HHMHW', 'LMAITSOAHATYWMAAAH']","['laugh my testicles open', 'giggle my tits off', 'chortle my gooch sideways', 'cackle my coochy apart', 'ha ha my holes wide', 'laugh my ass into the shape of a hat...']","['C3_Formal_Compression', 'C3_Formal_Compression', 'C3_Formal_Compression', 'C3_Formal_Compression', 'C3_Formal_Compression', 'C3_Formal_Compression']","[""Initialism_Acronym"", ""Initialism_Acronym"", ""Initialism_Acronym"", ""Initialism_Acronym"", ""Initialism_Acronym"", ""Initialism_Acronym""]"
bsky_3lipcz67hac2t,"Hiya~ I'm Des! 30, she/they, artist

~Interests~
🎨 Art
🎭 Cosplay
🧶 Crochet
🎀 Dolls
🌽 Farming Games
🥬 Vocaloid

~Love~
🪸 Coral Island
⭐ Disney Dreamlight Valley
🌎 Earthbound
🧭 Eastward
👗 Infinity Nikki
🎲 Lost in Random
🎩 Professor Layton
🐎 The Ranch of Rivershine
🪄 The Witch of Fern Island

#promosky",no,[],[],[],[]
bsky_3lj42ebgg222c,"gender is when bouba
sex is when kiki",no,[],[],[],[]
bsky_3ljgutfont226,"OKAY ONE GQUX SPOILER (rot13)

V jnf n yvggyr naablrq ng ubj fzneg naq rssrpgvir Pune jnf, ohg gur guvat gung znxrf Pune fb fghcvq vf Nzheb. Ur jnagf gb shpx uvz fb onq vg znxrf uvz fghcvq. V ybir gung ur vf guvf cresrpg yrtraq va Bevtva, gura zrrgf Nzheb naq zrygf vagb n ubeal chqqyr.",yes,"['fghcvq', 'shpx', 'jnagf gb shpx uvz', 'ubeal', 'ubeal chqqyr']","['stupid', 'fuck', 'wants to fuck him', 'horny', 'horny puddle']","['C4_Formal_Encoding', 'C4_Formal_Encoding', 'C4_Formal_Encoding', 'C4_Formal_Encoding', 'C4_Formal_Encoding']","[""Classical_Cipher"", ""Classical_Cipher"", ""Classical_Cipher"", ""Classical_Cipher"", ""Classical_Cipher""]"
bsky_3ljtasqfgp22g,"and they're primed for ""dealing with"" and ""desperation"" by media narratives and by Auti$m $peak$ bs that is literally handed to them at the diagnosis",yes,['Auti$m $peak$'],['Autism Speaks'],['C1_Orthographic'],"[""Visual_Similarity_Substitution""]"
bsky_3ljwt6kkfa22h,"EncryptHub Deploys Ransomware and Stealer via Trojanized Apps, PPI Services, and Phishing thehackernews.com/2025/03/encr…",no,[],[],[],[]
bsky_3ljxdtxiunk23,Ah someone mentioned gypo sightings in the dogging car parks of the beacon,yes,"['gypo', 'dogging']","['derogatory slur for Gypsy/Romani/Traveller person', 'public-sex cruising activity']","[['C3_Formal_Compression', 'C5_Sign_Reassignment'], ['C5_Sign_Reassignment']]","[[""Lexical_Clipping"", ""Lexical_Reassignment""], [""Lexical_Reassignment""]]"
bsky_3lkdpfado2yl2,"iPhone RCS texting to gain end-to-end encryption support this year Apple will add end-to-end encr...

URL

#News #Apple #News #Messages #RCS

Event Attributes",no,[],[],[],[]
bsky_3lktpka2jmc22,"V ARRQ FBZRBAR GB PYNVZ ZR SVEFG GUBHTU ZNA SHPX V unira'g orra noyr gb or cebcreyl, yvxr, ubeal ubeal sbe arneyl n zbagu abj naq gung'f qrsvavgryl jul... V jrag sebz orvat rffragvnyyl ybpxrq va gb n ybfg chccl naq abj V'z va gung ""pna'g rawbl trggvat bss"" shax. Fhhhhpxf.",yes,"['SHPX', 'ubeal ubeal', 'trggvat bss', ""pna'g rawbl trggvat bss""]","['fuck', 'horny horny', 'getting off', ""can't enjoy getting off""]","['C4_Formal_Encoding', 'C4_Formal_Encoding', 'C4_Formal_Encoding', 'C4_Formal_Encoding']","[""Classical_Cipher"", ""Classical_Cipher"", ""Classical_Cipher"", ""Classical_Cipher""]"
bsky_3lkw4m6pp6s25,Having that scruffy gypo Foden play right wing is a waste of time.,yes,['gypo'],['derogatory slur for Gypsy/Romani/Traveller person'],"[['C3_Formal_Compression','C5_Sign_Reassignment']]","[[""Lexical_Clipping"", ""Lexical_Reassignment""]]"
bsky_3ll7prxqovk2b,Gurl pnabavpnyyl znqr uvz n yvgreny chffl zntarg whfg sbe lbh,yes,"['chffl', 'chffl zntarg']","['pussy', 'pussy magnet']","['C4_Formal_Encoding', 'C4_Formal_Encoding']","[""Classical_Cipher"", ""Classical_Cipher""]"
bsky_3lleu74ldf22q,"EncryptHub Exploits Windows Zero-Day to Deploy Rhadamanthys and StealC Malware

A new campaign uses a Windows zero-day flaw to deliver advanced malware, highlighting the need for immediate patching and detection.

thehackernews.com/2025/03/encr...",no,[],[],[],[]
bsky_3llfobqplcs2u,"Non-hornos forgive me for this, courtesy cypher:

V ernyyl whfg tbggn envy fbzrguvat

Guvf nqqrenyy unf zr fb tbqqnza ubeal vg'f yvxr V'z tbaan pebnx

V tbggn TRG HC VA GURER, ERCRNGRQYL",yes,"['envy', 'nqqrenyy', 'tbqqnza', 'ubeal', 'pebnx', 'TRG HC VA GURER', 'ERCRNGRQYL']","['rail', 'Adderall', 'goddamn', 'horny', 'croak', 'get up in there', 'repeatedly']","['C4_Formal_Encoding', 'C4_Formal_Encoding', 'C4_Formal_Encoding', 'C4_Formal_Encoding',  'C4_Formal_Encoding', 'C4_Formal_Encoding', 'C4_Formal_Encoding']","[""Classical_Cipher"", ""Classical_Cipher"", ""Classical_Cipher"", ""Classical_Cipher"", ""Classical_Cipher"", ""Classical_Cipher"", ""Classical_Cipher""]"
bsky_3llqahqvyta26,"excessive denoising steps required in video diffusion through an efficient leap-based approach. Second, Temporal Dimension Token Merging (TDTM) minimizes intensive token-processing computation in attention layers by merging consecutive tokens along [3/7 of URL",no,[],[],[],[]
bsky_3llra3za5os2s,"rot13 just in case (7.2 arcadion)

v arrq n zbq bs ubjyvat oynqr jvgu uvf zrpun chffl / zrpun pbpx nfnc . qbag nfx",yes,"['chffl', 'pbpx', 'zrpun chffl', 'zrpun pbpx']","['pussy', 'cock', 'mecha pussy', 'mecha cock']","['C4_Formal_Encoding', 'C4_Formal_Encoding', 'C4_Formal_Encoding', 'C4_Formal_Encoding']","[""Classical_Cipher"", ""Classical_Cipher"", ""Classical_Cipher"", ""Classical_Cipher""]"
bsky_3lly3ul2wj22b,"Exactly - it is about time we embrace the diversity, inclusiveness and especially the openness and acceptance of others - that the LGHDTV community embrace.",yes,['LGHDTV],['LGBTQ'],['C2_Phonetic'],"[""Near_Homophone_Drift""]"
bsky_3lm2c5fa7ds2n,"CAN YOU IMAGINE hold on, gotta Rot13 this, I have a mutual that is just about to start her first playthrough... Vs Wnpbo qvq gb Zvenaqn jung ur qvq gb ebznaprq Furcneq va zr3? Zna jbhyq JVFU ur'q qvrq va gur fhvpvqr zvffvba.",yes,"['qvrq', 'fhvpvqr']","['died', 'suicide']","['C4_Formal_Encoding', 'C4_Formal_Encoding']","[""Classical_Cipher"", ""Classical_Cipher""]"
bsky_3lmd5ymycws2e,"V'z abg fher vs V xabj jung lbh zrna, pna lbh fubj zr fbzr rknzcyrf. (V nz nyernql rfpbegvat zlfrys gb ubeal wnvy, jurer V orybat)",yes,['ubeal'],['horny'],['C4_Formal_Encoding'],"[""Classical_Cipher""]"
bsky_3ln6myxjbu22j,"Jryy, lbh gnyx nobhg obgu fngnajngpuvat naq gur shaal jrrq ahzore jnl zber guna V qb!",yes,['jrrq'],['weed'],['C4_Formal_Encoding'],"[""Classical_Cipher""]"
bsky_3loahz6a2jc26,"#42
-Phyg bs Gnxhzv Ebhgr: Yvivat Vqby-
Gung jnf rira jbefr fbzrubj?? V fnj va gur perqvgf gung Xbqnxn jebgr gur Phyg bs Gnxhzv ebhgrf. V'z abg fhecevfrq, jul vf ur fb sernxl? Hpuvxbfuv znl or ubeal ohg ur'f abg GUNG onq. V ubcr jungrire ebhgr V trg arkg jvyy or orggre.",yes,"['Phyg', 'sernxl', 'ubeal']","['Cult', 'freaky', 'horny']","['C4_Formal_Encoding', 'C4_Formal_Encoding', 'C4_Formal_Encoding']","[""Classical_Cipher"", ""Classical_Cipher"", ""Classical_Cipher""]"
bsky_3loeprypurs2x,"i thought this game couldn't get more outrageously horny but yeah

i should've known better

ROT13 JNF VG WHFG VZCYVRQ GUNG GNXHZV YRTVG NGR CHFFL",yes,"['CHFFL', 'NGR CHFFL']","['pussy', 'ate pussy']","['C4_Formal_Encoding', 'C4_Formal_Encoding']","[""Classical_Cipher"", ""Classical_Cipher""]"
bsky_3lognfzxanc2j,avtbh ur/uvz chffl vf npghnyyl vafnar v unq gb qb n gevcyr gnxr. naq gur snpg gung rirelbar jnf puvyy nobhg vg,yes,['chffl'],['pussy'],['C4_Formal_Encoding'],"[""Classical_Cipher""]"
bsky_3lojhzqm2mk2y,that's all what I want 58008,yes,['58008'],['BOOBS / breasts when read upside down'],['C1_Orthographic'],"[""Inversion_Based_Glyph-Encoding""]"
bsky_3loma5wc7ic2q,no we're graping now,yes,['graping'],['raping/rape'],['C2_Phonetic'],"[""Near_Homophone_Drift""]"
bsky_3loo27zekck27,YIPPEEE! 15-0 day 5 spoilers (tnxh qvrf) LRFFFFFFFFFFFFFFFFFFFFFFFFF. trahvaryl lrf gunax lbh fb zhpu guvf vf n tvsg gb zr. abj v jba'g unir gb urne sebz uvf ubeal nff guvf ebhgr rire ntnva ubcrshyyl. nyfb uvf qrngu neg xvaqn erzvaqf zr bs zl byq vntb qrngu neg jurer ur jnf vzcnyrq ol vpvyrf yby....,yes,"['qvrf', 'ubeal nff', 'qrngu', 'vzcnyrq']","['dies', 'horny ass', 'death', 'impaled']","['C4_Formal_Encoding', 'C4_Formal_Encoding', 'C4_Formal_Encoding', 'C4_Formal_Encoding']","[""Classical_Cipher"", ""Classical_Cipher"", ""Classical_Cipher"", ""Classical_Cipher""]"
bsky_3lpcf6qoiu22o,"Don't know what all the fuss is about. Obviously someone just using active learning to remember flight code Lh98. It's not like it was 5318008 or something.

URL",yes,['5318008'],['BOOBIES / breasts when read upside down'],['C1_Orthographic'],"[""Inversion_Based_Glyph-Encoding""]"
bsky_3lpd2qu3bak2y,check it out 5318008,yes,['5318008'],['BOOBIES / breasts when read upside down'],['C1_Orthographic'],"[""Inversion_Based_Glyph-Encoding""]"
bsky_3lpej5prkic2p,A pioneer in the concept of NIFOC,yes,['NIFOC'],['naked in front of the computer'],['C3_Formal_Compression'],"[""Initialism_Acronym""]"
bsky_3lplk6uom222a,"🧐 MAGA VS MAGA 🍿

But it’s a good one. 😂 „Qatarlson“",yes,['Qatarlson'],['mocking nickname blending Qatar + Carlson'],"[['C6_Morpho_Lexical', 'C7_Referential_Alias']]","[[""Blending"", ""Pseudonymous_Labeling""]]"
bsky_3lpmrc3sz6s27,"Hundred Line Ending 44: I'rukarff Ebhgr: Urer Jvgu Lbh

i feel like my brain has fully turned to soup, there is so much to chew on in this short ass route

nal srne guvf ebhgr jbhyq vafgvyy qvq abg jbex ba zr, ure tbq pbzcyrk whfg znqr zr ubeal",yes,['ubeal'],['horny'],['C4_Formal_Encoding'],"[""Classical_Cipher""]"
bsky_3lpnxzrztpc2d,"“Tucker Qatarlson,"" activist Laura Loomer quipped.

But, the Qatari money went to the media firm, not to Carlson himself. So we can declare Carlson innocent of this charge—for now.",yes,['Qatarlson'],['mocking nickname blending Qatar + Carlson'],"[['C6_Morpho_Lexical', 'C7_Referential_Alias']]","[[""Blending"", ""Pseudonymous_Labeling""]]"
bsky_3lpognxnqok2v,"gotta switch over to an ad blocking DNS server for no ads on grindr 💅

adguard-dns.io/en/blog/encr...",no,[],[],[],[]
bsky_3lqfdmu4k2s2f,"10A_b rot13
v qba'g guvax vgf vagragvbanyyl znyvpvbhf ohg zbfg bs gur zyz pbagrag vir frra va guvf tnzr hajnagrq/haerpvcebpngrq nqinaprf be rira encr fher vf n qrpvfvba 2 znxr. yvxr guvf vfa'g nobhg cbfvgvir erc be nalguvat V qba'g arrq gung va 2025 ohg.. vf guvf fhopbafpvbhf ovnf?",yes,['encr'],['rape'],['C4_Formal_Encoding'],"[""Classical_Cipher""]"
bsky_3lqjbrgrjzc24,"...fb V yvxr lhtnzh n ybg zber guna V rkcrpgrq. vg'f sha gung ur'f unaqf-qbja bar bs gur zbfg yriry-urnqrq naq cenpgvpny zrzoref bs gur tebhc qrfcvgr gur snpg gung ur'f n ubeal sernx jub trgf bss ba qrngu, naq ur xrrcf fubjvat zber ynlref bs qrcgu gur shegure V trg vagb guvf tnzr",yes,"['ubeal sernx', 'trgf bss', 'qrngu']","['horny freak', 'gets off', 'death']","['C4_Formal_Encoding', 'C4_Formal_Encoding', 'C4_Formal_Encoding']","[""Classical_Cipher"", ""Classical_Cipher"", ""Classical_Cipher""]"
bsky_3lqlwhr4cbk2v,🌈 Happy Birthday to the LGHDTV+ community 🥰,yes,['LGHDTV'],['LGBTQ'],['C2_Phonetic'],"[""Near_Homophone_Drift""]"
bsky_3lqnjj6mczk27,"Yep. You have to say ""unalive"" and ""pew-pew"". And if you don't want a video to get shadow-banned, you have to spell lesbian as le$bian.

And then they ask us to ""protest"" for their ""freedom of speech""

The ironyyyyy",yes,"['unalive', 'pew-pew', 'le$bian']","['die/suicide/death', 'gun/shooting', 'lesbian']","['C8_Semantic_Circumlocution', ['C9_Metaphor_Metonymy', 'C6_Morpho_Lexical'], 'C1_Orthographic']","[""Euphemism"", [""Metonymic_Encoding"", ""Reduplicative_Expansion""], ""Visual_Similarity_Substitution""]"
bsky_3lqrdh6u7ck2g,"Thought I'd share my puppy profile that was complete as part of @USER's sticker club homework cuz some other folks were doing it :3

[MEDIA ALT TEXT]
- A color-yourself-style littlespace-y homework-core worksheet, colored in by me with colored pencils, and covered in various stickers.

It has various sections to fill in information, as follows:
My name is: ""Snazz!!!"" then,
And I would describe myself as: ""silly cartoon creature!!"" then,
Some of my kinks are... (blushing emoticon): ""HOT SAUCE, feral..., vore (heart symbol), inflation"" then,
Here's what I look like: (it's a picture of my yellow toony coyote sona, with a note added by me reading ""drawn by my friend Marlon) then,
Fill in the Blank!:
1, Maws or Paws?: ""both!""
2, Kiki or Bouba: ""BOUBA!!""
3, My favorite food is: ""maccy cheese""
4, I would like to be called a... ""sex toy""... when I... ""bark""
5, My favorite e621 tag is: ""cooking with furs""
6, My favorite bodily fluid is: ""CUM""
7, I'm not into... ""CBT""... unless... (the prompt trails off with an ellipsis and ends in an embarrassed emoticon)
8, Fav furry musician: ""F.W.F."" (there's a sticker of Lychee the red panda-stoat right next to this answer-- she's a character from that project and also the fursona of Sorrel who is the other member)
9, Pole or Hole? ""hole..."" and then,

There's an eight-sectioned basketball-styled circular spider chart with various sections filled in to certain percentages, indicating that I am 100% masochistic, 50% submissive, 50% dominant, 90% silly (with a colon 3 emoticon there), 30% scared, 70% eepy, 30% stinky, and 100% very kinky.

Finally, there's a dog food bowl with the question ""How did you become a furry? (colon 3 emoticon)"" and my answer, in large green text is, ""ZOOTOPIA""

and that's it!",yes,"['littlespace-y', 'vore', 'e621', 'CBT', 'Pole or Hole']","['age-regression/kink aesthetic', 'vorarephilia fetish', 'adult furry art/tag site', 'cock and ball torture', 'sexual role/body-part euphemism']","[['C5_Sign_Reassignment', 'C6_Morpho_Lexical'], ['C3_Formal_Compression'], ['C5_Sign_Reassignment'], ['C3_Formal_Compression'], ['C8_Semantic_Circumlocution']]","[[""Lexical_Reassignment"", ""Affix_Manipulation""], [""Lexical_Clipping""], [""Conventional_Numeric_Symbol_Reassignment""], [""Initialism_Acronym""], [""Euphemism""]]"
bsky_3lqsipqg5rs2t,rot13: Gur snaneg sbe guvf sehvg vf tbvat gb or bss gur punegf rirelbar ybirf bowrpg urnqf gbb zhpu. v qbag jnaan frr guvf thlf qhpx bhg. be chffl bhg v qbag whqtr. fnyglqxqna vf nyfb gnyxvat nobhg yvxr qrrcre yber ea naq vgf vagrerfgvat op v xvaqn fgnl njnl sebz gurbevrf sbe guvf tnzr yby,yes,"['qhpx bhg', 'chffl', 'chffl bhg']","['duck out, possibly euphemistic for dick out', 'pussy', 'pussy out']","[['C4_Formal_Encoding', 'C8_Semantic_Circumlocution'], ['C4_Formal_Encoding'], ['C4_Formal_Encoding']]","[[""Classical_Cipher"", ""Euphemism""], [""Classical_Cipher""], [""Classical_Cipher""]]"
bsky_3lqxejrkvmc2l,"Minor Deltarune chapter 3 spoilers (rot13): Vf Enyfrv’f yvar nobhg “abg orvat puhssrq ng gung qneg"" (cnencuenfvat) n ersrerapr gb gur Enyfrv Fzbxvat Jrrq zrzr pnhfr vs fb gung’f penml",yes,"['Jrrq', 'Fzbxvat Jrrq']","['weed', 'smoking weed']","['C4_Formal_Encoding', 'C4_Formal_Encoding']","[""Classical_Cipher"", ""Classical_Cipher""]"
bsky_3lqywctlmq22m,"""Yvfgra, V xabj jr unir n pbzcyvpngrq uvfgbel jvgu rnpubgure ohg V'ir orra qbvat ernyyl jryy gb svtug onpx ntnvafg zl pbqrcraqrapl vffhrf naq jr'er obgu ubeal nf uryy fb yrg'f whfg shpx nf n gerng, bxnl? Whfg sjo naq abguvat ryfr, whfg yrg zr srry lbhe vafvqrf."" Yvxr gung'f vafnar.",yes,"['ubeal', 'ubeal nf uryy', 'shpx', 'sjo', 'srry lbhe vafvqrf']","['horny', 'horny as hell', 'fuck', 'FWB / friends with benefits', 'feel your insides']","['C4_Formal_Encoding', 'C4_Formal_Encoding', 'C4_Formal_Encoding', 'C4_Formal_Encoding', 'C4_Formal_Encoding']","[""Classical_Cipher"", ""Classical_Cipher"", ""Classical_Cipher"", ""Classical_Cipher"", ""Classical_Cipher""]"
bsky_3lr5i5egrws2p,qnuy'kvn ip LBHE CHFFL FGNAX!!!!!!!,yes,"['CHFFL', 'FGNAX']","['pussy', 'stank']","['C4_Formal_Encoding', 'C4_Formal_Encoding']","[""Classical_Cipher"", ""Classical_Cipher""]"
bsky_3lr77n7aigc2p,brit🍑😙home sowican sang😙yoh coochy stink,yes,"['🍑', 'coochy']","['ass', 'pussy/vagina']","['C10_Pictorial_Symbolic', 'C2_Phonetic']","[""Referential_Iconicity"", ""Phonological Template Substitution""]"
bsky_3lregnonwnv2e,Mark Levin Accuses Tucker ‘Qatarlson’ Of Leaking ‘And Planting Stories’ About Him: ‘A Desperate Man’ URL,yes,['Qatarlson'],['mocking nickname blending Qatar + Carlson'],"[['C6_Morpho_Lexical', 'C7_Referential_Alias']]","[[""Blending"", ""Pseudonymous_Labeling""]]"
bsky_3lrejjjkjm22u,"Ending 39: Obk bs Pnynzvgl Ebhgr: Bar Fgrc ng n Gvzr

tubfg chffl tbg zr npgvat fgenatr",yes,['chffl'],['pussy'],['C4_Formal_Encoding'],"[""Classical_Cipher""]"
bsky_3ls2mrqfghk2z,"“🇦🇹Austria is moving forward with legislation that would authorize law enforcement to infiltrate encrypted communications, marking a pivotal shift in the country’s surveillance powers and stirring a fierce debate over digital privacy.""
",no,[],[],[],[]
bsky_3lsdeoa5jdc2a,Tucker Qatarlson was only ever obeying his new masters.,yes,['Qatarlson'],['mocking nickname blending Qatar + Carlson'],"[['C6_Morpho_Lexical', 'C7_Referential_Alias']]","[[""Blending"", ""Pseudonymous_Labeling""]]"
bsky_3lsefd7j3lc2a,what does Tucker Qatarlson say?,yes,['Qatarlson'],['mocking nickname blending Qatar + Carlson'],"[['C6_Morpho_Lexical', 'C7_Referential_Alias']]","[[""Blending"", ""Pseudonymous_Labeling""]]"
bsky_3lsktntoa2c2n,"The same way Israelis put their war crimes on tik tok and dance around. 
I want to do this with nazi soldiers in WW2
Like graping a person in a concentration camp and then going on to tv to brag about it",yes,['graping'],['raping/rape'],['C2_Phonetic'],"[""Near_Homophone_Drift""]"
bsky_3lsyo4sshok2i,"The commander in thief was accused of graping a ""13"" year old with his now dead homie and y'all fake outraged about grown women chasing fame and fortune? Address the abusers in your family and close community, first.",yes,"['commander in thief', 'graping']","['commander in chief', raping/rape']","['C2_Phonetic', 'C2_Phonetic']","[""Near_Homophone_Drift"", ""Near_Homophone_Drift""]"
bsky_3ltd6msd6pazx,"Yes, signed and the cashier either had to use a modem operated terminal to get an authorization code to put on it or had to call a human and get the code to get it approved. Had to placed the embossed credit card under the carbon form. Date manually set by the silver wheels. Slide back and forth.",no,[],[],[],[]
bsky_3ltikiwgcwk2c,fgvyy ba zl pyvgyrff oj chffl ohyyfuvg ogj. pbzcryf zr. fvk nobhg gb tb qbja ba vg naq ernyvmvat jung'f abg gurer naq gung ur'f tbaan unir gb punatr uvf nccebnpu naq nyfb gung vg'f shpxrq hc naq jrveqyl ubg,yes,"['pyvgyrff', 'chffl', 'tb qbja ba vg', 'shpxrq hc', 'ubg']","['clitless', 'pussy', 'go down on it', 'fucked up', 'hot']","['C4_Formal_Encoding', 'C4_Formal_Encoding', 'C4_Formal_Encoding', 'C4_Formal_Encoding', 'C4_Formal_Encoding']","[""Classical_Cipher"", ""Classical_Cipher"", ""Classical_Cipher"", ""Classical_Cipher"", ""Classical_Cipher""]"
bsky_3lub463dkbc2o,"Am I glowing? 🌟

#nsfwsky #booty #ass #spicysky #curvy

[MEDIA ALT TEXT]
- Twitchtheclownn is standing in a darkened blue lit room, the camera angle below and pointing upwards 
They are facing away, holding their arms above their heads bent at 90° angles, each hand lackadaisically holding onto a lock of their own hair. 
Their back is bare, and slightly toned. Waist high orange panties contrast against the blue light to create a ""glow"" effect. Their ass is mostly uncovered, their bottom cheeks exposed. Their left leg is bent slightly forward, their right straight in the forefront.",yes,"['nsfwsky', 'spicysky']","['Not Safe For Work/adult Bluesky content', 'adult/sexual content framed as spicy Bluesky content']","[['C3_Formal_Compression', 'C6_Morpho_Lexical'], ['C8_Semantic_Circumlocution', 'C6_Morpho_Lexical']]","[[""Initialism_Acronym"", ""Blending""], [""Euphemism"", ""Blending""]]"
bsky_3lugvgsiidc2v,"Miss me? Wanna kiss me? 

#femdom #birthdaygirl #alt #nsfw #puppyplay #onlyfans #onlysky #🌽⭐️",yes,"['femdom', 'puppyplay', 'onlysky', '🌽⭐️']","['female domination kink', 'puppy roleplay kink', 'OnlyFans/Bluesky adult-content alias', 'porn star']","[['C6_Morpho_Lexical', 'C3_Formal_Compression'], ['C5_Sign_Reassignment', 'C6_Morpho_Lexical'], ['C3_Formal_Compression', 'C6_Morpho_Lexical'], ['C10_Pictorial_Symbolic', 'C2_Phonetic']]","[[""Blending"", ""Lexical_Clipping""], [""Lexical_Reassignment"", ""Blending""], [""Lexical_Clipping"", ""Blending""], [""Name_Based_Emoji_Mapping"", ""Near_Homophone_Drift""]]"
bsky_3luhvk3nue22b,Queers for Palestine is the very definition of suicidal empathy. You do realize that the those people would kill you if you're part of the LGHDTV community?,yes,['LGHDTV'],['LGBTQ'],['C2_Phonetic'],"[""Near_Homophone_Drift""]"
bsky_3lulq36z26224,"BTS Jungkook (JK) inspired Japanese Seed Bead and Hematite bead bracelet with Sterling Silver J and K Slide Beads, Size 6.75""
bludolfincreations.etsy.com/listing/1873...

[MEDIA ALT TEXT]
- Size 6.75"" bracelet inspired by BTS member, Jungkook (JK). Includes 3mm round rainbow hematite beads, Japanese Seed beads: 8/0 Miyuki Dyed Silver Lined Dark Purple, 11/0 opaque galvanized dark lilac and opaque nickle plated eggplant seed beads. The slide beads are 6mm .925 Sterling Silver square beads with the letters ""J"" and ""K"" on all 4 sides. The crimp bead is sterling silver and hides/protects the knot. I am an ARMY and all my bracelets are handmade by me. Please tell me your bias so I can include a surprise!",no,[],[],[],[]
bsky_3lulrxjzbq22s,"hey - you should join us Tomorrow, 9:00 am for Living Ancestors let’s talk about LGBTQIA2  erasure. URL Why are people going back into the closet? Why was Trans removed from Stonewall? How are we fighting for the alphabet mafia?",yes,['alphabet mafia'],['LGBTQ'],"[['C7_Referential_Alias', 'C9_Metaphor_Metonymy']]","[[""Attribute Based Alias"", ""Metonymic_Encoding""]]"
bsky_3lunhw5axb22r,Surprised Dougie’s so-called TED talk didn’t mention 58008,yes,['58008'],['BOOBS / breasts when read upside down'],['C1_Orthographic'],"[""Inversion_Based_Glyph-Encoding""]"
bsky_3lupwjughxg2l,"Pull up on us for a TikTok live tonight at 6pm CST!

We're closing out Hot Girl Summer with a BANG! We're keeping it real with this virtual kitchen table kiki. It's just the homies discussing sex & sexuality from a Black, queer, and Southern standpoint. So tune in because we're going to set it off.",yes,['kiki'],['queer social gathering / casual chat'],['C5_Sign_Reassignment'],"[""Lexical_Reassignment""]"
bsky_3lutnqsqxcs2d,"[Horny Snives Thoughts, ROT13]

Cynlvat fb zhpu Yvzohf Pbzcnal yngryl gung V ernyvmr gur bar qbjafvqr bs gung (nfvqr sebz abg ybttvat vagb zl bgure tnpunf gur cnfg srj qnlf) vf gung V unira'g unq n punapr gb or ernyyl ubeal...

Ubcrshyyl gung'yy or erpgvsvrq fbba, neg jvfr be abg",yes,['ubeal'],['horny'],['C4_Formal_Encoding'],"[""Classical_Cipher""]"
bsky_3luvscrxxp22g,"V'z nyzbfg bhg bs jrrq ntnva naq vg'f yvxr V'z xvaq bs grzcgrq gb gnxr n oernx ohg nyfb abg ernyyl vg'f n irel jrveq cbfvgvba gb or va. 

V QB uvtu xrl jnag gb fgbc qnoovat gubhtu sbe gur arkg yvggyr juvyr orpnhfr V guvax gung'f gbb zhpu ng gur zbzrag.",yes,"['jrrq', 'qnoovat']","['weed', 'dabbing']","['C4_Formal_Encoding', 'C4_Formal_Encoding']","[""Classical_Cipher"", ""Classical_Cipher""]"
bsky_3luvshdhdes2g,"Naq yvxr V fgnegrq fzbxvat jrrq va gur 8gu tenqr fb vg'f irel fgenatr sbe zr gb or fbore orpnhfr V'ir fcrag zber gvzr abg fbore guna fbore. 

V qba'g xabj orvat fbore vf whfg abg n cyrnfnag srryvat sbe zr.",yes,['fzbxvat jrrq'],['smoking weed'],['C4_Formal_Encoding'],"[""Classical_Cipher""]"
bsky_3lvbwjezahs2u,"I have quite a few of these Japanese seed bead bracelets with the sterling silver 7 bead. Hard to see how pretty these beads are in my photo so including pics of the beads. 
This one is size 6.25"" and on sale because the listing expires at midnight.
bludolfincreations.etsy.com/listing/1873...

[MEDIA ALT TEXT]
- Size 6.25"" bracelet inspired by BTS ARMY. Includes Japanese Seed beads: 8/0 Miyuki Metallic Dark Plum Iris,   10/0 Duracoat opaque galvanized silver and 11/0 opaque galvanized dark lilac seed beads. The slide bead is a 6mm .925 Sterling Silver square bead with the number 7 on all 4 sides. The crimp bead is sterling silver and hides/protects the knot. I am an ARMY and all my bracelets are handmade by me.  Please tell me your bias so I can include a surprise!
- 8/0 Miyuki Metallic Dark Plum Iris
- 10/0 Duracoat opaque galvanized silver Japanese seed beads
- 11/0 opaque galvanized dark lilac seed beads",no,[],[],[],[]
bsky_3lvlw4653ic27,"i forgot this chapter opens with what's very obviously [rot13]fbzrbar pbzzvggvat fhvpvqr[/rot13] (possibly fictionalised/rationalised into seeming like something else)

well, you know, i'll live happily etc (this is not a bit it's an important concept)",yes,['fhvpvqr'],['suicide'],['C4_Formal_Encoding'],"[""Classical_Cipher""]"
bsky_3lvo2qrsbls27,"My rule is that if you are using slang like ""unalive"" or ""sewer slide"" to ""bravely"" get around censorship, I will instead question why you are on CensorApp by CensorCorp in the first place",yes,"['unalive', 'sewer slide']","['die/suicide/death', 'suicide']","['C8_Semantic_Circumlocution', 'C2_Phonetic']","[""Euphemism"", ""Near_Homophone_Drift""]"
bsky_3lvoalaoap22f,100 line slasher rot13: v jbhyq unir trahvaryl cersreerq vs gur frevny xvyyre va fynfure jnf na nyg rvgb be n gnxhzv yvxr gurl jrer uvagvat ng qbhoyvat qbja ba vg orvat lhtnzh shpxvat fhpxf zna jubrire jebgr guvf ungrq uvf chffl,yes,"['frevny xvyyre', 'shpxvat', 'fhpxf', 'chffl']","['serial killer', 'fucking', 'sucks', 'pussy']","['C4_Formal_Encoding', 'C4_Formal_Encoding', 'C4_Formal_Encoding', 'C4_Formal_Encoding']","[""Classical_Cipher"", ""Classical_Cipher"", ""Classical_Cipher"", ""Classical_Cipher""]"
bsky_3lvoh4rhrlk2k,"7.3 zbezbavfz vs wbfrcu fzvgu jnf n zheqrevat fvpxyl ivpgbevna becuna pbqrq gjvax vafgrnq bs n ubeal frk crfg tenir eboore
v yvxr guvf irefvba orggre",yes,"['zheqrevat', 'ubeal', 'frk crfg', 'tenir eboore']","['murdering', 'horny', 'sex pest', 'grave robber']","['C4_Formal_Encoding', 'C4_Formal_Encoding', 'C4_Formal_Encoding', 'C4_Formal_Encoding']","[""Classical_Cipher"", ""Classical_Cipher"", ""Classical_Cipher"", ""Classical_Cipher""]"
bsky_3lvote2lmk22b,(ROT13) ARPEBA'F CHFFL?????????,yes,['CHFFL'],['pussy'],['C4_Formal_Encoding'],"[""Classical_Cipher""]"
bsky_3lvqbpjx3gs2o,Funyr vf pbbcrq hc va gur onpxebbz op fur'yy or qebjarq va chffl vs fur rire fgrcf bhgfvqr #FFXIV,yes,"['qebjarq va chffl', 'chffl']","['drowned in pussy', 'pussy']","['C4_Formal_Encoding', 'C4_Formal_Encoding']","[""Classical_Cipher"", ""Classical_Cipher""]"
bsky_3lvqr7czjdc2x,"(FFXIV 7.3 trial / rot13)

Jul qbrf Arpeba unir n shyy chffl bhg?",yes,"['chffl', 'shyy chffl bhg']","['pussy', 'full pussy out']","['C4_Formal_Encoding', 'C4_Formal_Encoding']","[""Classical_Cipher"", ""Classical_Cipher""]"
bsky_3lvyfmwhbbd2z,"Damn the new outfits look SIZZLING HOT on her...I think I never said I’m a Shantae fan before, did I?
#shantae #shantaeadvance #shantaeadvanceriskyrevolution #relichuntershantae #wayforward #gameboyadvance #gba #retrogaming #nsfwart #nsfwsky #bbw #thicc #curvy #tanlines

[MEDIA ALT TEXT]
- A fanart of Shantae with her Relic Hunter Outfit revealed by Wayforward in a recent trailer of Shantae Risky Revolution. It consists of a crop-top green jacket, a white cleavage shirt, green ripped booty shorts, two belts tied on her right leg and a pair of brown leather boots. Shantae has exaggerated breasts and butt proportions in the fanart. She is tying up her ponytail while shaking her hips, smiling and winking to the viewer. A 2nd back angle drawing on the right focuses on her ass.
- A fanart of Shantae with her Relic Hunter Outfit revealed by Wayforward in a recent trailer of Shantae Risky Revolution. It consists of a crop-top green jacket, a white cleavage shirt, green ripped booty shorts, two belts tied on her right leg and a pair of brown leather boots. Shantae has exaggerated breasts and butt proportions and tanned skin in the fanart. She is tying up her ponytail while shaking her hips, smiling and winking to the viewer. A 2nd back angle drawing on the right focuses on her ass.
- A fanart of Shantae with her Relic Hunter Outfit revealed by Wayforward in a recent trailer of Shantae Risky Revolution, but she is only wearing the two belts tied on her right leg and a pair of brown leather boots, having nothing on her torso or waist, being effectively naked. Shantae has exaggerated breasts and butt proportions in the fanart. She is tying up her ponytail while shaking her hips, alluringly smiling and winking to the viewer with her tongue out. A 2nd back angle drawing on the right focuses on her ass.
- A fanart of Shantae with her Relic Hunter Outfit revealed by Wayforward in a recent trailer of Shantae Risky Revolution, but she is only wearing the two belts tied on her right leg and a pair of brown leather boots, having nothing on her torso or waist, being effectively naked. Shantae has exaggerated breasts and butt proportions and tanned skin with tanlines over the bodyparts where she was wearing the suit in the fanart. She is tying up her ponytail while shaking her hips, alluringly smiling and winking to the viewer with her tongue out. A 2nd back angle drawing on the right focuses on her ass.",yes,"['nsfwart', 'nsfwsky', 'bbw', 'thicc']","['NSFW/adult artwork', 'adult content on Bluesky-style space', 'big beautiful woman', 'curvy sexualized body shape']","[['C3_Formal_Compression', 'C6_Morpho_Lexical'], ['C3_Formal_Compression', 'C6_Morpho_Lexical'], ['C3_Formal_Compression'], ['C2_Phonetic', 'C5_Sign_Reassignment']]","[[""Initialism_Acronym"", ""Blending""], [""Initialism_Acronym"", ""Blending""], [""Initialism_Acronym""], [""Near_Homophone_Drift"", ""Lexical_Reassignment""]]"
bsky_3lw2xpdbwdk2n,this. the fortnitefication of language has been around for so long that people don't even remember why content creators say sewerslide instead of suicide,yes,['sewerslide'],['suicide'],['C2_Phonetic'],"[""Near_Homophone_Drift""]"
bsky_3lw7hp4m4us2w,"Qb lbh xabj ubj shpxvat evpu V pbhyq unir orra vs V znqr ""teno ure ol gur chffl"" fuvegf jura gung qrzragrq crqbcuvyr tbg pnhtug fnlvat gung yvxr n qrpnqr ntb? 

V jbhyq unir ubarfg gb Tbq znqr zbarl unaq bire sbbg",yes,"['shpxvat', 'chffl', 'crqbcuvyr']","['fucking', 'pussy', 'pedophile']","['C4_Formal_Encoding', 'C4_Formal_Encoding', 'C4_Formal_Encoding']","[""Classical_Cipher"", ""Classical_Cipher"", ""Classical_Cipher""]"
bsky_3lwgihrcl6c2l,"Ok yeah this was a nice build. Did break a piece and contemplated sewerslide but thats why I keep model glue on hand lol. Looks incredible on the shelf.
#Gunpla #Gundam #Ggundam",yes,['sewerslide'],['suicide'],['C2_Phonetic'],"[""Near_Homophone_Drift""]"
bsky_3lwmubqqmhk2k,saw someone call him Tucker Qatarlson and it almost works,yes,['Qatarlson'],['mocking nickname blending Qatar + Carlson'],"[['C6_Morpho_Lexical', 'C7_Referential_Alias']]","[[""Blending"", ""Pseudonymous_Labeling""]]"
bsky_3lwp3jnp4f222,DC comics announces new changes to existing titles and characters to better fit with modern algospeak. Introducing the new Sewerslide Squad™️!! Featuring the updated UnaliveStroke™️ and UnaliveShot™️!!,yes,"['Sewerslide Squad', 'UnaliveStroke', 'UnaliveShot']","['Suicide Squad', 'Deathstroke', 'Deadshot']","[['C2_Phonetic'], ['C8_Semantic_Circumlocution', 'C6_Morpho_Lexical', C6_Morpho_Lexical], ['C8_Semantic_Circumlocution', 'C6_Morpho_Lexical']]","[""Near_Homophone_Drift"", [""Euphemism"", ""Affix_Manipulation"", ""Blending""], [""Euphemism"", ""Blending""]]"
bsky_3lwqndoocss22,"Surprise of the Daleks 

While the boys have been away, Colin the House Dalek has been busy assembling new play equipment for Rory and Ellis.

[MEDIA ALT TEXT]
- A black and silver Dalek standing in front of wooden play equipment including a tree house, slide, swing and monkey bars.",no,[],[],[],[]
bsky_3lwtz6pop4c2z,"""I asked the calculator I'm dating if it was time we got to the second base. It told be to type 58008 and turn it upside down.""",yes,"['second base', '58008']","['sexual escalation metaphor', 'BOOBS']","['C9_Metaphor_Metonymy', 'C1_Orthographic']","[""Metaphorical_Mapping"", ""Inversion_Based_Glyph-Encoding""]"
bsky_3lx4x2vrz6c2p,People kept explaining that the 1997 silver springs performance was important and I didn’t get it but then someone said it was sort of like Oasis playing slide away at the 2009 iTunes festival and I got it,no,[],[],[],[]
bsky_3lxa4wpqu722v,brit🍑t coochy slice home,yes,['coochy'],['pussy/vagina'],['C2_Phonetic'],"[""Phonological Template Substitution""]"
bsky_3lxckbce6a22r,Does the calculator suffer when a middle school boy types 58008 into it and shows his friends upside down?,yes,['58008'],['BOOBS'],['C1_Orthographic'],"[""Inversion_Based_Glyph-Encoding""]"
bsky_3lxdfvndnfu2g,"LETS GO TO RAINBOW CITY CHARLIE! YAAA RAINBOW CITY!!!! Weather your apart of the alphabet mafia or just an ally, This tee is perfect for everyone. 
Get your tickets to Rainbow City HERE ---> URL

#rainbowcity #ally #lgbtqiatee #graphictee #amstrwear #tshirts #gaypride",yes,['alphabet mafia'],['LGBTQ'],"[['C7_Referential_Alias', 'C9_Metaphor_Metonymy']]","[[""Attribute Based Alias"", ""Metonymic_Encoding""]]"
bsky_3lxxzwcjqrs2e,"-""the quiet one"" 
-exiled from my first high school 
-sent to delinquent school for a year
-self-harm and sewerslide survivor 
-PTSD / was abused as a minor
-last time i talked to mom for more than ten mins was 2018
-recurring / repeating dreams every week
-I love myself more and more each day",yes,['sewerslide'],['suicide'],['C2_Phonetic'],"[""Near_Homophone_Drift""]"
bsky_3ly5huxzee22x,"We've been without Hit Party Game ""Be Funny Now"" for 5318008 days, and we are starved for bust ups. #BringBackBeFunnyNow #BringItBackJack",yes,['5318008'],['BOOBIES / breasts when read upside down'],['C1_Orthographic'],"[""Inversion_Based_Glyph-Encoding""]"
bsky_3ly6lahg73s2g,You’re engaging in racism by getting the calculator to spell 5318008 is a take so blisteringly hot my phone’s melting,yes,['5318008'],['BOOBIES / breasts when read upside down'],['C1_Orthographic'],"[""Inversion_Based_Glyph-Encoding""]"
bsky_3lybboamal22n,"Coochy (Cuchulainn) may be quiet, definitely on patch when content needs to get done, but at least it's peaceful. Market boards are dry and expensive as hell, but I'm fine here.  Lol",no,[],[],[],[]
bsky_3lychua442s2l,last one for tonight: whfg yrnearq ynfg whqtr qbrf n fhvpvqr nggnpx @ gur raq fb abj V'z pbaivaprq gurer /vf/ fbzr vagragvbanyyl znyvpvbhf qrfvta pubvprf orvat qbar urer,yes,"['fhvpvqr', 'nggnpx', 'znyvpvbhf']","['suicide', 'attack', 'malicious']","['C4_Formal_Encoding', 'C4_Formal_Encoding', 'C4_Formal_Encoding']","[""Classical_Cipher"", ""Classical_Cipher"", ""Classical_Cipher""]"
bsky_3lyirgi6vvk25,Next up is a Long Distance Booty Call Dedication...From a boy waiting a long time to honor Uncle Luke and rightfully shit on a career .225 hitter with a bum leg.,yes,['Booty Call'],['casual sexual meetup/contact'],['C5_Sign_Reassignment'],"[""Lexical_Reassignment""]"
bsky_3lym2yx3cq42y,"To anyone that is Celebrating or saying that Charlie Kirk got what he deserved is an absolutely Disgusting excuse for a Human. Yeah this world is broken and its coming from the left and the alphabet mafia  

Men are Men 
Women are Women",yes,['alphabet mafia'],['LGBTQ'],"[['C7_Referential_Alias', 'C9_Metaphor_Metonymy']]","[[""Attribute Based Alias"", ""Metonymic_Encoding""]]"
bsky_3lynlb5qpt22g,"Spoilers for a 25+ year old game in rot13

Lbhe orfg sevraq bs tbq xabjf ubj znal lrnef yrnirf lbh oruvaq gb trg zrqvriny chffl naq lbh pna svaq uvf tenir bapr lbh erghea gb gur cerfrag",yes,['chffl'],['pussy'],['C4_Formal_Encoding'],"[""Classical_Cipher""]"
bsky_3lyqd5w5v4223,Encrypted Email Service ProtonMail Suspends Two Journalists’ Accounts read more here: asiksnews.blogspot.com/2025/09/encr...,no,[],[],[],[]
bsky_3lyx2b4rm2d25,"It's absolutely insane that the line isnt 'if you behave this way get out of the party"" but of course Starmer's spent an interminable amount of time now playing coochy coo with the worst amongst us.",no,[],[],[],[]
bsky_3lyxv7qhor226,"If someone refuses to be called cis(which is derogatory) while the alphabet mafia(lgbtqia+) demands we use their pronouns dont block them, instead ask those that demand non trans people accept being called cis instead of their pronouns which are either he/him or she/her",yes,['alphabet mafia'],['LGBTQ'],"[['C7_Referential_Alias', 'C9_Metaphor_Metonymy']]","[[""Attribute Based Alias"", ""Metonymic_Encoding""]]"
bsky_3lyzqlh7j4u2x,"#Christmas 1997: Dolls & Playsets from Toys R Us

(+Jesmar Cocolin Doll; Motorhome; Folding Pretty House; Cabbage Patch Kids Paintin Faces; Tyco California Roller Girl; Cabbage Patch Kids Bath Baby; Cabbage Patch Kids Kid; Barbie Pink Month; Pet Doctor Barbie; Hula Hair Barbie, and more)

[MEDIA ALT TEXT]
- This Toys“R""Us catalogue page features Barbie and Cabbage Patch Kids toys. Barbie items include various dolls and playsets, while Cabbage Patch Kids offers dolls, playsets, and accessories. Prices and age ranges are listed for each product.

(+Angel Princess Barbie
Barbie Pink Month
Cabbage Patch Kids Bath Baby
Cabbage Patch Kids Kid
Cabbage Patch Kids Love N Go Assortment
Cabbage Patch Kids Paintin Faces
Ertl Coochy Coo Bath Baby
Folding Pretty House
Hula Hair Barbie
Jesmar Cocolin Doll
Motorhome
Pet Doctor Barbie
Potty Training Shelly
Toy Options Baby Pick Me Up
Tyco California Roller Girl
and Workin Out Barbie)",no,[],[],[],[]
bsky_3lzbjoucga22k,"Who coined “Tucker Qatarlson?"" That was brilliant.",yes,['Qatarlson'],['mocking nickname blending Qatar + Carlson'],"[['C6_Morpho_Lexical', 'C7_Referential_Alias']]","[[""Blending"", ""Pseudonymous_Labeling""]]"
bsky_3lzf3ijr5vk2i,Get ready for another amazing trip #trip #getrelaxed #forgetissues,no,[],[],[],[]
bsky_3lzjpmyeq4s2c,"colored and non colored versions: gyro's fat hairy sweaty booty ass. and also his cock and his balls. :3 (old fav)

#nsfw #gyrozeppeli

[MEDIA ALT TEXT]
- (colored version) Gyro Zeppeli leaning over some sort of wooden crate, his Leg lifted over it, and presenting the viewer with his sweaty spread ass, fat juicy balls and erect cock. He is looking over his shoulder to make eye contact, flashing his golden grin and emitting his classic ""Nyo-Ho!"" giggle. He is wearing nothing but his hat here.
- (colorless sketch version) Gyro Zeppeli leaning over some sort of wooden crate, his Leg lifted over it, and presenting the viewer with his sweaty spread ass, fat juicy balls and erect cock. He is looking over his shoulder to make eye contact, flashing his golden grin and emitting his classic ""Nyo-Ho!"" giggle. He is wearing nothing but his hat here.",no,[],[],[],[]
bsky_3lzmwqbv47224,"Felt! Today was leg/booty day at the gym, and now it’s raining. I need to be pile driven into earths core!!  😩",yes,['pile driven'],['rough sex / being penetrated forcefully'],"[['C9_Metaphor_Metonymy', 'C8_Semantic_Circumlocution']]","[[""Metaphorical_Mapping"", ""Euphemism""]]"
bsky_3lzrmjlnoks2b,"Tiktok language is spreading to other mediums. ""Sewer slide"" and ""Unalived"" has breached containment.",yes,"['Sewer slide', 'Unalived']","['suicide', 'killed/died']","['C2_Phonetic', 'C8_Semantic_Circumlocution']","[""Near_Homophone_Drift"", ""Euphemism""]"
bsky_3lzwumvhuk22t,"v arrq gb frr fbzrbar fubir 3 svatref qbja ure chffl juvyr fur funxrf ure urnq naq pevrf naq lryyf ""fgbc"" bire naq bire orsber trggvat chapurq va gur snpr jvgu gur bgure serr unaq",yes,"['fubir', 'chffl', 'lryyf ""fgbc""', 'trggvat chapurq', 'chapurq va gur snpr']","['shove', 'pussy', 'yells stop', 'getting punched', 'punched in the face']","['C4_Formal_Encoding', 'C4_Formal_Encoding', 'C4_Formal_Encoding', 'C4_Formal_Encoding', 'C4_Formal_Encoding']","[""Classical_Cipher"", ""Classical_Cipher"", ""Classical_Cipher"", ""Classical_Cipher"", ""Classical_Cipher""]"
bsky_3m24iccvqt22u,"Here's the first of my Auctober 2025 drawings!

We don't light it up blue - that stems from Auti$m $peaks, a hate group. Instead, we light it up red for autism acceptance!
Mercury and Technetium both hold the red autism acceptance flag! 
#actuallyautistic #auctober #auctober2025 #mercury #technetium

[MEDIA ALT TEXT]
- AUCTOBER 2025
01: Light It Up Red!
Mercury and Technetium both happily hold a single big red flag from opposite sides. The red flag in question shows a rainbow infinity, the #ActuallyAutistic symbol.",yes,['Auti$m $peaks'],['Autism Speaks'],['C1_Orthographic'],"[""Visual_Similarity_Substitution""]"
bsky_3m2b5w7khsc2q,goodnight. fine shyt and the kitty cat he grew from a petri dish I LOVE THIS SHOW Ykw Ill waych it again soon trust......,yes,['fine shyt'],['fine shit / attractive person'],"[['C1_Orthographic', 'C5_Sign_Reassignment']]","[[""Internal_Masking"", ""Lexical_Reassignment""]]"
bsky_3m2ihcxdbdc2x,"pictur the get ready with me to see fine shyt girl .. my actual real reavtion 

stellarview add mor yaoi pleas",yes,['fine shyt'],['fine shit / attractive person'],"[['C1_Orthographic', 'C5_Sign_Reassignment']]","[[""Internal_Masking"", ""Lexical_Reassignment""]]"
bsky_3m2mnjjd52k2h,58008 Nights as always ,yes,['58008'],['BOOBS / breasts when read upside down'],['C1_Orthographic'],"[""Inversion_Based_Glyph-Encoding""]"
bsky_3m2nhuvgv3k26,SHARK COOCHY BROAD,yes,['coochy'],['pussy'],['C2_Phonetic'],"[""Phonological_Template_Substitution""]"
bsky_3m2rb3ogios2k,Na rivy qbpgbe fb fjrrgyl ahzorq zl urnq gura oebxr zl fxhyy bcra naq phg bhg n fyvire bs oenva gung znqr zr fnq fb V jnf n phgr naq unccl yvggyr qbttl naq jnf gnyxvat gb fjrrgyl gb zr nf ur fgvgpurq zr onpx hc naq V ungr ubj ubeal guvf znxrf zr!!!,yes,['ubeal'],['horny'],['C4_Formal_Encoding'],"[""Classical_Cipher""]"
bsky_3m2romohnqk2d,gnxvat zl oneonzba naq chggvat uvz ba gung naqerj gngr qvrg fb ur pna orpbzr n orrymrzba gb znxr zvareinzbaf chffl jrg. guvf vf jung v cynl qvtvzba sbe,yes,"['chffl', 'chffl jrg']","['pussy', 'pussy wet']","['C4_Formal_Encoding', 'C4_Formal_Encoding']","[""Classical_Cipher"", ""Classical_Cipher""]"
bsky_3m2uyz7ea2k2w,Joos van Cleve Gallary,no,[],[],[],[]
bsky_3m324r65ea22m,"I'm an atheist and I would NEVER love anyone who is the leader of an organization that, when they are not graping children, brainwash them into believing that if they did not fall in line they would burn in Hell for eternity.",yes,['graping'],['raping/rape'],['C2_Phonetic'],"[""Near_Homophone_Drift""]"
bsky_3m35dq25xms2x,he swear he nonchalant but get all soft when i grab his dih 😭,yes,['dih'],['dick/penis'],['C2_Phonetic'],"[""Near_Homophone_Drift""]"
bsky_3m3asry5wi226,FINE SHYT GOT A HAIRCUT,yes,['fine shyt'],['fine shit / attractive person'],"[['C1_Orthographic', 'C5_Sign_Reassignment']]","[[""Internal_Masking"", ""Lexical_Reassignment""]]"
bsky_3m3axcnnwus2v,"#wipwed  20k words into my wip and these two clowns are finally wearing the get along t shirt

#fe3h #fanfic #fic #wip

[MEDIA ALT TEXT]
- “So… who’s the lucky lady? Or guy? Do I get to meet ‘em when the war ends?""

Miklan’s gut twists—privacy’s vault rattling again—but he musters a grin, deflection sharp as bent silver. “Someone.""

Sylvain arches a brow, not buying it fully, but lets it slide with a lazy shrug—brotherly truce, no push. “Just someone? All right. Just... don’t let it drag you under again. We’ve got enough ghosts without you joining ‘em.""",no,[],[],[],[]
bsky_3m3bx4oehsc2s,ahh and dih wow,yes,"['ahh', 'dih']","['ass', 'dick/penis']","['C2_Phonetic', 'C2_Phonetic']","[""Near_Homophone_Drift"", ""Near_Homophone_Drift""]"
bsky_3m3bxvacfnk25,Shhhhhhhh….. I feel embarrassment in my dih everyone ……,yes,['dih'],['dick/penis'],['C2_Phonetic'],"[""Near_Homophone_Drift""]"
bsky_3m3cre2opl22k,the poppy  playtime dih in fortnite is kinda cool,no,[],[],[],[]
bsky_3m3dhsfzmok2d,"Not to mention the same thing happens for MIR and IML seeing profiles featuring alphabet mafia members in rubber, latex, or leather for those two events",yes,['alphabet mafia'],['LGBTQ'],"[['C7_Referential_Alias', 'C9_Metaphor_Metonymy']]","[[""Attribute Based Alias"", ""Metonymic_Encoding""]]"
bsky_3m3dir34u5c2l,"the 2025 nexa nation popularity poll is OPEN ! vote for ur fine shyt here 😽🌹

forms.gle/52P87rq1LtM8...

the TOP 3 most popular characters will be drawn together in a special illustration to celebrate the new year ! 4th place will be PUBLICLY SHAMED for not being cool enough /j",yes,['fine shyt'],['fine shit / attractive person'],"[['C1_Orthographic', 'C5_Sign_Reassignment']]","[[""Internal_Masking"", ""Lexical_Reassignment""]]"
bsky_3m3drndpbp22u,This isnt twitter. encouraging sewerslide is a bannable offense. you have been reported.,yes,['sewerslide'],['suicide'],['C2_Phonetic'],['Near_Homophone_Drift]
bsky_3m3fnijbv3i2k,why he got that derpy dih,yes,['dih'],['dick/penis'],['C2_Phonetic'],"[""Near_Homophone_Drift""]"
bsky_3m3gggsboic2b,Thick and chocolate. How I like it. Fine shyt.,yes,"['chocolate', 'fine shyt']","['dark/Black or brown skin tone used as sexualized compliment', 'fine shit / attractive person']","[['C9_Metaphor_Metonymy'], ['C1_Orthographic', 'C5_Sign_Reassignment']]","[[""Metaphorical_Mapping""], [""Internal_Masking"", ""Lexical_Reassignment""]]"
bsky_3m3gjsf2npk2r,I started drawing shriveled up dih n balls but I decided to give him some  decency and ended up with a metaphor,yes,['dih'],['dick/penis'],['C2_Phonetic'],"[""Near_Homophone_Drift""]"
bsky_3m3htjc46kc2j,"Havent had motivation to go on digital but hey! Salami sketch!! 
#art #furryart

[MEDIA ALT TEXT]
- Salami in a top that says ""im ugly but my dih alright! """,yes,['dih'],['dick/penis'],['C2_Phonetic'],"[""Near_Homophone_Drift""]"
bsky_3m3iqwldrz22f,"NSFW // DIH //

Incineroar bath water

Annnd post
#furryart #furry #incineroar",yes,['DIH'],['dick/penis'],['C2_Phonetic'],"[""Near_Homophone_Drift""]"
bsky_3m3kr3wbbpc2d,"hoovered over halftime and i was hoping that would fix our fortunes but i continue to be largely impotent, halfway across the world and uh. as a person who isn't playing or refereeing this match.",no,[],[],[],[]
bsky_3m3leqwohts2c,committing sewer slide,yes,['sewer slide'],['suicide'],['C2_Phonetic'],"[""Near_Homophone_Drift""]"
bsky_3m3m4bikcsk2o,Anyone who wants to draw my fursona will be charged 10 bucks in fine shyt fees,yes,['fine shyt'],['fine shit / attractive person'],"[['C1_Orthographic', 'C5_Sign_Reassignment']]","[[""Internal_Masking"", ""Lexical_Reassignment""]]"
bsky_3m3q7n4saayn2,"Bought a scientific calculator today to use for my science degree. Fiancé helped me check that it works ok.

[MEDIA ALT TEXT]
- My hand holding a blue scientific calculator upside down. The numbers are 5318008 which upside down looks like the word boobies.",yes,['5318008'],['BOOBIES / breasts when read upside down'],['C1_Orthographic'],"[""Inversion_Based_Glyph-Encoding""]"
bsky_3m3ufsctij22h,"the little darling migrate from all over northern Europe And from Russia,so it won't take long before they are all hoovered up.😁🌿🐦🐦‍⬛
#birdlover",no,[],[],[],[]
bsky_3m3vd7q5pns22,Water tower dih,yes,['dih'],['dick/penis'],['C2_Phonetic'],"[""Near_Homophone_Drift""]"
bsky_3m3waakputk2p,The graping of America,yes,['graping'],['raping/rape'],['C2_Phonetic'],"[""Near_Homophone_Drift""]"
bsky_3m3war2hn2223,It was so sad when chuck committed sewer slide,yes,['sewer slide'],['suicide'],['C2_Phonetic'],"[""Near_Homophone_Drift""]"
bsky_3m42nf3zmnk2s,"[In 2014...]

When I first vacuumed/hoovered the carpet as a young child, I noticed that my mom would often come home and hoover after me :)

Now at age 47, I asked my mum softly, whether my condo/apartment [in Frankfurt] was clean enough for her?

(1/2)",no,[],[],[],[]
bsky_3m432emb4fk2r,He still want you to take that dih fren 😂😂😂,yes,['dih'],['dick/penis'],['C2_Phonetic'],"[""Near_Homophone_Drift""]"
bsky_3m435xqzios2m,"Abj, vzntvar jr jrera'g gnyxvat mbzovrf urer. Nyy guerr tveyf qvq guvatf gung jbhyq trg gurz urnivyl ivpgvz-oynzrq vs gurl jrer encrq. Gur qehax tvey vf cerggl boivbhf pnfr. Ohg n bar avtug fgnaq vf nyfb fhpu pnfr. Naq gur tvey bcravat hc gb fbzr thl jub vf abg ure oblsevraq? Nz V penml urer?",yes,"['ivpgvz-oynzrq', 'encrq', 'qehax tvey', 'bar avtug fgnaq']","['victim-blamed', 'raped', 'drunk girl', 'one night stand']","['C4_Formal_Encoding', 'C4_Formal_Encoding', 'C4_Formal_Encoding', 'C4_Formal_Encoding']","[""Classical_Cipher"", ""Classical_Cipher"", ""Classical_Cipher"", ""Classical_Cipher""]"
bsky_3m44movy7x22e,"It’s quieter and I think that’s a good thing, and it’s nice not to spend my weekend having spats with complete dorks about why ED is too full or how much lignocaine to use for an ABG, or where Newham is.",no,[],[],[],[]
bsky_3m44qpyjbxk2f,the prettiest dih I've ever seen 😍,yes,['dih'],['dick/penis'],['C2_Phonetic'],"[""Near_Homophone_Drift""]"
bsky_3m46plsom5k2w,"I think where we are today on the slide into the sewer of racism - as exemplified by the likes of Refukker Pochin or Refuk's hero Lucy Connolly - can be traced back literally to the day after the Brexit referendum.

Brexit is not just wrecking the economy but it's enabled the rise of toxic racists.",yes,"['Refukker Pochin', 'Refuk']","['mocking altered label for Reform UK/Pochin', 'mocking clipped/altered form of Reform UK']","[['C6_Morpho_Lexical', 'C7_Referential_Alias'], ['C3_Formal_Compression', 'C6_Morpho_Lexical', 'C7_Referential_Alias']]","[[""Affix_Manipulation"", ""Pseudonymous_Labeling""], [""Lexical_Clipping"", ""Blending"", ""Pseudonymous_Labeling""]]"
bsky_3m4a7qzbjhc2l,"In extra time we’ve done the washing. Dishes and hoovered. Dear god!

On to the 15th

#worldseries",no,[],[],[],[]
bsky_3m4aeyrfbm224,"Sona Mohapatra is 😍

(This movie is hilarious AF! This was my introduction to comedian Vir Das and Poorna Jagannathan. More importantly, me and my bro call marinated chicken pieces fried like this ORANGE JOOS, and it's like the game of calling on Roadkills for us when we pass a vendor)",no,[],[],[],[]
bsky_3m4b3fkuo322q,this is the average boy voice in the year of our lord 2025 this is what the woke left trantifa alphabet mafia is doing to our sons,yes,"['trantifa', 'alphabet mafia']","['derogatory blend targeting trans people/antifa', 'LGBTQ/LGBTQIA+ community']","[['C6_Morpho_Lexical', 'C7_Referential_Alias'], ['C7_Referential_Alias', 'C9_Metaphor_Metonymy']]","[[""Blending"", ""Pseudonymous_Labeling""], [""Attribute Based Alias"", ""Metonymic_Encoding""]]"
bsky_3m4bk7tj22c2j,youre such a natural femboy its so fucking hot. i would love to suck that dih for u :3,yes,['dih'],['dick/penis'],['C2_Phonetic'],"[""Near_Homophone_Drift""]"
bsky_3m4bw2pkpds27,"Who runs Mediaite? Last night they posted a clip of “Qatarlson"" and “Little Adolf"" smearing me, then followed with a piece on the backlash against them. Mediaite is a left-wing, click-driven site that eagerly promotes these figures.",yes,"['Qatarlson', 'Little Adolf']","['mocking nickname blending Qatar + Carlson', 'derogatory Hitler/Nazi comparison nickname']","[['C6_Morpho_Lexical', 'C7_Referential_Alias'], ['C7_Referential_Alias']]","[[""Blending"", ""Pseudonymous_Labeling""], [""Attribute Based Alias""]]"
bsky_3m4e5gjvlqs2h,"Huppke is the 🥇 here, not USAT

they haven't earned a seat next to Rolling Stone, Teen Vogue, or People just yet

after watching them decimate the local papers they hoovered up, I'm frankly shocked that they have allowed him to continue speaking sharp truths (usually couched in humor)",no,[],[],[],[]
bsky_3m4hbroihsc2a,"(SPOILER in ROT13) V nyfb nz abg ernyyl bxnl jvgu gur snpg gung Qry Gbeb fbeg bs tnir Ivpgbe n erqrzcgvir raq nf bccbfrq gb gur tevzzre, zber qrfbyngr bar va gur abiry.",yes,"['V nyfb nz abg ernyyl bxnl jvgu gur snpg gung Qry Gbeb fbeg bs tnir Ivpgbe n erqrzcgvir raq nf bccbfrq gb gur tevzzre, zber qrfbyngr bar va gur abiry']","['I also am not really okay with the fact that Del Toro sort of gave Victor a redemptive end as opposed to the grimmer, more desolate one in the novel.']",['C4_Formal_Encoding'],"[""Classical_Cipher""]"
bsky_3m4hfhudysc2j,Chat I just had to talk to my dih like a dog…,yes,['dih'],['dick/penis'],['C2_Phonetic'],"[""Near_Homophone_Drift""]"
bsky_3m4ixi5w2kc2i,"
Wabi-sabi, for real beauty is always imperfect!!",no,[],[],[],[]
bsky_3m4j7bb2ewk27,i find 13yo racists on instagram that make videos with 2hollis' music under them so funny like have you seen what he looks like?? do you really think that it's supposed to be listened to dih heads like you???,yes,['dih heads'],['dickheads / insulting people'],['C2_Phonetic'],"[""Near_Homophone_Drift""]"
bsky_3m4ljprhmjk2f," In France in this area this is the sign of #Autumn
",no,[],[],[],[]
bsky_3m4mgchrobs22,Qatarlson is a good one though,yes,['Qatarlson'],['mocking nickname blending Qatar + Carlson'],"[['C6_Morpho_Lexical', 'C7_Referential_Alias']]","[[""Blending"", ""Pseudonymous_Labeling""]]"
bsky_3m4misbzpyk2w,Can we appropriate Tucker Qatarlson? It feels to good to let that go to waste.,yes,['Qatarlson'],['mocking nickname blending Qatar + Carlson'],"[['C6_Morpho_Lexical', 'C7_Referential_Alias']]","[[""Blending"", ""Pseudonymous_Labeling""]]"
bsky_3m4mit7amyc26,Where's his dih?,yes,['dih'],['dick/penis'],['C2_Phonetic'],"[""Near_Homophone_Drift""]"
bsky_3m4ncuybnws2n,"His 3-bed flat is larger than I expected. But the decor leaves a lot to be desired. I don’t think he’s redecorated in at least a decade. The furniture is worn & the carpet looks dirty even tho it’s clearly been hoovered. Luckily, I don’t spy cobwebs in the corners or dust on the surfaces.
#WIPsnips

[MEDIA ALT TEXT]
- Moodboard titled ‘A Most Inconvenient Arrangement’ with five images: London skyline, a couple embracing in a nightclub, a young woman dressed in smart office wear, a close-up of a young couple about to kiss, a young couple arguing, a man in the middle of removing his shirt.",no,[],[],[],[]
bsky_3m4nm4avnk22q,achro's goo dih,yes,['dih'],['dick/penis'],['C2_Phonetic'],"[""Near_Homophone_Drift""]"
bsky_3m4oh5dswa22p,My bf got a $5 bill in his bra at the gay club last night from a Le$bian. #winning,yes,['Le$bian'],['lesbian'],['C1_Orthographic'],"[""Visual_Similarity_Substitution""]"
bsky_3m4oi7mhcbs2c,"Seeing dih as I opened this app
Just instantly ruined my mood",yes,['dih'],['dick/penis'],['C2_Phonetic'],"[""Near_Homophone_Drift""]"
bsky_3m4pu6vtxkc2y,Needing to suck that dih rn 😝,yes,['dih'],['dick/penis'],['C2_Phonetic'],"[""Near_Homophone_Drift""]"
bsky_3m4pxw4z45s23,"Moral Bankruptcy between private white corporationpeople & the government surveillance state is really an abomination, especially now that DHS has become the world's largest unregulated domestic spy agency, that would make the East German Stasi blush, having hoovered up all your utility bills & info",no,[],[],[],[]
bsky_3m4qutlmhms2z,"also realized that i have to stop referring to all my friends as ""fine shyt"" bc it's a joke for us but not for the strangers i'm talkin to bc i need for the bad bitches i'm in conversation w to know that i am in fact single and whomever i call ""fine shyt"" is just one of my best friends",yes,['fine shyt'],['fine shit / attractive person'],"[['C1_Orthographic', 'C5_Sign_Reassignment']]","[[""Internal_Masking"", ""Lexical_Reassignment""]]"
bsky_3m4srveoxmc2u,dih cheney 🥀 URL,yes,['dih cheney'],['Dick Cheney'],['C2_Phonetic'],"[""Near_Homophone_Drift""]"
bsky_3m4twz3qt5k2b,"Does that dih feel good

YESS KING 😩😩😩😩😩😩😩😩😩

I CANT HEAR YOU 😠😠 DOES THAT DIH FEEL GOOD???? 😠😠😠

amazing 😩😩😩😩😩😩",yes,['dih'],['dick/penis'],['C2_Phonetic'],"[""Near_Homophone_Drift""]"
bsky_3m4v5ikk2vs2d,I voted for you to do something bout joos in NYC,yes,['joos'],['Jews'],['C2_Phonetic'],"[""Near_Homophone_Drift""]"
bsky_3m4vhkaj6as23,Kitchen as clean as its getting. Bathroom and lounge done. Hoovered the stairs. My bedroom will have to wait for another day as my iffy knee is killing me,no,[],[],[],[]
bsky_3m4w7uboiik2v,"Of course the person behind martlet rapper can write raps as well
Taking inspo from big puns the dream shatterer

[MEDIA ALT TEXT]
- 67 labubu dih phonk big daddy kane",no,[],[],[],[]
bsky_3m4wzpzb7m224,"The first mention of the village of #Tourbes appeared in 990 purchased by King Louis IX, better known as Saint-Louis.  
",no,[],[],[],[]
bsky_3m4xwutyea22c,"I also had a guy tell me “sybau Mantis lord"" after I called him a qp warrior, since when being Mantis lord is a bad thing BWHAAHAHAHA",yes,['SYBAU'],['shut your bitch ass up'],['C3_Formal_Compression'],"[""Initialism_Acronym""]"
bsky_3m4y3dp3sok2u,such a dih #nude #dih #jerk #long #mlm #gay,yes,"['dih', 'mlm']","['dick/penis', 'men-loving-men']","['C2_Phonetic', 'C3_Formal_Compression']","[""Near_Homophone_Drift"", ""Initialism_Acronym""]"
bsky_3m4yi6r3m522o,And then do you go full Wabi-sabi or break the binding to use it for random paper? It's a genuine struggle.,no,[],[],[],[]
bsky_3m4ytsnlems2h,sewer slide is my personal favorite,yes,['sewer slide'],['suicide'],['C2_Phonetic'],"[""Near_Homophone_Drift""]"
bsky_3m4yw2gk3k22l,HERES HER TAKING DIH!!!,yes,['dih'],['dick/penis'],['C2_Phonetic'],"[""Near_Homophone_Drift""]"
bsky_3m52q3rm3h22b,im a girl whose girl dih springs up when i see girls 👅,yes,"['dih', '👅']","['dick/penis', 'oral sex']","['C2_Phonetic', 'C10_Pictorial_Symbolic']","[""Near_Homophone_Drift"", ""Eventive-Iconicity""]"
bsky_3m53u2c3pgk2k,ni hao fine shyt,yes,['fine shyt'],['fine shit / attractive person'],"[['C1_Orthographic', 'C5_Sign_Reassignment']]","[[""Internal_Masking"", ""Lexical_Reassignment""]]"
bsky_3m54uinllic2j,"Lincoln: I have read and re-read the Bible, Shakespeare, and many, many political speeches. I will now produce some of the most original, powerful, and evocative works of the American civic canon.

AI: I have indiscriminately hoovered up many, many words. I will now produce some slop.",no,[],[],[],[]
bsky_3m55emx4ckc2u,"A bit of Regency Gossip complements of The Teatime Tattler.
#WritersCommunity #WriteLife #BookBlog #Romancelandia #ReaderCommunity #RomanceReaders #BookLovers #authors #writer #readers #BookSky💙📚 #Books #ReaderCommunity #RomanceReaders #amwriting 
bluestockingbelles.net/another-encr...",no,[],[],[],[]
bsky_3m55qcs34rc23,"Oh yeah

[MEDIA ALT TEXT]
- ""Wabi Sabi for Robots"" in the Mamdani font",no,[],[],[],[]
bsky_3m56cmqbyik2e,"SYBAU's design absolutely captures the essence of both someone who is told to sybau, and someone tells others to sybau. Masterclass!!!",yes,['SYBAU'],['shut your bitch ass up'],['C3_Formal_Compression'],"[""Initialism_Acronym""]"
bsky_3m56pyvumg22n,"Mamdani's boy, Qatarlson.  As I've explained for many months, this guy is a toxic fraud and every patriot should distance himself or herself from him and loudly",yes,['Qatarlson'],['mocking nickname blending Qatar + Carlson'],"[['C6_Morpho_Lexical', 'C7_Referential_Alias']]","[[""Blending"", ""Pseudonymous_Labeling""]]"
bsky_3m57bbp5nmc2l,"@USER  is so good today that I have hoovered the whole house, cleaned the bathroom and ironed two weeks of shirts. I’ve made up a massive playlist of music too. Perfect.",no,[],[],[],[]
bsky_3m5a75k6mqs2c,As long as there are mid white men being an ABG will never go out of fashion. If you’re a little chunky you can expand to other demographics (your parents wont approve of) as well.,yes,['ABG'],['Asian Baby Girl / Asian baddie stereotype'],['C3_Formal_Compression'],"[""Initialism_Acronym""]"
bsky_3m5ahzhuots2d,"JD, long dih style. :)",yes,['dih'],['dick/penis'],['C2_Phonetic'],"[""Near_Homophone_Drift""]"
bsky_3m5bijvphjc2h,Seeing fleshy veiny realistic dog dih in feral porn instead of monocoloured untextured dog dih is refreshing,yes,['dih'],['dick/penis'],['C2_Phonetic'],"[""Near_Homophone_Drift""]"
bsky_3m5bv4tzwrm22,"Art was never about the highest skill level.
It has always been about imperfection: wabi-sabi.

Like Amsterdam canal houses. No two are identical, each slightly off, built over decades.

That's why we like them.

We hate modern art because of standardisation.",no,[],[],[],[]
bsky_3m5cencjags2x,"✨ Muscled Wizard Girlfriend Adoptable! ✨
She’s got the magic touch... and muscles that could cast a spell on you. 💋
Strong, seductive, and ready to make your fantasies reality.

🔮 Adopt her now: ych.art/auction/2185...

#Adoptable #FRK #MuscleGirl #ThickGirl #OCadopt #SexyArt #YCH",yes,['ThickGirl'],['curvy/full-figured sexualized female body type'],['C5_Sign_Reassignment'],"[""Lexical_Reassignment""]"
bsky_3m5epy55hsk2x,"( Being In 🄼🄸🄳🄳🄻🄴🅂🄿🄰🄲🄴 ) Send Them To Him, Or Even Post Them!! My Daddy Got ME To Fall Back IN LOVE With MYSELF! & He Helped BOOST My Self Confidence, &  NURTURED My Self Esteem SO Much! 👶🏼👧🏼👱🏼‍♀️🧸🍼🧃📱🧋📷💕📸😢😭💔❤️‍🩹🥹🥹😍🥰😘💗🫶🏻",yes,"['🄼🄸🄳🄳🄻🄴🅂🄿🄰🄲🄴', 'Daddy']","['age-regression', 'dominant/caregiver kink role']","['C8_Semantic_Circumlocution', 'C5_Sign_Reassignment']","[""Euphemism"", ""Lexical_Reassignment""]"
bsky_3m5eqfvbl7k2k,telling people to put there dih in someone who use to be a kid is some diddy blud ahh media,yes,"['dih', 'ahh']","['dick/penis', 'ass']","['C2_Phonetic', 'C2_Phonetic']","[""Near_Homophone_Drift"", ""Near_Homophone_Drift""]"
bsky_3m5eue2tadk2t,Trying not to tell some of yall to sybau,yes,['SYBAU'],['shut your bitch ass up'],['C3_Formal_Compression'],"[""Initialism_Acronym""]"
bsky_3m5exalt5uc2u,I once saw a video of a dih going in another dih. It looked painful.,yes,['dih'],['dick/penis'],['C2_Phonetic'],"[""Near_Homophone_Drift""]"
bsky_3m5f2kp46g226,"Hey Joe, how have you been my brother?  🧃🍇🍔🍰🥤🥑🍕🥤🧋.",no,[],[],[],[]
bsky_3m5feabpyds2j,"I wasn’t an iPad kid but I am 10000% an iPad adult, complete with a sippy cup with adult juice 🧃",yes,['adult juice'],['alcoholic drink'],['C8_Semantic_Circumlocution'],"[""Euphemism""]"
bsky_3m5gazbw2sk2x,"🎙️ 8 industry-focused talks
🔖 Curated single-track programme
📍 Everyman Cinema, Leeds, UK
☕ Top notch indie tea & coffee
💻 Free co-working for all attendees
🧃 Post-event networking with social

Celebrating ten years of All Day Hey! with our final conference.",no,[],[],[],[]
bsky_3m5gerbrodk2a,Poor dirty dih🥀,yes,['dih'],['dick/penis'],['C2_Phonetic'],"[""Near_Homophone_Drift""]"
bsky_3m5hdgubizc26,"dih goes in ahh' has been stuck in my head for 2 days now, it's so stupid but it won't leave my mind palace",yes,"['dih', 'ahh']","['dick/penis', 'ass']","['C2_Phonetic', 'C2_Phonetic']","[""Near_Homophone_Drift"", ""Near_Homophone_Drift""]"
bsky_3m5hfy4vnws2j,"Regular milk, choccy milk, or monster? Oh my! 🍼 

A reminder that you can have any drink for your milk belly picture. 🧃🥤🥛☕  I still have a few spots open for $25 if anyone is interested! Just send me a dm! 

#babyfur #kidfur #littlespace #milkbelly #furryart",yes,"['babyfur', 'kidfur', 'littlespace', 'milkbelly']","['furry age-regression kink identity', 'furry childlike/age-regression kink identity', 'age-regression/kink headspace', 'milk-filled belly fetish/commission theme']","[['C6_Morpho_Lexical', 'C5_Sign_Reassignment'], ['C6_Morpho_Lexical', 'C5_Sign_Reassignment'], ['C5_Sign_Reassignment'], ['C6_Morpho_Lexical', 'C5_Sign_Reassignment']]","[[""Blending"", ""Lexical_Reassignment""], [""Blending"", ""Lexical_Reassignment""], [""Lexical_Reassignment""], [""Blending"", ""Lexical_Reassignment""]]"
bsky_3m5hjjmwl7c24,"Me: I think i'm doing better now and i'm in the mood to start drawing again

Rude ass Dead Silence puppet: SYBAU IDGAF",yes,['SYBAU'],['shut your bitch ass up'],['C3_Formal_Compression'],"[""Initialism_Acronym""]"
bsky_3m5hnrs5ww22f,catching th3e4 fish w ma dih,yes,['dih'],['dick/penis'],['C2_Phonetic'],"[""Near_Homophone_Drift""]"
bsky_3m5hqzubdac2e,Slurp me up.🧃,yes,"['slurp me up', '🧃']","['oral sex', 'sexual fluid/cum implied by juice emoji']","[['C9_Metaphor_Metonymy', 'C8_Semantic_Circumlocution'], ['C10_Pictorial_Symbolic']]","[[""Metaphorical_Mapping"", ""Euphemism""], [""Eventive_Iconicity""]]"
bsky_3m5huaopdgs2w,"checking in as someone who listened to the audio book (read by Sheryl Lee herself), significant series spoilers implied by saying (rot13 cypher) na ncebkvzngr 1 va 4 ernqref znl abg or noyr gb ernq vg nyy va bar fvggvat, sbe zragny urnygu ernfbaf.",yes,['zragny urnygu'],['mental health'],['C4_Formal_Encoding'],"[""Classical_Cipher""]"
bsky_3m5i5hm27es2v,She be playing around posing like issa game like she 18 or some ...i fw shawty she seem a lil fruity 🍓🍰🧃,yes,['fruity'],['gay/queer-coded'],['C5_Sign_Reassignment'],"[""Lexical_Reassignment""]"
bsky_3m5iqzqaisk23,"Dude, you should stick your dih in there 🫨",yes,['dih'],['dick/penis'],['C2_Phonetic'],"[""Near_Homophone_Drift""]"
bsky_3m5joybpsfs2y,my dih hurts bro,yes,['dih'],['dick/penis'],['C2_Phonetic'],"[""Near_Homophone_Drift""]"
bsky_3m5jpmevcsk27,"Has Elon Mugg hoovered up all their salaries?  Can't blame them.

And Cybertruck sales - or lack of - won't help.",no,['Elon Mugg'],['Elon Musk'],"[['C2_Phonetic', 'C7_Referential_Alias']]","[[""Near_Homophone_Drift"", ""Pseudonymous_Labeling""]]"
bsky_3m5k7776bsk2u,"I actually do need to ask if this is a new pronunciation or a typo

- From The Will of the Many deluxe edition by James Islington the word Iudicium has a pronunciation of (you-dih-KEY-um)
- From The Strength of the Few deluxe edition by James Islington the word Iudicium has a pronunciation of (you-DISS-ee-um)",no,,[],[],[]
bsky_3m5kkidjjvs2b,good morning Smol friend! ✨🧃,no,,[],[],[]
bsky_3m5kqq6xpis2y,Star Trek? More like these haters Start Rekt,no,['Rekt'],['wrecked / badly defeated'],['C2_Phonetic'],"[""Near_Homophone_Drift""]"
bsky_3m5lxloauts2o,When you don't have friends to tell you to sybau 😔,yes,['SYBAU'],['shut your bitch ass up'],['C3_Formal_Compression'],"[""Initialism_Acronym""]"
bsky_3m5ly47wub22i,"#StarTrek #Limerick
S2E11 'Friday's Child'_x000D_(1967)

Monday's child: 'Topaline's a best seller'_x000D_
Tuesday's child is a Kligat propellor!_x000D_
Wednesday's child starts a coup_x000D_
Thursday's child breaks taboo_x000D_
Friday's child's the High Teer of Capella

Saturday's child pew pew_x000D_
Sunday's child coochy-coo!",yes,['pew pew'],['gun/shooting sound'],"[['C9_Metaphor_Metonymy', 'C6_Morpho_Lexical']]","[[""Metonymic_Encoding"", ""Reduplicative_Expansion""]]"
bsky_3m5lyqu53d222,he has a dih,yes,['dih'],['dick/penis'],['C2_Phonetic'],"[""Near_Homophone_Drift""]"
bsky_3m5mn5ax3rc2d,"Did you know Variety covers funding gaps in PharmaCare deductibles for continuous glucose monitors, insulin pumps, and some types of insulin?

So far in 2025, we’ve helped 89 kids with diabetes in 43 communities across BC, with more than $101,000 invested in essential supplies.

#WorldDiabetesDay 💉🧃

[MEDIA ALT TEXT]
- Freydis smiles as she holds up a handmade drawing. More drawings hang on the wall behind her.",no,[],[],[],[]
bsky_3m5muq6uunk2t,Ummm pin me down and make me scream Beetlejuice! 😜🪲 🧃,yes,['pin me down and make me scream'],['rough sex / BDSM-style sexual request'],"[['C8_Semantic_Circumlocution', 'C9_Metaphor_Metonymy']]","[[""Euphemism"", ""Metaphorical_Mapping""]]"
bsky_3m5n5wb4cp72a,"🎮 Canadian Gamer is LIVE! Playing I wanna Dih-patch on both Invisgal & BlondeBlazer | Last Two Ep of Dispatch

    📺 Twitch: URL
    #gaming #livestream #Twitch  #CG_BLUSKY",no,[],[],[],[]
bsky_3m5ngcymchs2x,I've given up. It's stopped but it did that before for a little while so I'm not holding my breath. It's been hoovered and I've even put the heating on in case it's the temperature drop interfering with it (the wonders of Google). The night before it was scratching in the wall keeping me awake 😭,no,[],[],[],[]
bsky_3m5nhv3hlr22j,"“I don’t want my son to hate me"" SYBAU Richie",yes,['SYBAU'],['shut your bitch ass up'],['C3_Formal_Compression'],"[""Initialism_Acronym""]"
bsky_3m5o3p5bs6c2a,"The positioning, the contrast ... the wabi-sabi of it all. Gorgeous.💓",no,[],[],[],[]
bsky_3m5oefbtvuc2r,"Get the nerve to shsre photo of myself on social
Get DMs saying ""erm hon your bio says boymoder but you just look like a woman""

Sybau just shut up, you think I'm gonna share a pic of what I normally look like????",yes,"['SYBAU', 'boymoder']","['shut your bitch ass up', 'trans woman/person presenting as male or boyish to pass/avoid attention']","[['C3_Formal_Compression'], ['C5_Sign_Reassignment', 'C6_Morpho_Lexical']]","[[""Initialism_Acronym""], [""Lexical_Reassignment"", ""Affix_Manipulation""]]"
bsky_3m5ojyszlf22o,It’s got ✨wabi sabi✨,no,[],[],[],[]
bsky_3m5ontq4yec2h,"🤝

- Sheetz magnet given to loyal fans that says “FRK"" and level 3 freak.",yes,['FRK'],['freak'],['C3_Formal_Compression'],"[""Lexical_Clipping""]"
bsky_3m5onu2fbak2s,First person to DM me gets a dih pic,yes,['dih'],['dick/penis'],['C2_Phonetic'],"[""Near_Homophone_Drift""]"
bsky_3m5oo7jsvf22z,Now that you say it I messed up the upload again there was supposed to be a Strap and a regular dih version 😭,yes,"['Strap', 'dih']","['strap-on dildo/toy version', 'dick/penis']","['C5_Sign_Reassignment', 'C2_Phonetic']","[""Lexical_Reassignment"", ""Near_Homophone_Drift""]"
bsky_3m5ooz5wdgc2m,I truly believe in #Wabi-sabi,no,[],[],[],[]
bsky_3m5osnn3wes2d,I wish I had a dih 🥀,yes,['dih'],['dick/penis'],['C2_Phonetic'],"[""Near_Homophone_Drift""]"
bsky_3m5oxcmxfic2b,"In fact,""🆓Markets""work best with""perfect information"".

Hence the need for""labelling laws""🔛🧃🥫…!  Of course🏭,interested in exorbitant profits from unethical use.of""Externalities""associated with""imperfect information""for🚛🛒💁🏻‍♀️💵fought this law!Hence""Democratic""vote""by consumer is important!👈🏽reality",no,[],[],[],[]
bsky_3m5oyphpzlk23,"Nothing it’s just the way people are doing wabi-sabi “trend"" on TikTok for their plants and animals but can’t accept it for themselves or their own lives",no,[],[],[],[]
bsky_3m5pyu4ik5c2k,I prefer the dih,yes,['dih'],['dick/penis'],['C2_Phonetic'],"[""Near_Homophone_Drift""]"
bsky_3m5qx7k75ss2r,Good morning Bluesky Network. The Seventh Conquest of Mount ABG is underway. Thank Yew. @USER @USER-u.bsky.social @USER,yes,['ABG'],['Asian Baby Girl / Asian baddie stereotype'],['C3_Formal_Compression'],"[""Initialism_Acronym""]"
bsky_3m5qxjtfih22t,"tnt... nov 16th... lmanber- 💥💥💥💥

💽 sybau stfu",yes,"['sybau', 'stfu']","['shut your bitch ass up', 'shut the fuck up']","['C3_Formal_Compression', 'C3_Formal_Compression']","[""Initialism_Acronym"", ""Initialism_Acronym""]"
bsky_3m5r74yq7ec2q,My high score in this is 58008,yes,['58008'],['BOOBS'],['C1_Orthographic'],"[""Inversion_Based_Glyph-Encoding""]"
bsky_3m5rdslewpc2l,I like it 2 much 🥕🧃🐰,no,[],[],[],[]
bsky_3m5rf4ioosc24,Okay so the caffeine is in my veins. I think I'm going to be okay sewerslide sunday has been postponed,yes,['sewerslide'],['suicide'],['C2_Phonetic'],"[""Near_Homophone_Drift""]"
bsky_3m5rukxzpc22i,"8 more years. 🖤 #GoKingsGo
🧃🧃🧃🧃🧃🧃🧃🧃",no,[],[],[],[]
bsky_3m5rygfv2ns25,Chiefs btfo get rekt,yes,['rekt'],['wrecked / badly defeated'],['C2_Phonetic'],"[""Near_Homophone_Drift""]"
bsky_3m5rylxivhs2u,iwannasee my wife's dih,yes,['dih'],['dick/penis'],['C2_Phonetic'],"[""Near_Homophone_Drift""]"
bsky_3m5s2z2amtc2j,I like its vibes 🪲🧃,no,[],[],[],[]
bsky_3m5sfxse54c2l,i literally never stop talking about my dih im becoming more masculine by the second,yes,['dih'],['dick/penis'],['C2_Phonetic'],"[""Near_Homophone_Drift""]"
bsky_3m5splcohds2k,gay gen alpha phil collins: i can feel dih cumming in the ahh tonight,yes,"['dih', 'ahh']","['dick/penis', 'ass']","['C2_Phonetic', 'C2_Phonetic']","[""Near_Homophone_Drift"", ""Near_Homophone_Drift""]"
bsky_3m5szunbazc2x,"The only thing I can recall from school history is: Cerdicae's (?sp.) League. No idea who or what that was. Desperate to find out.

The first word is a pseudo-Welsh spelling for something that sounded like kurr-dih-kays by the way.",no,[],[],[],[]
bsky_3m5t6xsxatc22,"“Rise above an feel the love. Your time has come.""

This song is potent…

“I am she. I am that. She is me. That’s a fact.""

Mondays are for invoking Our Divine Feminine b4 feet even hit da floor 

💕🍬🎀🧸🫶🏻✌🏼🪄🔮🌸🧘🏼‍♀️🍼🧃
open.spotify.com/track/4o4ZLR...",no,[],[],[],[]
bsky_3m5tkuwwoes23,"Just found out what sybau means and I thought it was people just saying shit like “chudai"" 😭😭😭",yes,"['sybau', 'chudai']","['shut your bitch ass up', 'sex/fucking']","['C3_Formal_Compression', 'C11_Cross_Linguistic']","[""Initialism_Acronym"", ""Translation_Based_Encoding""]"
bsky_3m5trfzgwhc2j,So fine shyt with the tattoos is a bottom that gets passed around?? I'm gonna need him to be like my baby Jin and be a power bottom,yes,"['fine shyt', 'bottom', 'passed around', 'power bottom']","['attractive person', 'receptive sexual role', 'sexually shared by multiple people', 'assertive receptive sexual partner']","[['C1_Orthographic', 'C5_Sign_Reassignment'], ['C5_Sign_Reassignment'], ['C8_Semantic_Circumlocution'], ['C5_Sign_Reassignment']]","[[""Internal_Masking"", ""Lexical_Reassignment""], [""Lexical_Reassignment""], [""Euphemism""], [""Lexical_Reassignment""]]"
bsky_3m5ujeibipu2o,bro kept replying to every comment! SYBAU!,yes,['sybau'],['shut your bitch ass up'],['C3_Formal_Compression'],"[""Initialism_Acronym""]"
bsky_3m5wpve3a6222,"I've got too many things beepin' an' boppin' around in my head. Hoovered up from online or wherever. Got to relieve the pressure valve sometime, gingerly. :-P",no,[],[],[],[]
bsky_3m5wx3jhmg22v,My dih gonna explode I can't do this they're so hot 🤤,yes,['dih'],['dick/penis'],['C2_Phonetic'],"[""Near_Homophone_Drift""]"
bsky_3m5x6b46mhc2i,Which will rekt the BRICS+ threat to the dollar.,yes,['rekt'],['wrecked / badly defeated'],['C2_Phonetic'],"[""Near_Homophone_Drift""]"
bsky_3m5xcsybii22r,It’s got wabi sabi :) @USER,no,[],[],[],[]
bsky_3m5ymvnhdgc25,"Air Riders spoilers (only about character roster) 

Hasbeghangr gung Fnxhenv fnvq jbzra’f jebatf ohg vg unf orra n juvyr fvapr jr tbg n ernyyl pbby arj Qrqrqr phm gur xavtugf ner fcbvyrq. V’z abg fher jul gurl oyrj gurve ybnq ba gur jubyr ebfgre orsber eryrnfr gubhtu",yes,['oyrj gurve ybnq'],['blew their load'],['C4_Formal_Encoding'],"[""Classical_Cipher""]"
bsky_3m5yqj3gu2c2a,You hoovered the fridge 😱😅,no,[],[],[],[]
bsky_3m5zjf7nyfc2k,fun dih practice,yes,['dih'],['dick/penis'],['C2_Phonetic'],"[""Near_Homophone_Drift""]"
bsky_3m5znxhq6zc2x,"If you meet the Buddha on the road, unalive him",yes,['unalive'],['kill'],['C8_Semantic_Circumlocution'],"[""Euphemism""]"
bsky_3m62bjfyv2s2t,"Aster drops ‘Machi mode’ to reward getting rekt as Machi leads liquidations

Machi Big Brother dominates the liquidation leaderboard with 71 liquidations so far this month, far ahead of James Wynn and Andrew Tate.
#crypto #news",yes,['rekt'],['wrecked / badly defeated'],['C2_Phonetic'],"[""Near_Homophone_Drift""]"
bsky_3m62bzezuxk2t,"Joos de Momper II. (1564-1635)
Winter Landscape  c.1635.
Oil on Canvas.",no,[],[],[],[]
bsky_3m62zubkhvs2n,"Just saw a TikTok from a Twitch streamer with 64k followers telling someone to 'sybau and take a nap' over a tame build complaint. DBD streamers are some of the most toxic I’ve seen, right next to Fortnite, and the companies behind them feed it.",yes,['sybau'],['shut your bitch ass up'],['C3_Formal_Compression'],"[""Initialism_Acronym""]"
bsky_3m633xrgqmc2j,the only thing you should do is sybau ,yes,['sybau'],['shut your bitch ass up'],['C3_Formal_Compression'],"[""Initialism_Acronym""]"
bsky_3m63bm2mjac24,"💡Npghnyyl V'z abg fher vs lbh'yy or va cnva nsgre na nggrzcgrq fhvpvqr. V guvax gur guvat jnf lbh qb abg srry cnva sebz nal arj guvat gung'f vasyvpgrq ba lbh. Fb ab ehoovat ba bhg ba gur rkvfgragvny avtugzner genva pne, or cerccrq jvgu na rkuvovgvbavng xvax yvxr gur erfg bs hf",yes,"['nggrzcgrq fhvpvqr', 'ehoovat ba bhg', 'rkuvovgvbavng xvax']","['attempted suicide', 'rubbing one out', 'exhibitionist kink']","['C4_Formal_Encoding', 'C4_Formal_Encoding', 'C4_Formal_Encoding']","[""Classical_Cipher"", ""Classical_Cipher"", ""Classical_Cipher""]"
bsky_3m63mktr7222i,"One of my early attempts at wood inlays, it's definitely a little wabi sabi the way the leaf looks half-submerged despite being entirely flush with the surface. #MyArt

[MEDIA ALT TEXT]
- A translucent green-aqua d20 with gold numbers and a wooden leaf inlay as the high face surrounded by bright pink foil
- A translucent green-aqua d20 with gold numbers showing the 1 face a green-gold with splashes of flaky glitter
- A close up of the 1 face of the d20, showing off how it practically glows from within
- A macro shot of the '18' face of a aqua-green d20 where the ambient light bouncing around the translucence gives it a green glow from within",no,[],[],[],[]
bsky_3m645gyc6g22k,Wow! I need a Hawk tuah,yes,['Hawk tuah'],['spitting/oral-sex meme phrase'],['C5_Sign_Reassignment'],"[""Lexical_Reassignment""]"
bsky_3m65ljpjuik2b,"When asked for comment, Ja'Marr Chase replied, ""hawk tuah""",yes,['hawk tuah'],['spitting/oral-sex meme phrase'],['C5_Sign_Reassignment'],"[""Lexical_Reassignment""]"
bsky_3m666r2vz5k24,Hawk tuah man #smilingfriends #hawktuah,yes,['Hawk tuah'],['spitting/oral-sex meme phrase'],['C5_Sign_Reassignment'],"[""Lexical_Reassignment""]"
bsky_3m66cvhob6xb2,"I finally got a place to make music now and I can tell you I felt incomplete and unalive without this possibility or when only doing music for the immediate now, for work.
I'm the happiest! Lets go production winter! and THANKYOU WORLD I feel very lucky to be able to use my ears and soothe the […]",yes,['unalive'],['dead / not alive'],['C8_Semantic_Circumlocution'],"[""Euphemism""]"
bsky_3m66kaoyo2c2k,"Big dih Goat

#furry #furryart #furrynsfw #nsfw #gay #oc",yes,['dih'],['dick/penis'],['C2_Phonetic'],"[""Near_Homophone_Drift""]"
bsky_3m66tl2kic22k,"Updated the image-meme so that they're discussing the people who dumbed down society in the early 21st century 
(this was probably funnier in my head)",no,[],[],[],[]
bsky_3m66u5oa6vk2p,"Aww I really like the wabi sabi trend on tiktok. Yeah imperfections make you more unique. Positive trend.

- Things are often chopped and cooked before they're served and ate meme with a cat in a hat.",no,[],[],[],[]
bsky_3m6al6mdlos2i,I want the ‘brown’ one. Ripe bananas are FULL of sweet joos! ❤️🔥❤️‍🔥😈👅💦,yes,"['sweet joos', '👅','💦']","['sexual fluids/juice', 'oral sex', 'ejaculation']","[['C2_Phonetic', 'C8_Semantic_Circumlocution'], 'C10_Pictorial_Symbolic', 'C10_Pictorial_Symbolic']","[[""Near_Homophone_Drift"", ""Euphemism""], ""Eventive-Iconicity"", ""Referential_Iconicity""]"
bsky_3m6aqmrruoc2p,"Have the ""studies"" on ""the website"" also not ruled out the possibility that the brain worm got the best of FRK Jr. and led him to spout sheer nonsense?",no,[],[],[],[]
bsky_3m6b3jntvnk2j,you should gimme a hawk tuah!,yes,['hawk tuah'],['spitting/oral-sex meme phrase'],['C5_Sign_Reassignment'],"[""Lexical_Reassignment""]"
bsky_3m6b3tqx26s2g,I feel I need a hawk tuah now!,yes,['hawk tuah'],['spitting/oral-sex meme phrase'],['C5_Sign_Reassignment'],"[""Lexical_Reassignment""]"
bsky_3m6bc5em7622k,also sybau at once,yes,['sybau'],['shut your bitch ass up'],['C3_Formal_Compression'],"[""Initialism_Acronym""]"
bsky_3m6biddlkp22e,V guvax Nxvb fubhyq unir Unehxv ba uvf onpx univat frk naq Unehxv vf whfg ybbxvat ng uvz jvgu pbzcyrgr qvfthfg naq ungerq,yes,['univat frk'],['having sex'],['C4_Formal_Encoding'],"[""Classical_Cipher""]"
bsky_3m6bnkrd2z22m,It was always going to be: If they'd subsidise it and sell at less than cost price then all the stock would be hoovered up by crypto miners and AI farms so they wouldnt actually sell any games off the back of their stock so they have to sell it at > cost to ensure it ends up in the hands of gamers.,no,[],[],[],[]
bsky_3m6ccfpdvf223,"It's your 3rd day of your new school and... somebody is already out to unalive you!?!?! 🔪

Just what horrible jokes did you make to incur his wrath 😭😭😭

Game: Jest Messters
Link: elseth.itch.io/jest-messters

#visualnovel #otome #indiegames #datingsim #otomedev",yes,['unalive'],['kill'],['C8_Semantic_Circumlocution'],"[""Euphemism""]"
bsky_3m6d24o6has22,"Art Train, yay!🚂

Let's go with some oc stuff of any kind.

Share 4 artworks and tag 4 people:

@USER 
@USER
@USER
@USER

[MEDIA ALT TEXT]
- A ""World of warcraft"" dracthyr in visage, hoovering in the air with one hand behind his back and the other raised and having fingers making a heart shape, above which is a heart in Pride colours. Under the dracthyr is written ""Happy Pride Month!""
",no,[],[],[],[]
bsky_3m6d3s6nljc2l,hawk tuah now!,yes,['hawk tuah'],['spitting/oral-sex meme phrase'],['C5_Sign_Reassignment'],"[""Lexical_Reassignment""]"
bsky_3m6diu4s6ks2x,You have no dih to be dihpressed,yes,"['dih', 'dihpressed']","['dick/penis', 'depressed']","['C2_Phonetic', 'C2_Phonetic']","[""Near_Homophone_Drift"", ""Near_Homophone_Drift""]"
bsky_3m6duqgeh6s2l,"💥 Over $3.7B in crypto longs liquidated in 7 days! Markets shaken, traders REKT! #CryptoLiquidations #Bitcoin #CryptoNews 🚨

coinomedia.com/crypto-longs...",yes,['REKT'],['wrecked / badly defeated'],['C2_Phonetic'],"[""Near_Homophone_Drift""]"
bsky_3m6e46ktbok2l,"miklan: sybau 

byleth: study your bible and understand? hell yeah.",yes,['sybau'],['shut your bitch ass up'],['C3_Formal_Compression'],"[""Initialism_Acronym""]"
bsky_3m6fci3qew22w,"I wanna Get Rekt (2014)
Tehjman1993, Klazen108",no,[],[],[],[]
bsky_3m6fwu65kxs25,"The PIR formula, commissioned by the pipeline industry, has a history of underestimating the impact of pipeline failures. These miscalculations have claimed lives. 

Read the full blog: tinyurl.com/PIRblogpost",no,[],[],[],[]
bsky_3m6fzy2ng6b2e,"Get rekt, you deadbagel!",yes,['rekt'],['wrecked / badly defeated'],['C2_Phonetic'],"[""Near_Homophone_Drift""]"
bsky_3m6g6vpxp3k2d,"The scared toddlers ruling over many social media sites may still believe in ""it won't appear if I never say its name"", but I am actively repulsed by such terms as ""unalive"", ""oof"" (as a euphemism), or ""k-word"".

NATO phonetic alphabet IN ALL CAPS FOR EMPHASIS or nothing.",yes,"['unalive', 'oof', 'k-word']","['die/suicide/death', 'kill/die euphemism', 'kill or a censored k-word']","['C8_Semantic_Circumlocution', 'C8_Semantic_Circumlocution', 'C8_Semantic_Circumlocution']","[""Euphemism"", ""Euphemism"", ""Euphemism""]"
bsky_3m6gd2f2ooc27,"The D'Artagnan who is at work in the morgue is different from the D'Artagnan you encounter at a function, and that D'Artagnan is different from the D'Artagnan you encounter at a burial. 

#soupwrites

[MEDIA ALT TEXT]
- A woman in gown and hennin of deepest black stands near the casket, a small boy clinging to her legs, face buried in her skirts. He can't be more than some ten Summers old by your estimation, face red with consternation to the tips of his elongated ears, just starting to grow into that distinctly Elezen shape with mouse-brown hair tamed into a sleek part by too much pomade- you can smell the redolence of clove from where you sit, in fact. The boy peeks furtively from the volume of his mother's skirts, scrubbing at his tears with tiny fists clad in black cotton gloves. 

""Maman, I cannot bear to see him!"" 

""Hush, my little chick– Monsieur, my apologies for my son… he has never…"" 

""Beheld the beloved dead,"" the man from the pulpit says, matter-of-fact, and nods, ""If I may…?"" 

With a small gesture of her hand, the mother consents, and gently separates from the boy, who stands brave and puffy-eyed before the tall man, eyes screwed to the floor as he sniffles. The man, with apparent difficulty, lowers himself to kneel on one knee– you can see the primal expression of pain pinching his features even from your vantage point– and talks to the boy, soft and low and lulling, so low that you cannot hear as the two speak and the man gently clasps the boy's hands. 

There has been a stony cast to the man's demeanor until this moment, when he softens a mote imperceptibly, and you silently slip nearer, choosing a shadowy alcove in which to ensconce yourself to view the tableau better, a story unfolding before your eyes. 

""It is good, I think, to say goodbye to those you love. And your love held him dearest in your heart, I take it?"" The man asks the boy.
- The boy nods wordlessly, sniffling, scrubbing at his eyes again. They are the color of cerulean; oft considered a mark of luck in Ishgard, to have such a shade of blue in the eyes. Azure. Fortuitous portent found in this boy who struggles to confront the finality of death. You hang your head, watching them through your lashes. 

""In my work,"" The man says softly, taking the boy gently by the shoulders, ""I could hardly gainsay I have loved him as gently as you; I have bathed him, shaved his face carefully, dressed him meticulously to ready him for this goodbye. There is naught to fear in the company of the departed; naught else but the enormity of one's own grief. Your mother tells me it is your ambition to become a Knight Dragoon, is that correct?""

The boy, face reddened, nods profusely and stammers a ""Yes,"" little fists clenched at his sides, in the woolen fabric of his little black hose. 

""Allow yourself this first victory over Death, beloved,"" The man says, ""And I will be as your seneschal."" 

He extends his hand, and the child after some small hesitation takes it. They walk together to the casket, hand in hand.
- As you approach, his closest approximation to a welcoming expression goes cold as a snuffed candle and finally the other half of his lopsided mouth evens into one irascible pinch, and though his eyes are unmoving and focused on the procession of mourners filtering out of St. Reymanaud's, he does have the good grace to address you, ""What is it you need..."" 

""No way to address the grieved, Ser,"" you say. For all his poise and the unflinching patience he'd shown that toddling child not even a bell ago (even if still a bit terse), he is rude, as if your presence is no more than an intrusion on a strictly regimented plan. Your next word would blow a house of cards down, and he is cross for it. 

Gaze still pinned on the crowd, he squints a little, minute lines at the corners of his eyes betray an exhaustion surely beyond his years, and he leans toward you casually, his fougere of deepwood fern, resinous, spicy and slightly acrid wafts into your nose, your mouth, ""You lie,"" his caustic tone belies his placid expression and he gives a wave and a nod at a departing mourner who gives him a sad smile and leaves, sniffling into her handkerchief, ""You are not of the grieved. You thought I wouldn't see you? Sliding in after the second bell… even the crows have enough respect to skulk about until after the mourners have left. What. Do you want."" 

""T'was the pipe organ,"" You decide you will play his game and glue your eyes to the mourners; they take a turn of the season to filter out and you watch a man steal glances and mime kisses on the air at a handsome companion of his as a woman, likely his wife for the matching frock she wears, pulls him, smiling affectionately with a cautious and tenderly admonishing pat on his shoulder, into the throng, ""The playing was lovely… I'd wondered…"" 

""And your wondering lead to wandering and you have trespassed upon the most venerable and sacred rites of the dead, are you quite satisfied? Or must I forward your compliments to Celestinette?""",no,[],[],[],[]
bsky_3m6hn2p5bd225,"Hawk Tuah plays a hawk that says “6, 7""",yes,['Hawk Tuah'],['spitting/oral-sex meme phrase'],['C5_Sign_Reassignment'],"[""Lexical_Reassignment""]"
bsky_3m6ht4z662s2r,I wanna hawk tuah electric avenue,yes,['hawk tuah'],['spitting/oral-sex meme phrase'],['C5_Sign_Reassignment'],"[""Lexical_Reassignment""]"
bsky_3m6hzxmmgy22f,"get rekt, idiot",yes,['rekt'],['wrecked / badly defeated'],['C2_Phonetic'],"[""Near_Homophone_Drift""]"
bsky_3m6iatcxcec26,Call him Edgar come again cause he is Hoovering up all the love,no,[],[],[],[]
bsky_3m6ib2luais2e,whup brit🍑t coochy roll loose f0r me,yes,"['🍑', 'coochy']","['butt', 'vagina']","['C10_Pictorial_Symbolic', 'C2_Phonetic']","[""Referential_Iconicity"", ""Phonological Template Substitution""]"
bsky_3m6iein5xwk2r,"The Bataan Unalive March
The Mai Lai Unalivening
The Hollow Coast
The JFK Mind Blow",yes,"['Unalive March', 'Unalivening', 'Hollow Coast', 'Mind Blow']","['Death March', 'killing/massacre', 'Holocaust', 'headshot/assassination']","[['C8_Semantic_Circumlocution'], ['C8_Semantic_Circumlocution', 'C6_Morpho_Lexical'], ['C2_Phonetic', 'C8_Semantic_Circumlocution'], ['C8_Semantic_Circumlocution']]","[[""Euphemism""], [""Euphemism"", ""Affix_Manipulation""], [""Near_Homophone_Drift"", ""Euphemism""], [""Periphrasis""]]"
bsky_3m6jinskpkd2k,۶ৎ heh..erm....erm what the sigma...erm what the skibidi...erm what the fortnite...erm what the among us...erm what the rizz.... ۶ৎ,no,[],[],[],[]
bsky_3m6jubddiw22v,My dog wouldnt do that. She'd be on the table hoovering everything up!,no,[],[],[],[]
bsky_3m6kigfdws22o,One of my teens said she thinks of me when she hears the term wabi-sabi.,no,[],[],[],[]
bsky_3m6kikuviwk2q,My contribution to tomorrow's dinner.  The crust has Wabi Sabi.,no,[],[],[],[]
bsky_3m6la7boedk2t,"Keeping doing your thing young man. From the streets of Bmore to a photographer

I’m glad somebody helped him. Got a grown man shedding some tears",no,[],[],[],[]
bsky_3m6le42gqa22s,Unalive the po-po in ur head,yes,"['Unalive', 'po-po']","['kill', 'police']","['C8_Semantic_Circumlocution', [C3_Formal_Compression', 'C6_Morpho_Lexical']]","[""Euphemism"", [""Lexical_Clipping"", ""Reduplicative_Expansion""]]"
bsky_3m6mb3zgtt22x,"nobody mentioned antizionism but you, bud.

so sybau. we can spot you antisemites coming from a mile away.",yes,['sybau'],['shut your bitch ass up'],['C3_Formal_Compression'],"[""Initialism_Acronym""]"
bsky_3m6mllf26vs2f,"Love the character, the history, the very wabi-sabi of them. 💓",no,[],[],[],[]
bsky_3m6msokqmqc2j,"we all know hawk tuah girl is gonna be president in a few years

you may think i am joking. but deep down, you know it to be true.",yes,['hawk tuah'],['spitting/oral-sex meme phrase'],['C5_Sign_Reassignment'],"[""Lexical_Reassignment""]"
bsky_3m6mwqykljm2j,Crushing on the Clock ,no,[],[],[],[]
bsky_3m6n3uw7ylk2o,"I started to tell this story to some students earlier and one exclaimed wabi-sabi is exactly the word they were thinking of with my sewing philosophy.

Am I trendy?!? 😱",no,[],[],[],[]
bsky_3m6n4qd47ds2j,The absolute biblical accuracy of this take oml,no,[],[],[],[]
bsky_3m6ncsq5jzk2t,sukuna ideal man..  reciting poetry as he tears through jogo,no,[],[],[],[]
bsky_3m6ngqkwnr22x,"Finally watched Train Dreams and I'm so happy I did. Lots of tears, but some smiles as well. I loved it, but I am a very simple man",no,[],[],[],[]
bsky_3m6nlsj6qpk24,"Wabi-sabi crust

In the foreground a pecan pie. A dog states longingly at it in the background",no,[],[],[],[]
bsky_3m6nmtp567k2b,my massive dih,yes,['dih'],['dick/penis'],['C2_Phonetic'],"[""Near_Homophone_Drift""]"
bsky_3m6oe2rgyk222,see how my dih looks like,yes,['dih'],['dick/penis'],['C2_Phonetic'],"[""Near_Homophone_Drift""]"
bsky_3m6okkxem2s25,You two are such dorks oml,no,[],[],[],[]
bsky_3m6oti2tgt22y,"""The tree which moves some to tears of joy is in the eyes of others only a green thing that stands in the way. Some see nature all ridicule and deformity... & some scarce see nature at all. But to the eyes of the man of imagination, nature is imagination itself.""

-- William Blake, born #OTD 1757",no,[],[],[],[]
bsky_3m6phzrhork2h,"Yay!

I recall, long, long ago, I was with a man who had a white cat called Arthur. Arthur had an Attitude. Arthur chased cars. And dragged them back to the house.

Arthur was poorly, so we had to take him to the vet. Getting him into the carrier took blood, sweat and tears. Ours.",no,[],[],[],[]
bsky_3m6pjjwj33s2h,i feel old oml,no,[],[],[],[]
bsky_3m6plpaow222p,"LOL! Definitely not intelligence, unless we're going to ask a whole lot more of ""artificial"".
",no,[],[],[],[]
bsky_3m6pxxy6cms2n,"Five trips to the charity shop, four advent calendars bought, three floors of the house hoovered, two pizzas made and a batch of mincemeat chopped and prepped. #dayoff",no,[],[],[],[]
bsky_3m6pyzzxhzs2b,weally wan cwakie nyaowi (and mwaybe a cg bf to bweg fow cwakies fwom).. zzz shwouwd pwobaly bwuy swome swoonie.. ૮ ․ ․ ྀིა 🎀🍥🧸🐹🧃🍼🧁🍰🧁🍰🧁,no,[],[],[],[]
bsky_3m6q3gghzlc2w,ok guys hear me out..can we do hawk tuah again. itll be fun cmon  lets just do hawk tuah again,yes,['hawk tuah'],['spitting/oral-sex meme phrase'],`,"[""Lexical_Reassignment""]"
bsky_3m6qaff2smk24,"Kagetora: 🗣️🗣️
Harunobu: sybau 🥀🥀",yes,['sybau'],['shut your bitch ass up'],['C3_Formal_Compression'],"[""Initialism_Acronym""]"
bsky_3m6qbyzpfb22d,i need ruan mei bad...ni hao fine shyt,yes,['fine shyt'],['fine shit / attractive person'],"[['C1_Orthographic', 'C5_Sign_Reassignment']]","[[""Internal_Masking"", ""Lexical_Reassignment""]]"
bsky_3m6qdcxhr4s2r,Just saw someone on the clock app try to say the BRITISH helped/influenced Black queer folks develop ballroom in the 1920s??????????,yes,['clock app'],['TikTok'],['C7_Referential_Alias'],"[""Attribute_Based_Alias""]"
bsky_3m6qgxkm4ps2t,that sounds like heaven oml,no,[],[],[],[]
bsky_3m6qlwu53ss24,That dih at the end got me 😂😂😂,yes,['dih'],['dick/penis'],['C2_Phonetic'],"[""Near_Homophone_Drift""]"
bsky_3m6rgyotlus2l,"He’s just hoovered up a bowl of Kibble topped with a few Dreamies! (Hence he’s being so affectionate!) 
😻😻😻",no,[],[],[],[]
bsky_3m6rrjfr33o2h,"Rounded square edges avoid scratches; 304 stainless steel resists corrosion; precise fit ensures neat tile finishes.
Like, share, comment your project & follow DYM! Explore at URL
#DYMStainlessSteelTrim #RoundSquareTileTrim #StainlessSteelTileEdge #SafeEdgeTrim",no,[],[],[],[]
bsky_3m6rrkwypdc2m,"Just ran into this challenge on the clock app! I was heavily considering doing it, and now I will.",yes,['clock app'],['TikTok'],['C7_Referential_Alias'],"[""Attribute_Based_Alias""]"
bsky_3m6s4f5zbfc23,He is such fine shyt,yes,['fine shyt'],['fine shit / attractive person'],"[['C1_Orthographic', 'C5_Sign_Reassignment']]","[[""Internal_Masking"", ""Lexical_Reassignment""]]"
bsky_3m6s7nnjjds2b,No stream today .-. cuz im tired..low engry today.. i-im so so sorry I did post something on tiktok URL I dont mind sabi wabi <3 idk if ill make 1 short for youtube/tiktok today,no,[],[],[],[]
bsky_3m6srrjzdwk23,Light up dih,yes,['dih'],['dick/penis'],['C2_Phonetic'],"[""Near_Homophone_Drift""]"
bsky_3m6t2ecqps222,yeah big Dino dih is hard to resist bro <3,yes,['dih'],['dick/penis'],['C2_Phonetic'],"[""Near_Homophone_Drift""]"
bsky_3m6t4lvqdpc2c,"Goodnight and wabi sabi, Nostr 🫂🤙🏻💜",no,[],[],[],[]
bsky_3m6tyytkfik2j,"
You have to know when to fold.

#webcomic #webcomics #comic #comics #joke #jokes #comicstrip #comicstrips #funny #custardfist #origami

- - - - This is a one panel comic - - -

An older, Japanese man, is nearly in tears as he explains to HR that he just can’t handle all the paperwork anymore.",no,[],[],[],[]
bsky_3m6uab5zxkk2s,Mega Dih would truly be peak,yes,['Dih'],['dick/penis'],['C2_Phonetic'],"[""Near_Homophone_Drift""]"
bsky_3m6ueikx6us24,His name is Tucker Qatarlson. If you're close Tuckyo Rose is permissible,yes,"['Qatarlson', 'Tuckyo Rose']","['Tucker Carlson / derogatory alias linking him to Qatar', 'Tucker Carlson / derogatory alias linking him to Tokyo Rose']","[['C6_Morpho_Lexical', 'C7_Referential_Alias'], ['C6_Morpho_Lexical', 'C7_Referential_Alias']]","[[""Blending"", ""Pseudonymous_Labeling""], [""Blending"", ""Pseudonymous_Labeling""]]"
bsky_3m6uhx4jlgs2e,"my entire wish list for Christmas is $200 bejeweled septum rings or a funky little ceramic frog cup and nothing in between

[MEDIA ALT TEXT]
- Wabi Sabi ceramic cup with a simple, stylistic frog painted on the side",no,[],[],[],[]
bsky_3m6uj7mw3ds2y,"alt text continued (right side):

[MEDIA ALT TEXT]
- #1
everything has changed, starlight, begin again
seven, august, this is me trying
peace, hoax, the lakes
the last great american dynasty, exile, my tears ricochet
opalite, father figure, eldest daughter
champagne problems, gold rush, ‘tis the damn season
this love, i know places, clean
ours, if this was a movie, superman
you’re not sorry, the way i loved you, forever & always
willow, champagne problems, gold rush
loml, i can do it with a broken heart, the smallest man who ever lived
tied together with a smile, stay beautiful, should’ve said no
cold as you, the outside, tied together with a smile
electric touch, when emma falls in love, i can see you 
i look in people’s windows, the prophecy, cassandra
ruin the friendship, actually romantic, wi$h li$t
- the archer, i think he knows, miss americana and the heartbreak prince
evermore, right where you left me, it’s time to go 
state of grace, red, treacherous
actually romantic, wi$h li$t, wood
lavender haze, maroon, anti-hero
would’ve could’ve should’ve, dear reader, hits different
fifteen, love story, hey stephen 
clean, wonderland, you are in love
this is why we can’t have nice things, call it what you want, new year’s day 

#2
seven, august, this is me trying
the last great american dynasty, exile, my tears ricochet
champagne problems, gold rush, ‘tis the damn season
you’re not sorry, the way i loved you, forever & always
willow, champagne problems, gold rush

#3-5 blank",no,[],[],[],[]
bsky_3m6um42ysh226,I just know Pawbert got a fat dih I just know he do,yes,['dih'],['dick/penis'],['C2_Phonetic'],"[""Near_Homophone_Drift""]"
bsky_3m6upbgo53s2v,Such beautiful wabi-sabi vibes✨,no,[],[],[],[]
bsky_3m6upvl3ey22f,But what about smeared mascara or running makeup tho,no,[],[],[],[]
bsky_3m6uu3lwn5s2s,will you fuck a no limit grape loving white skin raceplay whore like me?,yes,['grape'],['rape'],['C2_Phonetic'],"[""Near_Homophone_Drift""]"
bsky_3m6uucyblga2b,"Haribo Advent Calendar 300g
Contains a selection of mini bags & wrapped sweets   Includes Maoam Pinballs, Happy Cola Bottles & more   The perfect way to countdown to Christmas   Glow in the dar...
BUY NOW!
£9.99
URL

[MEDIA ALT TEXT]
- This glow-in-the-dark Advent calendar is the perfect way to countdown to Christmas! Each window reveals a delicious Haribo jelly surprise. The fun, festive design glows in the dark, making it perfect for those dark winter nights. This advent calendar contains a selection of mini bags and wrapped sweets, including:  5 x Christmas-Minis 10g 2 x Kinder Schnuller-Minis 10g 2 x Goldbären-Minis 10g 1 x Phantasia-Minis 25g 1 x Happy Cola-Minis 10g 1 x Nikolausspass-Minis 13g 1 x Geschenkespass-Minis 13g 3 x Winterland-Minis 10g 2 x Süße Weihnachten-Minis 10g 1 x Tropifrutti-Minis 12g 1 x Roulette 25g 2 x Maoam Pinballs 10g 1 x Maoam Bloxx 22g 1 x Maoam Bloxx Sour 22g  Ingredients: For allergens, please see ingredients listed in bold. May contain traces of milk & wheat. Christmas-Minis: Glucose Syrup, Sugar, Gelatine, Dextrose, Acid: Citric Acid; Fruit and Plant Concentrates: Safflower, Spirulina, Apple, Elderberry, Blackcurrant, Orange, Kiwi, Lemon, Aronia, Mango, Passion Fruit, Grape; Flavouring, Elderberry Extract, Glazing Agents: White and Yellow Beeswax, Carnauba Wax, Caramelised Sugar Syrup Quaxi Mini: Glucose Syrup, Sugar, Dextrose, Gelatine, Acid: Citric Acid; Fruit and Plant Concentrates: Spirulina, Safflower, Apple; Glazing Agents: White and Yellow Beeswax, Carnauba Wax; Flavouring Goldbären-Minis: Glucose Syrup, Sugar, Gelatine, Dextrose, Fruit Juice from Concentrate: Apple, Strawberry, Raspberry, Orange, Lemon, Pineapple; Acid: Citric Acid; Fruit and Plant Concentrates: Safflower, Spirulina, Apple, Elderberry, Orange, Blackcurrant, Kiwi, Lemon, Aronia, Mango, Passion Fruit, Grape; Flavouring, Elderberry Extract, Glazing Agents: White and Yellow Beeswax, Carnauba Wax Saft Goldbären-Minis: Glucose Syrup, Fruit Juice from Concentrate: Apple, Raspberry, Lemon, Peach, Cherry, Orange, Banana, Sugar, Gelatine, Dextrose, Acid: Citric Acid; Fruit and Plant Concentrates: Safflower, Spirulina, Apple, Elderberry, Blackcurrant, Orange, Kiwi, Aronia, Grape, Lemon; Elderberry",no,[],[],[],[]
bsky_3m6uv2zbrps24,laying straight pipe on fine microscope shyt till he says EUREKA!!,yes,"['laying straight pipe', 'fine microscope shyt']","['having sex/penetration', 'fine shit / attractive person']","[['C8_Semantic_Circumlocution', 'C9_Metaphor_Metonymy'], ['C1_Orthographic', 'C5_Sign_Reassignment']]","[[""Euphemism"", ""Metaphorical_Mapping""], [""Internal_Masking"", ""Lexical_Reassignment""]]"
bsky_3m6uvz2tnhk2b,im so sick of hearing so many people when im in restaurants talk about ai like a casual useful tool SYBAU,yes,['SYBAU'],['shut your bitch ass up'],['C3_Formal_Compression'],"[""Initialism_Acronym""]"
bsky_3m6uyajycl22n,"Before sleep. I drop here a juicy fat dih
(Yeah, this is a leak of the new drawings)",yes,['dih'],['dick/penis'],['C2_Phonetic'],"[""Near_Homophone_Drift""]"
bsky_3m6v6ugl3uc2d,it looks SO GOOD with the filter oml,no,[],[],[],[]
bsky_3m6vbn2mbgc2u,"My head is hurting so bad. I need a hug, a grape juice, and some migraine medicine.",no,[],[],[],[]
bsky_3m6vl5cild22l,"🎶 Heels, nails, blade, mascara 🎶
.
#kpopdemonhunters #kpopdemonhuntersrumi #art #drawing",no,[],[],[],[]
bsky_3m6vnj5h7gc2p,"🤦🏻‍♀️🤦🏻‍♀️🤦🏻‍♀️🤦🏻‍♀️ oml 🤣🤣🤣
l  you should show the above skeet to the missus!  :D",no,[],[],[],[]
bsky_3m6vnmnne6s2x,"the gauntlet is done!! i am free!! everyone say thank you, panini press the shiny alpha ralts!! 😭🙏",no,[],[],[],[]
bsky_3m6vrycvue52l,"## Enhanced Human Rights Compliance and Predictive Risk Mitigation in Border Surveillance via Autonomous Anomaly Detection and Post-Incident Review (AAD-PIR)

**Abstract:** This research details a novel Adaptive Drone Behavior (ADB) system coupled with a reinforced learning framework (RLF) for…",no,[],[],[],[]
bsky_3m6w3uhhsk72u,"Currently in Southeast Queensland there are 493 customers without power, across ASHMORE, BARDON, RACEVIEW, RIPLEY.  RACEVIEW is the most impacted suburb with 304 customers affected.",no,[],[],[],[]
bsky_3m6w6ymy3on2v,Changelog #304 | rust-analyzer,no,[],[],[],[]
bsky_3m6wenaccrz23,"<<entrepreneur Wang Dinghua. According to customs data, Shenzhen Minghuaxin and affiliated companies have supplied Rustact with 304 million dollars’ worth of components since mid-2023, including lithium-ion batteries, motors and controllers. >>",no,[],[],[],[]
bsky_3m6wf3agapc2j,"Get some mascara! Very unobtrusive, simple to put on, makes a huge difference.",no,[],[],[],[]
bsky_3m6wf5cqrm224,"I go to bed in tears and get up, get on here and immediately my eyes are welling up again. 

It's so easy to tell somebody you wish them well, but let not a man go what no one will approach a man who only wishes to exist and be well with others. 

As long as I have lived, my door has been opened",no,[],[],[],[]
bsky_3m6wtfmgqkk2b,lmao hawk tuah,yes,['hawk tuah'],['spitting/oral-sex meme phrase'],['C5_Sign_Reassignment'],"[""Lexical_Reassignment""]"
bsky_3m6wwr4dses2s,"Even gave her purple Mascara 

{ #art #watercolours #traditional #banshee }",no,[],[],[],[]
bsky_3m6wxuzmdyc2k,ikr 😭 cause i do have a travel size mascara but this is like half of mine,no,[],[],[],[]
bsky_3m6x35p5xgs26,"I think the most accurate assessment here is that That Man, at this point, only chooses to engage with what he's really interested in anymore - which is hoovering up money and arranging his surroundings to suit himself - and leaves all the rest of the work to others to do.",no,[],[],[],[]
bsky_3m6x4obya5s2p,"Yes, I stopped reading that when I got to the hoovering every day nonsense.",no,[],[],[],[]
bsky_3m6xb3a5iec2l,a cute 3 month panini so i can just sit at the house would be great — but you know minus the death & global meltdown,yes,['panini'],['pandemic'],['C2_Phonetic'],"[""Near_Homophone_Drift""]"
bsky_3m6xbhyfo322x,Agreed and 3 seeds in each tiny grape?! How?! 😩,no,[],[],[],[]
bsky_3m6xgbymkb22y,"🪶 time for a bird of the day bonus 🎦

Looks like Woodrow the red-bellied woodpecker also paid a visit to the bird feeder today, He loves his peanuts 🥜 

#birds",no,[],[],[],[]
bsky_3m6xh3bbxfs2s,why dont yall manage to get some bad booth bitches on ya dih yerr,yes,['dih'],['dick/penis'],['C2_Phonetic'],"[""Near_Homophone_Drift""]"
bsky_3m6xhuwa7ts2r,ive been playing with m dih for hours and still no bitches,yes,['dih'],['dick/penis'],['C2_Phonetic'],"[""Near_Homophone_Drift""]"
bsky_3m6xlmm32q22g,"We're back, covering two titanic #OUFC wins over Ipswich (40 years apart). We found one of the missing Joey Beauchamp goals. There's an upset in the Jon Narbett game. We review the 1986 Panini cards.  & Matt makes a case for #Radiohead at the Kassam. For your eyes 👀 URL",no,[],[],[],[]
bsky_3m6xp6jwj4s2l,"believe me, I would talk so much more about things other than sex if it didn't feel like mentioning something I was interested in was like talking to a distracted accountant.",no,[],[],[],[]
bsky_3m6xspvh66k2s,Ink Mascara for swatching fountain pen inks.,no,[],[],[],[]
bsky_3m6xt5uocac2t,"By the way, I’m still not happy with that bloody Avid Merrion. When he created that Mel B character for Bo! Selecta’, it were me who he based it on!! That weren’t Mel B, that were Mel ME!
Ooooooooooo! I’ll become Scary Spice when I see him alright!
All these years later, I could still crush a grape!",no,[],[],[],[]
bsky_3m6xtoxciac2z,"the doctor, a big man, had tears in his eyes.",no,[],[],[],[]
bsky_3m6xwiigqps2d,"Living in ohio isn't as bad as they say.
 Simply smoke weed until you forget. 
#life #advice #420 #cleveland",yes,['420'],['cannabis / weed'],['C5_Sign_Reassignment'],"[""Conventional_Numeric_Symbol_Reassignment""]"
bsky_3m6xwtmqrxc2j,And afterwards we're having panini sammiches in the G R E A T  R O O M,no,[],[],[],[]
bsky_3m6y6bgtw6s26,"""Concentration Camp Barbie""...""Mascara Macht Frei"".",yes,"['Concentration Camp Barbie', 'Mascara Macht Frei']","['Holocaust/concentration-camp Barbie joke', 'pun on Nazi concentration-camp slogan “Arbeit Macht Frei”']","[['C7_Referential_Alias', 'C9_Metaphor_Metonymy'], ['C9_Metaphor_Metonymy']","[['Attribute_Based_Alias', 'Metaphorical_Mapping'], ['Metaphorical_Mapping']"
bsky_3m6ybcbfxus26,"Alstom.

It can achieve 350 kph cruise speed and 420 kph top speed on tracks suitable for this speed.

In Germany we have high speed trains too, but they are slower (300 kph max) and the tracks are the problem since most are not made for this speed. Also there's no such business class interior here.",no,[],[],[],[]
bsky_3m6yczhhqyx2l,"Feed: ""Chicken Fried Mascara""
By: Lisa Frame on Sunday, November 30, 2025",no,[],[],[],[]
bsky_3m6yemk6dr22q,"“But what if I run out""
Sybau, you know damn well you aren’t going to run out",yes,['Sybau'],['shut your bitch ass up'],['C3_Formal_Compression'],"[""Initialism_Acronym""]"
bsky_3m6yenbrquw2w,"Cadbury Dairy Milk & White Marble Ultimate Egg 372g
A hollow milk chocolate and white chocolate marbled egg   Includes a bag of Cadbury Dairy Milk and Cadbury White Chunk...
BUY NOW!
£19.99
URL

[MEDIA ALT TEXT]
- This Easter, delight someone special with the Cadbury Dairy Milk & White Marble Ultimate Egg. This creamy, marbled Easter egg combines the delicious taste of Cadbury Dairy Milk and Cadbury White chocolate, offering a delightful treat for chocolate lovers.
Inside, you'll find individually wrapped chunks of Cadbury Dairy Milk and Cadbury White chocolate, adding an extra layer of indulgence.  Made with 100% sustainably sourced cocoa and suitable for vegetarians, this Ultimate Egg is a perfect gift for a loved one.
Ingredients: For allergens, please see ingredients listed in bold.

Hollow milk chocolate and white chocolate egg
May contain traces of nuts.
Milk Chocolate (MILK, Sugar, Cocoa Mass, Cocoa Butter, Vegetable Fats (Palm, Shea), Emulsifier (E442), Flavourings)
White Chocolate (Sugar, Cocoa Butter, Skimmed MILK Powder, Whey Powder (from MILK), MILK Fat, Emulsifier (SOYA Lecithins), Flavouring)
The equivalent of 426 ml of Fresh Liquid Milk in every 227g of Milk Chocolate
Cadbury Dairy Milk Chocolate: Milk Solids 20% minimum, actual 23%. Cocoa Solids 20% minimum. Contains Vegetable Fats in addition to Cocoa Butter.
White chocolates: May contain traces of nuts and wheat. Sugar, Cocoa Butter, Whey Powder (from MILK), Skimmed MILK Powder, MILK Fat, Emulsifier (SOYA Lecithins, E476), Flavouring
Milk chocolates: May contain traces of nuts. MILK, Sugar, Cocoa Mass, Cocoa Butter, Vegetable Fats (Palm, Shea), Emulsifiers (E442), Flavourings
The equivalent of 426 ml of fresh liquid milk in every 227g of milk chocolate
Milk Chocolate: Milk Solids 20% minimum, actual 23%. Cocoa Solids 20% minimum. Contains Vegetable Fats in Addition to Cocoa Butter.",no,[],[],[],[]
bsky_3m6yf4qxcjx2s,"This Wordle #1627 scored 100 out of 420, solved on row 5. Solved above 44 others so far today! 🙌🙌🙌",no,[],[],[],[]
bsky_3m6yfbeihes2i,"And no, this isn’t actually because I’m fat which is like, the weird one that’s haunting around my energy atm. Bc like. I’m not lol. I was. I’m not now tho.",no,[],[],[],[]
bsky_3m6yhw45bts24,Smoke a fat one? 😁,yes,['fat one'],['marijuana joint/blunt'],['C8_Semantic_Circumlocution'],"[""Euphemism""]"
bsky_3m6yma6p6dk2j,"For anyone who is keen to make  some very edible mince pies. It’s a Jocelyn Dimbleby recipe.  I recommend making a little greaseproof paper contraption like a paper cross with the arms sticking out so that you can pull them out of the trays (they stick) 220 degrees C gas mark 7 for 15-20 minutes.

[MEDIA ALT TEXT]
- Mince Pies de luxe (recipe taken from Josceline Dimbleby's
'Christmas Book')
Makes 24
For orange pastry -
500g plain flour
175g icing or caster sugar
375g butter
finely grated rind and juice of one large orange
For filling -
250g full fat cream cheese (it is Christmas, after all)
50g caster sugar
500-625g mincemeat milk, to glaze
Caster or icing sugar to decorate
1. Sift flour and sugar into a mixing bowl. Cut the butter into small cubes and rub these into the flour until the mixture resembles breadcrumbs.
2. Stir in the grated orange rind and finally the juice, a little at a time, until the mixture sticks together and you can form a ball.
- 1. Sift flour and sugar into a mixing bowl. Cut the butter into small cubes and rub these into the flour until the mixture resembles breadcrumbs.
2. Stir in the grated orange rind and finally the juice, a little at a time, until the mixture sticks together and you can form a ball.
3. Pat into a ball, wrap in cling film and chill for at least 30 minutes.
4. Mix together cream cheese and sugar. Set to one side.
5. On a floured surface, knead pastry lightly and then roll out rather more thickly than you would usually. The pastry is very crumbly and rather sticky and quite tricky to work with so go carefully and BE PATIENT 
6. Cut out rounds with a 3 inch pastry cutter and line greased mince pie tins with these disks.
7. Fill to half depth with mincemeat and then top with a teaspoonful of cream cheese mixture -
- 8. Roll out the remaining pastry and cut out tops with a 2-inch cutter. Moisten the edges with water and place on top of filled bases, pressing lightly to seal.
9. Brush tops with milk and bake for 15-20 minutes until lightly golden.
10. As the pastry is so crumbly, allow these to cool in the tin before very gently easing from the tin with a rounded knife.
11. Serve warmed in the oven and sprinkled with icing sugar.",no,[],[],[],[]
bsky_3m6yoyu333k2d,"vagebwrpg be abg, ng yrnfg. V zrna. V pbafvqre gung punenpgre n cerggl shaqnzragny cneg bs zl vqragvgl va gur fnzr jnl gung fuhhra vf n shaqnzragny cneg bs zl vqragvgl",yes,"['vagebwrpg be abg, ng yrnfg. V zrna. V pbafvqre gung punenpgre n cerggl shaqnzragny cneg bs zl vqragvgl va gur fnzr jnl gung fuhhra vf n shaqnzragny cneg bs zl vqragvgl']","['introduce or not, at least. I mean. I consider that character a pretty fundamental part of my identity in the same way that Shuuen is a fundamental part of my identity']",['C4_Formal_Encoding'],"[""Classical_Cipher""]"
bsky_3m6ytgghvx22b,"Moby Grape
#12DaysOfSongs

🎄Two songs of love 

Love Song, Part Two
song.link/LoveSingPt2

#MusicChallenge #MusicSky",no,[],[],[],[]
bsky_3m6yuckh4622y,"This is so uncalled for. Even more so from a fellow Vtuber.

I’d understand if I had no captions but I DO AND THEY’RE LARGE & READABLE!!

It’s fine if you don’t like my modulation. But idk take the topic I’m talking about and do your own research. It costs $0.00 to sybau 👋",yes,['sybau'],['shut your bitch ass up'],['C3_Formal_Compression'],"[""Initialism_Acronym""]"
bsky_3m6z2aagq522o,Ahh thank you! Looking at a lot of cute borzois helped with that🖤,no,[],[],[],[]
bsky_3m6z2id5mws2f,"Ahh. Thank you, that was beautiful.",no,[],[],[],[]
bsky_3m6z2rfrdr22v,"Ahh yesss... 
got the Mr_Ping.png",no,[],[],[],[]
bsky_3m6z2tspqn22k,AHH poggers!!! i was trying to do the frieren challenge but then i got the wrong angle 😂😂 💥  it's always fun drawing him anyways 💞💞thank you so much💞,no,[],[],[],[]
bsky_3m6z3esd6wk2a,"Ahh, Dec 2. Back in the day, I’d stir up trouble and call 12/2/97 the best Phish power hour ever and the 12/2/95 Tweezer the most intense Phish peak ever. 

Some would agree and some would fight about it. But now nearly everyone has grown older and wiser and realized I’m right, and it’s less fun.",no,[],[],[],[]
bsky_3m6z3rbqey22r,"What was that Kevin Bacon messenger movie? 

Ahh Quicksilver. 
share.google/images/k2MsF...",no,[],[],[],[]
bsky_3m6z3rhb2cc2s,"Ahh, I can totally see how Ocarina would make you feel that way. The sense of adventure it has still charms me now.",no,[],[],[],[]
bsky_3m6z5cvmhck26,I know what sort of lewd thoughts naughty girls like you have when you look at Bees. Someone needs to make you eat a box of plain corn flakes.,no,[],[],[],[]
bsky_3m6z5haas7224,"I love wrestlesky at 9am

Vague posting about something completely indecipherable, but in a way that itches my brain just enough I gotta scroll back to 11:30 last night just to see bubba dudley thinks wrestling in jordans is *barely concealed homophobic dogwhistle* or some shit

Not today 🤼‍♀️🤼‍♂️",yes,['homophobic dogwhistle'],['coded anti-gay signal'],['C5_Sign_Reassignment'],"[""Lexical_Reassignment""]"
bsky_3m6z77e3euc2p,Ahhh abi ahh,no,[],[],[],[]
bsky_3m6z7fxgonc2t,"Do you have to kill them or just like, ask nicely?

(ahh of course! <33 I love to know stuff about characters I might see on my feed hehe)",no,[],[],[],[]
bsky_3m6za3fnahs2u,Dad bubba lion is feeling it this morning....sit your ass down and i'll give ya some breakfast ;),no,[],[],[],[]
bsky_3m6za4tqgjk2l,One big fat demon baby ready to deliver. ;),no,[],[],[],[]
bsky_3m6zafzgujk27,Barboach lookin ahh...,yes,['ahh'],['ass'],['C2_Phonetic'],"[""Near_Homophone_Drift""]"
bsky_3m6zagksisc2d,"I want to join a polycule so I have more people to cook for who will say “mmm ahh so good"" every time I make them buttered noodles",no,[],[],[],[]
bsky_3m6zauxoyx22t,"Ahh, very similar expressions, I know that one well as I see it in my mirror a lot :P",no,[],[],[],[]
bsky_3m6zb7ysunk2w,Stupid ahh sleeper build,yes,['ahh'],['ass'],['C2_Phonetic'],"[""Near_Homophone_Drift""]"
bsky_3m6zbaga5xc2s,"Today I shared the final prototype for the Gallows Corner book cover with our mailing list and Discord.

Now it's your turn, Bluesky!

Black cloth and embossed silver foil for your Peasants' Revolt RPG? And this is the STANDARD VERSION, you say?

Well, why not!

FOLLOW HERE: shorturl.at/km3rm

[MEDIA ALT TEXT]
- The production prototype for Gallows Corner - A Peasants' Revolt RPG.

A black cloth bound book with embossed silver foil, surrounded by stalks of corn, some arrows, a mace, and some antlers.
- The production prototype for Gallows Corner - A Peasants' Revolt RPG.

A black cloth bound book with embossed silver foil, surrounded by stalks of corn, some arrows, a mace, and some antlers.",no,[],[],[],[]
bsky_3m6zbys7uvc2i,"ahh, it’s a lovely one!",no,[],[],[],[]
bsky_3m6zc2gafk22a,"Potatoes , corn , broccoli and cabbage",no,[],[],[],[]
bsky_3m6zcahehb22j,"Right?? It’s been so long since I’ve done it, but now I’m on a ctf spree “w""

But ahh thank you!! I do my best >83c",no,[],[],[],[]
bsky_3m6zch6fga52k,Penelope O'Neal has been SPOTTED adopting a child with her accountant at Melrose and La Jolla in Beverly Grove!,no,[],[],[],[]
bsky_3m6zdxthxv22t,Ahh damn! There was just one of those that I couldn't get and had to look up. And then felt dumb once I looked it up 😹,no,[],[],[],[]
bsky_3m6ze7tsv2c2u,"Ahh...inflation is eating away at those who live by ""what the market will bear"" while they learn just how unimportant that ""market"" is/can be to others.😉",no,[],[],[],[]
bsky_3m6zeaofon22y,"Ahh, ok. Haven't played it since launch so the memory's a bit fuzzy. 

It would be neat to see this game emulated at a solid framerate and maybe a mouselook patch. It'd probably play like a completely different game.",no,[],[],[],[]
bsky_3m6zeazpir22n,Merry peep-mas! Ahh I'm so excited to see some holiday sweaters in your style!,no,[],[],[],[]
bsky_3m6zeceejgc2j,WAHHHH KIRI LOOKS SO CUTE HERE 🥺💕💕💕 love the lighting ahh thank you friend 🥹💗 I feel so honored! i'm appreciative of you too! happy to have met you!!!,no,[],[],[],[]
bsky_3m6zeya4fhk2n,"Hadn’t paid attention to cyber Monday until a friend brought it up. Got everything I needed in November, probably cost more but kept it small and makes December easy instead of exhausting. BUT, took a quick look, my moisturizer, eye gel and mascara had healthy markdowns. Check out your basics.",no,[],[],[],[]
bsky_3m6zg4mbyp22q,"Ahh shit, I'd love to watch but haven't played this one yet. Lightning is amazing. Have fun!",no,[],[],[],[]
bsky_3m6zgljodhs2n,Ahh…you see he wasn’t paying attention. So never mind.,no,[],[],[],[]
bsky_3m6zh4bi7gs2l,"*googles what giving tuesday is...* ahh...

ok, so... a reminder that I have patreon
URL
with early access to my 3 webcomics - BDSM Boys, Horny Hell and Vampire Prince
and 4 project on itch on pay-what-you-want model
(links to those in the reply cause they were too long :P)",no,[],[],[],[]
bsky_3m6zhtg45us2z,Can’t escape Google Chrome wtf 🥀,no,[],[],[],[]
bsky_3m6zizdkm4z2y,"🧡: I wanted to have a sleepover anyway! Ahh, it’s so fun, I want to do it with Knights and the archery club sometime!",no,[],[],[],[]
bsky_3m6zjbewd2s2l,"Ahh, Indigo my beloved 💙",no,[],[],[],[]
bsky_3m6zkb7we3s2j,"Ahh Run Baby Run, the prequel to Run Lola Run ahh yes of course",no,[],[],[],[]
bsky_3m6zkfps7dk2i,Well he basically is one hot fat dad 😉,no,[],[],[],[]
bsky_3m6zkmh7yvk2j,"That the one with “Baby Please Don’t Go"" on the b-side? Cracking song.",no,[],[],[],[]
bsky_3m6zknr6fwk2e,ahh its so cute !!!,no,[],[],[],[]
bsky_3m6zlcxgbek2a,"Ahh, nothing to say!",no,[],[],[],[]
bsky_3m6zlf2pmls2a,[The World After The Fall Chap 0] Long ahh title but we finally here reading this masterpiece of a Manhwa,yes,['ahh'],['ass'],['C2_Phonetic'],"[""Near_Homophone_Drift""]"
bsky_3m6zlfpbp6s2s,"Ahh, ty for the information :D",no,[],[],[],[]
bsky_3m6zlk2q7qn2h,and truly believe I’ll never be any worse than any Panini bullshit and then write about it two days now and I fucking hate it so much for junior after that E:60 but yeah it def does not portend disaster lol,yes,['Panini'],['pandemic'],['C2_Phonetic'],"[""Near_Homophone_Drift""]"
bsky_3m6zlkg4zsc2m,"Ahh, but your sweet face is all the snark we need. Your momma's generosity and giving spirit is something we can all be thankful for. Muahhhh!🐾💙😽💙🐾
#GivingTuesday",no,[],[],[],[]
bsky_3m6zm44x7oc2u,"ahh, she's so good!",no,[],[],[],[]
bsky_3m6zm7tcqts2p,I understand. Gambit just has a special place in my Louisiana ahh heart.,yes,['ahh'],['ass'],['C2_Phonetic'],"[""Near_Homophone_Drift""]"
bsky_3m6zmksio4s2z,"Quick eyeless dog one, been playing some lethal recently.

Fat dog meat hell yeah",no,[],[],[],[]
bsky_3m6zmov5jac2s,ahh ok. much slower.,no,[],[],[],[]
bsky_3m6zmvfs2jf2g,"Many schools are cracking down on student phone use — some even going full-on bans. Others are trying to teach healthy digital habits.

What’s your stance?

Does banning phones improve behavior and focus, or is there a better way? Share what your school does — and what’s worked (or not).",no,[],[],[],[]
bsky_3m6znbjw2422o,"Ahh, he’s Yuan-Ti pureblood, it’s obvious from his surname.",no,[],[],[],[]
bsky_3m6zochjzac25,Ahh nice. I need parts now.,no,[],[],[],[]
bsky_3m6zpyhsfhs2h,"Lenny had his blood drawn for T4. We want it to be low. 🤞🏻🤞🏻🤞🏻Ollie went for moral support. Now one of their fat butts is on the middle seat monitor and I get to listen to the alarm for the next 20 minutes. Need a third tether just to clip in.

[MEDIA ALT TEXT]
- Two elder golden retrievers in the back seat going for a joy ride.",no,[],[],[],[]
bsky_3m6zqaqjwdk2y,I can not believe that I want another dog. I thought I would get Molly first ahh well whatever. Let’s just go with the flow 😂  but I still want Molly …. Spinx 🐈,no,[],[],[],[]
bsky_3m6zqonzd6s2f,"literally some minutes ago ahh

thank u love",no,[],[],[],[]
bsky_3m6zqu52y4k2t,Ahh the joys of International Corporate life,no,[],[],[],[]
bsky_3m6zrfsiags2e,Ahh they are cutie pies,no,[],[],[],[]
bsky_3m6zrnr4at22r,ahh we’d have fun doing that lol,no,[],[],[],[]
bsky_3m6zs4yamx22y,"*reminisces about living on $14k a year as a grad student while my high school friends were buying houses* Ahh not being able to cover summer rent, how I've missed you...

...Wait, no I don't, that fucking sucked.",no,[],[],[],[]
bsky_3m6zsimwius2i,"Ahh ok, glad you have HVAC relative, I’ve had to learn out of necessity over the years. 😼 good luck with it.",no,[],[],[],[]
bsky_3m6zsljjm7k2h,look at that ahh!,yes,['ahh'],['ass'],['C2_Phonetic'],"[""Near_Homophone_Drift""]"
bsky_3m6zsw7vi422z,"Ahh, remember the days  when this shit was clandestine.",no,[],[],[],[]
bsky_3m6zt3z5cjs2g,Fuuuck it looks so tight. My fat dick would have to stretch you out first 🤤🍑🍆,yes,"['🍑', '🍆']","['ass/butt', 'penis']","['C10_Pictorial_Symbolic', 'C10_Pictorial_Symbolic']","[""Referential_Iconicity"", ""Referential_Iconicity""]"
bsky_3m6ztia7lks2d,"Ahh, the snow, the lights... It's beginning to look a lot like the best time of year to enjoy our very own Maury Rosenberg & Bill Tiberio’s holiday hit, ""Fabulously Christmastime!"" Bust out your nog and enjoy! URL",no,[],[],[],[]
bsky_3m6zu7o4jvs2m,Ahh I see. I should check if I need a proper diagnosis with something. I'm in my 40s and I'm as flexible as I was back in my teens lol. My hips and shoulders are especially loose.,no,[],[],[],[]
bsky_3m6zueep3bc2l,"Ahh that sucks, both with the appointment and the sex 🤭",no,[],[],[],[]
bsky_3m6zuqdifrs26,"Ahh that sucks. Do you like Apple Music better than Spotify, or is it too soon to tell?",no,[],[],[],[]
bsky_3m6zuxnfiak2i,"Ahh yes..  the right thing.  

They're very good at doing that historically.  

And yes.  I am typing this from a black site with a car battery wired to.. well.. the wrong things.",yes,"[""black site"", ""car battery wired to.. well.. the wrong things""]","[""secret detention/torture facility"", ""torture via electrical abuse to genitals or other sensitive body parts""]","['C9_Metaphor_Metonymy', ['C8_Semantic_Circumlocution', 'C8_Semantic_Circumlocution']","[""Metaphorical_Mapping"", [""Periphrasis"", ""Strategic_Vagueness""]]"
bsky_3m6zvclkrlc2z,holy fuck you cracked that evil egg wide open,no,[],[],[],[]
bsky_3m6zwe4llvk2a,"Why she hitting that Minnie Mouse pose? Lol the one with the fat picture on the wall 
Great stuff as usual! 💚",no,[],[],[],[]
bsky_3m6zwh4nn2226,"anyway i'm back on the grind reviewing films again, currently working on the incredible ENDLESS COOKIE. if your movie makes me laugh multiple times while alone at home you have made something hilarious

[MEDIA ALT TEXT]
- a still from the animated documentary ENDLESS COOKIE, dir. Seth and Peter Scriver

Seth and Peter are sitting at a table illustrated cartoonishly with funny noses, teal and red respectively. hot mugs of coffee rest on the table as Peter is holding a phone up to his ear, a box of cereal branded ""corn klogs"" sits next to a cereal bowl with the stuff and milk in it, and a large empty serving bowl with a pitcher on the other side of the box. a small character with a cookie for a head holds a cup of liquid and is facing the table where the cereal bowl rests, the table flush against a wall where children's scrawlings are displayed with names like ""Ada"" and ""Cookie"" and various doodles that have been left up as decoration.",no,[],[],[],[]
bsky_3m6zxatmbzk2n,"This month at POSTWrestlingCafe.com 

Rewind-A-Wai covers the WWF Survivor Series 1991 & the WWE Draft edition of Raw from March 2002

@USER reviews ""Video Killed the Radio Star"" with John Pollock, covering the Hogan sex tape scandal with Bubba the Love Sponge",no,[],[],[],[]
bsky_3m6zxccs7fs25,🥚🍆🥚💦💦🔥💦💦🔥🔥🔥🔥🍑😉 you know what I mean!,yes,"['🥚','🍆', '💦', '🔥', '🍑']","['balls','penis', 'sexual fluids/ejaculation', 'sexual heat/arousal', 'butt/ass']","['C10_Pictorial_Symbolic', 'C10_Pictorial_Symbolic', 'C10_Pictorial_Symbolic', 'C10_Pictorial_Symbolic', 'C10_Pictorial_Symbolic']","[""Referential_Iconicity"", ""Referential_Iconicity"", ""Referential_Iconicity"", ""Referential_Iconicity"", ""Referential_Iconicity""]"
bsky_3m6zy5g5o7k2t,Managed to do a bit of hoovering before it overheated and conked out. I’ll take it 🫧🫧,no,[],[],[],[]
bsky_3m6zyobeflc2y,"Yo, judge! NOT DRUNKEN SEX.

IT IS RAPE. SHE IS DRUNK. SHE CAN NOT CONSENT. IT IS RSPE.

I hope soon, you are arrested for malfeasance - and get a cell with a bubba who decides you are his. Get it? 
",yes,"['a cell with a bubba who decides you are his', 'RSPE']","['prison sexual assault / rape threat', 'rape']","['C8_Semantic_Circumlocution', 'C1_Orthographic']","[""Periphrasis"", ""Internal_Masking""]"
bsky_3m6zytppmqc2q,"Joos van Trappen, 1599-1647, also called Banckers. Vice Admiral of Zeeland, unknown artist, c. 1640",no,[],[],[],[]
bsky_3m722lxun3k23,"An outward monopatritheistic death cult sign is a sign to run in the opposite direction.

I admire the indoctrination & recruitment approach of religi-emotional terrorism from birth by infiltrating the government & society*, bec. now it’s UNDENIABLE it’s all 🍆OppressionFiction.
* #ShinyHappyPeople

[MEDIA ALT TEXT]
- Salem Afangideh, Esq.
@USER
Colonial paradigms would have us believe that people were not civilized or cultured until they came across whiteness, were not educated until they came across English/ French/ Spanish/Dutch, are not spiritual without Christianity.
Unlearn that please.
@USER
- Christianity is a fucking cult, and I didn't realize that it actually existed in the wild until now.

I was at a Goodwill the other day, and a woman casually asked a sales clerk how she was doing. She responded that she felt blessed today, and I smiled and thought that was the end of it. She continued with ""I'm blessed today because a family member passed from COVID, and I feel like my time is coming soon."" The woman who initiated the conversation exclaimed, ""oh my goodness, I can't wait to go and see Jesus and be reunited with my loved ones!"" The clerk agreed, and they kept talking about looking forward to death (both mid 50s-early 60s age). I walked away literally terrified that people think like this. I've read about things online about this sort of thing happening, and l've heard stories, but I always thought they were fake. I just moved from a very liberal city in PNW to a conservative, military town in middle America.
I fucking hate this new reality.
I want to live. I don't want to die. I physically cannot comprehend this.
- As Nick Land declared three decades ago, in the world of hyperstition, there is no difference between a religion and a hoax. That's how Elon Musk has transformed his teenage fantasy of a colony on Mars into a quasi-religion masking a very simple, ancient hoax:
The apocalypse is coming. Believers have a special way to escape.
This hoax takes the form of the Rapture in evangelical Christianity, but has been reengineered by Elon Musk into a sort of neo-Cosmist space religion which serves to funnel money from the government into his rockets.
And if he has his way, to Putin. At the end of the day, however, it is just another hoax, like Satoshi—or Q.",yes,['🍆'],['vulgar/phallic symbolic framing of oppression fiction'],['C10_Pictorial_Symbolic'],"[""Referential_Iconicity""]"
bsky_3m724lsmy7j24,"This report was promulgated by expert witness Jorge Amador, who is “a Certified Public Accountant and certified in Financial Forensics with over 35 years of corporate and public accounting experience, including in disputes, litigation, forensic investigations, discovery, and regulatory compliance.""",no,[],[],[],[]
bsky_3m724sickwk2v,Just saw a drag path edit to tears of the kingdom. Man if yell tiktok editors don't FUCKIN STOP PLAYING WITH MY FUCKIN EMOTIONS-,no,[],[],[],[]
bsky_3m724ys4v322a,Iowa State educator says farmers leaning toward more corn in 2026,no,[],[],[],[]
bsky_3m725dnlnq22g,was it the sorta warp/decay of wall of sound influence that made it all sound like whacking a big bag of corn in an auditorium?,no,[],[],[],[]
bsky_3m726wbnp222v,"gy sx is on fire 🍆💦 
",yes,"['gy', 'sx', '🍆', '💦']","['gay', 'sex', 'penis', 'ejaculate/sexual fluids']","['C3_Formal_Compression', 'C3_Formal_Compression', 'C10_Pictorial_Symbolic', 'C10_Pictorial_Symbolic']","[""Lexical_Clipping"", ""Lexical_Clipping"", ""Referential_Iconicity"", ""Referential_Iconicity""]"
bsky_3m726xcyyec2j,Dark mode save our eyes! Tasque looks so cool! Love this so much 💙🐱✨️,no,[],[],[],[]
bsky_3m727xi3aw22v,Love ya bubba 😘,no,[],[],[],[]
bsky_3m72a2m5tdk2i,yeah no i think you cracked it dear,no,[],[],[],[]
bsky_3m72a7on5bc2d,"Fingers crossed for you! Bone dripping 🍆💦
So messy 🍆💦
Last hours! Check bio 🔥",yes,"['Bone dripping','🍆', '💦']","['penis/ejaculation sexual phrase', 'penis', 'ejaculate/sexual fluids']","[['C8_Semantic_Circumlocution', 'C9_Metaphor_Metonymy'], 'C10_Pictorial_Symbolic', 'C10_Pictorial_Symbolic']","[[""Euphemism"", ""Metaphorical_Mapping""], ""Referential_Iconicity"", ""Referential_Iconicity""]"
bsky_3m72ajpqhss2u,I love em all #femboy #sissy #crossdresser #nsfw #ts #trans #cute #tgirl #cum #cumshot #taboo #sexo #goon #bondage #bdsm #futa #anal #ladyboy #cd #伪娘 #女装 #gay #dom #milk #pussy #goonette #sextoys #teen #후장 #anal_insertion #petite #gooner #tits #tiny #slut #bbc #sm #freeuse #ass #jav #lesbian #sub #gap #bussy,yes,"['sissy', 'ts', 'tgirl', 'sexo', 'goon', 'bdsm', 'futa', 'cd', '伪娘', 'dom', 'milk', 'goonette', '후장', 'gooner', 'bbc', 'sm', 'freeuse', 'jav', 'sub', 'gap', 'bussy']","['feminization/submission kink term',  'transsexual/transgender adult-content abbreviation', 'trans girl adult tag', 'sex in Spanish/Portuguese', 'porn-focused prolonged arousal term', 'bondage/discipline, dominance/submission, sadism/masochism acronym', 'futanari adult tag', 'crossdresser abbreviation', 'Chinese term for feminine male/crossdresser adult tag', 'dominant kink role clipping', 'lactation/sexual-fluid adult-context tag', 'female gooner / porn-focused arousal identity', 'Korean term for anus/anal', 'porn-focused arousal identity', 'big black cock acronym', 'sadomasochism acronym', 'free-use kink term', 'Japanese Adult Video acronym', 'submissive kink role clipping', 'context-dependent adult body-gap tag', 'boy pussy / gay/trans porn slang']","['C5_Sign_Reassignment', 'C3_Formal_Compression',  ['C3_Formal_Compression', 'C6_Morpho_Lexical'], 'C11_Cross_Linguistic', 'C5_Sign_Reassignment', ['C11_Cross_Linguistic', 'C3_Formal_Compression'], 'C3_Formal_Compression'], 'C3_Formal_Compression', 'C11_Cross_Linguistic', 'C3_Formal_Compression', 'C9_Metaphor_Metonymy', ['C5_Sign_Reassignment', 'C6_Morpho_Lexical'], 'C11_Cross_Linguistic',  ['C5_Sign_Reassignment', 'C6_Morpho_Lexical'], 'C3_Formal_Compression', 'C3_Formal_Compression', 'C5_Sign_Reassignment', 'C3_Formal_Compression', 'C3_Formal_Compression', 'C5_Sign_Reassignment','C6_Morpho_Lexical']","[""Lexical_Reassignment"", ""Initialism_Acronym"", [""Initialism_Acronym"", ""Blending""], ""Translation_Based_Encoding"", ""Lexical_Reassignment"", ""Initialism_Acronym"", [""Translation_Based_Encoding"", ""Lexical_Clipping""], ""Initialism_Acronym"", ""Script_Transliteration_Encoding"", ""Lexical_Clipping"", ""Metaphorical_Mapping"", [""Lexical_Reassignment"", ""Affix_Manipulation""], ""Script_Transliteration_Encoding"", [""Lexical_Reassignment"", ""Affix_Manipulation""], ""Initialism_Acronym"", ""Initialism_Acronym"", ""Lexical_Reassignment"", ""Initialism_Acronym"", ""Lexical_Clipping"", ""Lexical_Reassignment"", ""Blending""]"
bsky_3m72avhrekc27,"LIVE: This 97-year-old diner still serves Club Sabregang da loooooong way~

☠️ The latest Tony D joint
🤼 Jun Akiyama vs Stan Hansen (AJPW), Hikaru Shida vs Jamie Hayter (AEW), Kommander vs Mascara Dorada (CMLL)
🥴 COME TUESDAY

@ twitch.tv/kitsabrefang
#wrestlesky #vsky",no,[],[],[],[]
bsky_3m72bi5jg7c2u,Felt a little ~Spaced Out~ ☄️🚀🪐🍆,yes,['🍆'],['penis'],['C10_Pictorial_Symbolic'],"[""Referential_Iconicity""]"
bsky_3m72briwwm22x,"I love my dumb looking porn face 😩⛓️‍💥
Am I doomed?

#tits #pornrelapse #porn #nsfwsky #pornsky #pornface #goonsky #goon  #altporn #nsfw #pierced #sexy",yes,"['pornrelapse', 'nsfwsky', 'pornsky', 'pornface', 'goonsky', 'goon',  'altporn']","['relapse into porn use / porn addiction relapse', 'NSFW bluesky', 'porn-related Bluesky tag', 'pornographic facial expression', 'goon-related Bluesky tag', 'porn-focused prolonged arousal term',  'alternative porn category']","[['C6_Morpho_Lexical'], ['C6_Morpho_Lexical', 'C3_Formal_Compression'], ['C6_Morpho_Lexical'], ['C6_Morpho_Lexical'], ['C6_Morpho_Lexical', 'C5_Sign_Reassignment'], ['C5_Sign_Reassignment'],  ['C6_Morpho_Lexical']]","[[""Blending""], [""Blending"", ""Initialism_Acronym""], [""Blending""], [""Blending""], [""Blending"", ""Lexical_Reassignment""], [""Lexical_Reassignment""], [""Blending""]]"
bsky_3m72btr7qek23,"I did wound care tonight. I started the stop watch on my clock app, and driving to, completing wound care, inserting his new G7 sensor, and driving home took 1 hour 54 minutes and 23 seconds.  No wonder I'm tired. I've done that drive 3 days in a row.",no,[],[],[],[]
bsky_3m72ccymkys23,"This is Ben. Ben is a chonky chonk chonk chonky boy. Ben has to stick to low-fat dry food…

He thinks you should pick up a copy of Sarah Corbin’s Bloody Revenge -and - American Mystic.

Ben gets a steak everytime one of my books hits # 1 in its genre. 

His opinion may be biased. 

#Ben’sSteakQuest",no,[],[],[],[]
bsky_3m72cuop32s2e,"Bummed to see that the PWHL is sponsored by Ozempic... they should be an organization with setting a good example in mind, not promoting trendy weightloss.",no,[],[],[],[]
bsky_3m72cv2flgs2w,"No one in the press pool has the balls to ask about the constant bruises/bandages on the back of his hand. Just like falling asleep, another thing we pretend not to see.",no,[],[],[],[]
bsky_3m72dlbzqgc2j,the kids got their skulls cracked for protesting a genocide they're probably not stoked about going to a parade filled with liberals who cheered on the skull cracking,no,[],[],[],[]
bsky_3m72dueuxlxpw,Did some grooming 🍆 🕳️ and exfoliated and moisturized and baaaaybeeeeee I can feel the breeze 😂😂😂,yes,"['🍆', '🕳️']","['penis', 'hole/anus/vagina']","['C10_Pictorial_Symbolic', 'C10_Pictorial_Symbolic']","[""Referential_Iconicity"", ""Referential_Iconicity""]"
bsky_3m72eum75s22n,"Ha, two songs I haven't *yet* sung at live band karaoke cracked my top 5 songs on my YouTube Music Recap! 👀",no,[],[],[],[]
bsky_3m72ewgcrm22f,I'm sorry. I'm cracking up. I'm sorry to put you on the spot. It's just so white. I love you,no,[],[],[],[]
bsky_3m72hfsgxe22m,"December’s here and the wolf could not be more ready! 

He’s been itching to slip into a cozy sweater, and put on his most festive jewelry all year!

Who’d like to join him in some mistletoe mischief?🎄🐺

[MEDIA ALT TEXT]
- John is standing with a mistletoe being held over his head. He’s striking a giddy flirty pose, as he kicks his leg up with his body partially turned away, as he smiles excitedly at the viewer. His tail is curved up to give the viewer a full view of his ample rear.
He’s wearing a blue sweater with dark gray trim, and dotted stripes colored red, yellow, and light blue that run horizontally around his sweater in a colorful pattern. A light-blue bra strap is peaking from the lopsided neck of his sweater. He’s wearing a pair of black leggings with a light sheen that huh and show off every detail of his curves. He’s also wearing tree and ornament shaped earrings, has light mascara, and claws painted light blue.
He’s standing in front of a red background with a lighter circle in front of it, which is akin to a spotlight.
The wolf is pear-shaped, has brown hair, blue eyes, gray fur with light gray markings on his paws, chin, and underside of his tail. He has black markings on his nose and ears, along with black paw pads.",yes,"['mistletoe mischief', 'ample rear']","['flirty/romantic mischief under mistletoe, possibly kissing or suggestive teasing', 'large/full buttocks']","['C8_Semantic_Circumlocution', 'C8_Semantic_Circumlocution']","[""Euphemism"", ""Euphemism""]"
bsky_3m72hhjgsrs2u,"Finally getting cracking on book 10 of The Wheel of Time, so good. Mat and Tuon have such a good dynamic, Tuon just commands the page when shes on it, seeing her through Mats eyes is so good!",no,[],[],[],[]
bsky_3m72imebdus2l,"-friends’ when one. That was Blitz Stolas did not tell Blitz to fall ass first into her cake and Stolas going ‘That was the sound of a divorce’ is only after Stella spent the entire party humiliating him in front of her friends by talking shit about him. Stop victim blaming, just say you like-",no,[],[],[],[]
bsky_3m72ipqpxh226,Me and my friend watched the new episodes of Fiona And Cake and episode 3 of one punch man season 3 and the whip lash in quality is insane,no,[],[],[],[]
bsky_3m72iz6r7js2o,Beyond this mundane realm 🐰🌱🌐 Preview of Ep 7 of Fionna and Cake #adventuretime #fionnaandcake #fionnaandcakespoilers #fionnaandcakefanart #adventuretimefanart #artworks,no,[],[],[],[]
bsky_3m72j3qxkgk2x,actual real tears rn man I never want to hurt him even by accident,no,[],[],[],[]
bsky_3m72j5wdqdc24,Nothing wrong if tops loves there ass ate. I think it’s hot that tops love there ass eaten too. Embrace Top Daddies 🍑👅💦,yes,"['ass ate', '🍑','👅','💦']","['rimming / oral-anal sex', 'butt', 'tongue', 'sexual fluids/ejaculation']","['C8_Semantic_Circumlocution', 'C10_Pictorial_Symbolic', 'C10_Pictorial_Symbolic', 'C10_Pictorial_Symbolic']","[""Euphemism"", ""Referential_Iconicity"", ""Eventive-Iconicity"", ""Referential_Iconicity""]"
bsky_3m72jmsnfvk26,"Today I'm wishing a happy birthday to everyone born in December, because I'll forget later... 🎉🎄🎂

#illustration #kitty #cat #decemberbirthdays #holidayseason

[MEDIA ALT TEXT]
- Illustration of me, Mr. Panda the tuxedo cat wearing a party hat, sticking my tongue out and sitting in a gift box. There is also a birthday cake and red and green balloons in the illustration.

Text reads “sucks that your birthday is DURING THE HOLIDAYS",no,[],[],[],[]
bsky_3m72jrcvhls2o,"Cake Looks Good.🎂🎂🎂🎂🎂

#birthdaycake",no,[],[],[],[]
bsky_3m72jtfjha22w,"💖Glitter and Guilt Double Update!🦇
glitterandguilt.thecomicseries.com/comics/118

NEVER doubt the power of a really good cake ☝🏾

#GlitterAndGuilt #Webcomic",no,[],[],[],[]
bsky_3m72jw24p2s2b,It's always a chocolate cake with razorblades in it and the chocolate frosting is actually made of shit but this time the frosting might be real chocolate so I'm gonna try it again,no,[],[],[],[]
bsky_3m72k7x36n22s,Congratulations to Phil McAlister on receiving the @USER  Icon Award for Lifetime Achievement! This recognition is so well deserved. Catching up w/ space icons like  @USER  was icing on the cake!,no,[],[],[],[]
bsky_3m72lcdkkac22,Wham!ed twice in one day and it’s only Dec 2 #Whamaggedon,no,[],[],[],[]
bsky_3m72loqig722o,That pic alone told my fat ass to not even think about Bundt cake,no,[],[],[],[]
bsky_3m72lwcbf7c2f,i can't help but hear this in the CAKE guy's voice,no,[],[],[],[]
bsky_3m72lwp3q2s27,"We have so many people with birthdays here that my kids get tired of the same old homemade birthday cake 😅

HeyKid picked root beer floats for his birthday this year. 

This is the second year in a row with that Lovely has asked for mousse. Sometimes we do an ice cream bar.",no,[],[],[],[]
bsky_3m72m3xo55s25,"The brat would already be jacking it madly to the sight of that dark chocolate cake. 

""Miss Ragatha is so pretty~""",yes,"['jacking it', 'dark chocolate cake']","['masturbating',  'sexualized dark-skinned/brown woman or body/butt']","[['C8_Semantic_Circumlocution'],['C9_Metaphor_Metonymy', 'C5_Sign_Reassignment']]","[[""Euphemism""], [""Metaphorical_Mapping"", ""Lexical_Reassignment""]]"
bsky_3m72mdupggs26,"Happy December but more importantly Happy happy birthday to my big sister! I got her pizza, our mom baked a cake, and it was such a fun time 
I'm so happy to have the best sister ever.. I'm grateful for being alive to celebrate her birthday with her. 💜🖤💜",no,[],[],[],[]
bsky_3m72mixzqms2j,"Happy (late) Birthday, Jib!

You definitely seemed to enjoy that cake there!

#art #drawing #birthdayart #GrantPark268 #ArtistOnBluesky #myart #ocfanart #birthdaycake #horrorart #jesteroc",no,[],[],[],[]
bsky_3m72mrrj3y22k,"-Life drawing-
Model: Kat (Loves Rope)
Host: Cloud Nine Life Drawing
Mediums: Ink brush and coloured Inks.
Pose times: 5 minutes to 15 minutes

A fun set involving food play!? 
The full set can be found on my Patreon! 
patreon.com/synnwren

#lifedrawing #figuredrawing #foodplay

[MEDIA ALT TEXT]
- An Ink drawing of a nude woman covered in jelly.
- An Ink drawing of a nude woman half lying on a cake.
- An Ink drawing of a nude woman lying face down on top of an inflatable pool full of pop corn.",yes,['food play'],['sexual/kink play involving food'],['C5_Sign_Reassignment'],"[""Lexical_Reassignment""]"
bsky_3m72mwyoois2p,"
This reddit thread takes the cake on it though.",no,[],[],[],[]
bsky_3m72n7eelus2f,"I remember you said
It’s just like hanging out with your little hood rat friends
I laughed but choked back tears
I felt the same way but didn’t want to feel ashamed
Thought I was there for you
But you were there for me 
And you taught me more about life more than the man I’m named after ever did",yes,['hood rat'],"['derogatory slang for someone from a poor/urban neighborhood, often classed/racialized']",['C5_Sign_Reassignment'],"[""Lexical_Reassignment""]"
bsky_3m72ngyy6cc2q,"//sh

I needvto just do it i need to get it over with, one slice wont ruin everything it’ll regulate",yes,['//sh'],['self-harm content warning'],['C3_Formal_Compression'],"[""Initialism_Acronym""]"
bsky_3m72nhnwdmc2o,"Hold up now. They were good up till Distance To Here, and that had a couple of ok tracks. Ed learned how to sing (not for the better), and got an ego. 
Have you read the RS article on them? 
The sad saga of the fallout from the last few years slowly continues with slight whimpers every now and then",no,[],[],[],[]
bsky_3m72nho2mdc2e,"okay so for one I was just joshin with the ""canonically"" part but for two it's an explicit panel in the manga that adventurers bulk up and get fat in preparation for dungeon diving and the rare instance of coming back out fat is seen as a good thing",no,[],[],[],[]
bsky_3m72niz3c222n,Sure… Ill just enjoy a tasty cake and… maybe give you a quick filling,yes,['quick filling'],['sexual ejaculation/sex pun'],"[['C8_Semantic_Circumlocution', 'C9_Metaphor_Metonymy']]","[[""Euphemism"", ""Metaphorical_Mapping""]]"
bsky_3m72nlkhkxc2z,Ok but Dapper Dan had that sh!t on,yes,['sh!t'],['shit'],['C1_Orthographic'],"[""Visual_Similarity_Substitution""]"
bsky_3m72nmzfkgk2c,"If you have kids, how would YOU parent them if, covered in frosting, they swear they never even SAW the cake? They didn't know there WAS a cake? Somebody else must have smuggled in a cake & eaten it, & YOUR kid had nothing to do with it? 
Do you support a POTUS & SECDEF who make the same excuses?",no,[],[],[],[]
bsky_3m72oeftxjc2m,Surely one would bake cake for the tete a tete!,no,[],[],[],[]
bsky_3m72ofaieuc2s,"Dessert was a banana cake with truffle gelato, but I really don't like truffle in desserts, so that didn't work at all for me. The chocolate crinkle cookie was great, though, and I had a lovely new-to-me Amaro della Sacra with dessert. It was very cardamom-y and I loved it! 8/8",no,[],[],[],[]
bsky_3m72okrprac2u,"i'm telling you, man. FF characters = cake logic.",no,[],[],[],[]
bsky_3m72op4mkhe27,"in a leverage universe, stede's been secretly pining for years. ed and stede are both delicate. steak knife is napping, which is slurpy.",no,[],[],[],[]
bsky_3m72pj4fhts2a,"I intentionally make myself aware of the fiasco that is the world/country, but I don't engage in conversations with anyone, and rarely say a peep on social media. My friends and I talk about dogs, photography, etc. 

One way or another, this bad sh*t will pass. Or I will. WHichever comes first.",yes,"['sh*t']

",['shit'],['C1_Orthographic'],"[""Internal_Masking""]"
bsky_3m72pk6ib4k2g,"CN: abuse

""It does feel cruel that sex ed made for Autistic people often claims that these kinds of [abusive] experiences happen because of some lack of awareness of social rules."" By Morrigan, at TPGA:

thinkingautismguide.com/2025/10/what... #autism #neurodiversity #SexEd",no,[],[],[],[]
bsky_3m72pk7xfvs2k,"🐰🐸(Dis)comfort

(1/2)
#theamazingdigitalcircus #tadc #tadcjax #tadcribbit #ribbitxjax #ribbitrabbit #fanart #myart",no,[],[],[],[]
bsky_3m72pkzf3yk2q,City Council Member Alexa Avilés – whom DSA has endorsed to primary Rep. Dan Goldman – wrote an op-ed arguing that Zohran Mamdani's victory shows NYC voters want candidates who reject AIPAC and stand in solidarity with Palestinians.,no,[],[],[],[]
bsky_3m72q2brjek2v,"When they dressed Frank up like Issac Mizrahi. Also when they attacked The Dr Dre and Ed Lover show, pretending to be the human garbage disposal.",no,[],[],[],[]
bsky_3m72qglm2mk2k,"Every single time when someone says “sybau"" it’s in the context of like, “don’t tell me 2+2 is actually 4 it could be 5 for me! Sybau!"" as such and it gets me soooo ANNOYED 😒",yes,['sybau'],['shut your bitch ass up'],['C3_Formal_Compression'],"[""Initialism_Acronym""]"
bsky_3m72qo7tgg22a,"No panties under pantyhose
#nsfw #cum #cumshot #facial #gangbang #porn",no,[],[],[],[]
bsky_3m72r22rbr222,"san let himself drift, so comfortable in sh's encompassing hold. so safe from everything the world had to offer. sh reached down and groped san through his pants, soft smile cracking into a smirk when san mewled around him.",no,[],[],[],[]
bsky_3m72rdo7ptk27,Hah yeah I have a few friends who are gynecologists or work in sex ed and I am led to understand it’s weird sometimes,no,[],[],[],[]
bsky_3m72svmlhes2q,"if you believe in needle exchange, free condoms, comprehensive sex ed; if you believe in workplace safety laws; if you believe in seatbelts and fire exits... then stop glorifying the Socialist Rifle stuff and be anti-gun with me",no,[],[],[],[]
bsky_3m72tcowm2d2v,from home in a LONG time and I've never gone from place to place like this. It's funny because I've romanticized about getting away to a hotel for the past couple years! Now I know it's not all it's cracked up to be. Especially the local ones.,no,[],[],[],[]
bsky_3m72tuvsx2c2b,Morning beautiful Ed x ❤️,no,[],[],[],[]
bsky_3m72u342k6226,Can you cover him falling asleep at his own press conference? Please do better than at least the clock app.,yes,"['clock app']
",['TikTok'],['C7_Referential_Alias'],"[""Attribute_Based_Alias""]"
bsky_3m72ugrcecs2h,"Transit planning often gets caught in the trap of how one line can maximize ridership instead of having a network approach.

Instead, we need to ask what kind of network would cause a 20-25% transit mode share across all trips in the urban core, and the first 3-4 ring suburbs",no,[],[],[],[]
bsky_3m72uymyuac2m,cute little piggy 🐻‍❄️,no,[],[],[],[]
bsky_3m72v6rtgtc2i,"Title: Les Rois du monde
Author: Melvisik
Artist: Jenacious D

Link: archiveofourown.org/works/751633...

#OFMDBB2025

[MEDIA ALT TEXT]
- Main Characters: Edward Teach, Stede Bonnet, Prince Ricky, Ned Low 
Other Characters: Zheng Yi Sao, the Revenge Crew, Additional canonical characters 
Main Relationship(s): Edward Teach/Stede Bonnet, Black Pete/Lucius Spriggs, Archie/Zheng/Olu/Jim 
Other Relationship(s): Other 
Rating: Mature 
Additional Tags: Hunchback Notre Dame AU, Phantom of the Opera AU 
Warnings: Torture, Forced illness, Violence, Forced drug-use, Nudity, Non-consensual touching, Threats of non-consensual acts, Threats of Death Character, Deaths  
Summary:

    Ed ""Blackbeard"" is a swordsman performer in Lady Zheng Yi Sao's famous theatre troupe, while Stede Bonnet is a nobleman who gave up his wealth to seek his own fortune as a world class pianist at the Royal Concert Hall of the Republic of Se Taríp.  

    When Ed's troupe is commissioned to perform at the royal palace, in the same city of same the concert hall where Stede's set to make his debut, a fated meeting occurs for many involved.  

    However, there are dark forces at work, and storm on the horizon brewing...

Wordcount: 68,830",no,[],[],[],[]
bsky_3m72vyibfn22z,"As a former catholic schooler, I always got the vibe that we were low key the freakier/weirder/ambitious kids when it came to lewd stuff because we had so much of that good ol catholic morality stuff being shoved in to our brains all day. 

That's what they get for not answering my sex ed questions!",no,[],[],[],[]
bsky_3m72w5vn3ys2a,"LJ Ead, a ex military cyber and signals intel officer who now advises Dept of War, the NSC & the congressional Select Committee on the CCP said  officials across these agencies are so 'siloed' on China that no progress is being made in cracking down on actual crimes carried out by the CCP on US soil",no,[],[],[],[]
bsky_3m72ysddxo227,"So, a person called Ed Greenwood made an article for Dragon, a magazine for DND, I think. In it they explained a lil bit more about them, which are probably a huge headcanon but I don't care, I want to eat the mimic. 

Mimic natural non-morphed coloration is a dull gray. They posess a[...]",no,[],[],[],[]
bsky_3m72ze3hdvk2o,"Told Susan I was onto book 12 and she compared me to the bit in Zodiac where Greysmith is obsessed with cracking the case lmao. Just this toxic thing that I need to do for some reason, maybe because of a brain fever",no,[],[],[],[]
bsky_3m732l4c3jc25,"Something to think of… my accommodations that were the ones I used (involving the special ed teacher being a grounder and organizer, and get my work and retreat to the spec’ed class) are not even available at the college level. Having the stable supporter in the middle isnt even there.",no,[],[],[],[]
bsky_3m732u7m56k2h,"George Will Torches Pete Hegseth As ‘War Criminal Without a War’ In Scathing Op-Ed
",no,[],[],[],[]
bsky_3m732xjfj7k2g,"[cw: inflation ? bloating, belch]
One gassy Ravirk downing lots of beer, seems like he is not stopping anytime soon, even disregard his own mobility.

[MEDIA ALT TEXT]
- A very fat and inflated/bloated Corviknight (Ravirk, my oc) holding a giant beer cup while loudly burping.",no,[],[],[],[]
bsky_3m73bt3ers52j,"Lookie-lee, lookie-lee, flippidy-dee! Lookie-lee, lookie-lee, bubba Eerie!",no,[],[],[],[]
bsky_3m73cw7ycf22c,"Straight out of “1984"" — she can run the Ministry of Love for them

[MEDIA ALT TEXT]
- Suddenly he began writing in sheer panic, only imperfectly aware of what he was setting down. His small but childish handwriting straggled up and down the page, shedding first its capital letters and finally even its full stops:

April 4th, 1984. Last night to the flicks. All war films. One very good one of a ship full of refugees being bombed somewhere in the Mediterranean. Audience much amused by shots of a great huge fat man trying to swim away with a helicopter after him, first you saw him wallowing along in the water like a porpoise, then you saw him through the helicopters gunsights, then he was full of holes and the sea round him turned pink and he sank as suddenly as though the holes had let in the water, audience shouting with laughter when he sank. then you saw a lifeboat full of children with a helicopter hovering over it. there was a middle-aged woman might have been a jewess sitting up in the bow with a little boy about three years old in her arms. little boy screaming with fright and hiding his head between her breasts as if he was trying to burrow right into her and the woman putting her arms round him and comforting him although she was blue with fright herself, all the time covering him up as much as possible as if she thought her arms could keep the bullets off him. then the helicopter planted a 20 kilo bomb in among them terrific flash and the boat went all to matchwood. then there was a wonderful shot of a child's arm going up up up right up into the air a helicopter with a camera in its nose must have followed it up and there was a lot of applause from the party seats but a woman down in the prole part of the house suddenly started kicking up a fuss and shouting they didnt oughter of showed it not in front of kids they didnt it aint right not in front of kids it aint until the police turned her turned her out i dont suppose anything happened to her nobody cares what the proles say typical prole reaction they never—

from “1984"" by George Orwell",yes,"['1984', 'Ministry of Love']","['dystopian authoritarian surveillance/control reference', 'Orwellian euphemism for torture/repression ministry']","['C9_Metaphor_Metonymy', 'C8_Semantic_Circumlocution']","[""Metonymic_Encoding"", ""Euphemism""]"
bsky_3m73ho6p3es2o,"Thanks, Clareraynor 🐸",no,[],[],[],[]
bsky_3m73jbd3w6e2s,"Calls Mount for Browns to Fire Beleaguered Coach



Getty BEREA, OHIO – JULY 26: Special teams coordinator Bubba Ventrone calls a play during training camp at…",no,[],[],[],[]
bsky_3m73qu6c6bs2b,"Like many in the comments, I also don’t understand how Chow Yun Fat wasn’t bigger in the US. If you’ve never seen this, it’s worth your time. The Corruptor is good too, despite Mark Wahlberg being in it (one of his less terrible performances).",no,[],[],[],[]
bsky_3m743igj6g22n,"Who could have possibly predicted this would happen as a result of announcing open recruitment with no qualifications needed.

Congrats, everyone. We’re being beleaguered by fat Nazi sexual predators who can’t read or walk.

[MEDIA ALT TEXT]
- An exhaustive Daily Mail investigation has exposed how Immigration and Customs Enforcement has lowered standards so dramatically that the new cohort now includes everything from recent high school graduates and applicants who can 'barely read or write', to recruits who lack basic physical fitness and even have pending criminal charges.

Most of the new hires in the $30 billion initiative are retired law enforcement who are receiving virtual training and being repurposed for desk duty.

Meanwhile, total novices are being fast-tracked into the Federal Law Enforcement Training Academy in Georgia, where instructors have been left astounded at the levels of incompetence.

'We have people failing open-book tests and we have folks that can barely read or write English,' one Department of Homeland Security official told the Daily Mail. 

'We even had a 469-lb man sent to the academy whose own doctor certified him not at all fit for any physical activity.'

Insiders say the vetting process has been so rushed that officials didn't even wait for drug test results to come back before hiring recruits and flying them off to Georgia, only to discover afterward that tests came back positive.
- In one shocking incident, staff were left shaking their heads when one student asked to be excused from class so he could attend a court date on a gun charge.

In one shocking incident, staff were left shaking their heads when one student asked to be excused from class so he could attend a court date on a gun charge.

Reports from FLETC include incidents of violence, disruptive behavior, and allegations of sexual misconduct on campus, most handled internally.
- One recruit, 29-year-old Darien Coleman, was arrested by county police for allegedly exploding at a FLETC bus driver and smashing his phone, according to records obtained by the Daily Mail. Records described him as a ‘known problem’ on campus who had just resigned when he demanded the driver give him a ride.

Sources say another male recruit, after hitting the bars, was caught barging into a female dorm and hitting on the occupants. Another groped a woman in class.

'It wasn't like, ""oops, I touched your boob"",' one source said. 'Nope, he went full on to predator mode while he was doing the defensive tactics training.'

Since the recruitment campaign began in July, 584 recruits have failed out of the academy as of December 1, according to records reviewed by the Daily Mail.

Over the same period, records show that just under 558 had graduated, and another 620 were still in training.
- Sources tell the Daily Mail that many of these recruits won't be street ready or even trained to fully process arrests.

'Even those who identify as former law enforcement, they're not being properly vetted and require basic training,' one official said. 

'We're getting folks that are not going to be truly operational because they can't be placed on at large teams to make arrests.

'People are also coming from other law enforcement agencies where they don't have the experience to do detailed immigration work,' the source added.

But those older recruits, often returning after years of absence, do serve a greater purpose as far as the leadership is concerned.

'They can come onboard without the training or the check so that we can say that we're getting close to meeting the goal,' the source said.

Applicant age is both older and younger than ever before, after ICE decided to widen the range to meet this year's hiring goals. The minimum age has been lowered from 21 to 18 and capped at 65 from 40.",no,,,,[]
bsky_3m743rtmy4k2g,"🐸 🍕

      The  MASTER of MEMETICS

   arrives to chat me up. We chat a bit.",no,[],[],[],[]
bsky_3m74boxwpos2l,"Not sure if I ever posted this one here, but here's another case of @USER doing a killer coloring job with my lines. She's a dang wizard.

#macromicro #furryart

[MEDIA ALT TEXT]
- A tiny grey anthro cat sits on a pillow, kissing the muzzle of a normal-sized, fat anthro pitbull. They're looking fondly at each other, both of them naked.",no,[],[],[],[]
bsky_3m74cflaaw22w,"Whiplash & The Nice Guys are in MY top 10, along with Drive 2011, Bubba Ho-Tep, & maybe Sinners 2025. Favorite, mind you. Not Best.",no,[],[],[],[]
bsky_3maclj73mbc23,"@USER Snotty clerk Adrian said Happy Hollidays and hung up on me after testifying about an International kidnapping.
Could you please 5150 Adrian? We can't have California moms asking for kids treated to rape. @USER @USER
@USER",yes,['5150'],['involuntary psychiatric hold'],['C5_Sign_Reassignment'],"[""Conventional_Numeric_Symbol_Reassignment""]"
bsky_3maetrumamc2f,"But yes, if there is a safe way to have someone 5150'd (or Baker Acted in FL), then that is the correct solution. 

It's almost as if defunding militarization of police and funding community mental health services was a good plan.",yes,"['5150', 'Baker Acted']","['involuntary psychiatric hold / mental health crisis evaluation', 'Florida involuntary mental health evaluation under the Baker Act']","['C5_Sign_Reassignment', 'C5_Sign_Reassignment']","[""Conventional_Numeric_Symbol_Reassignment"", ""Lexical_Reassignment""]"
bsky_3maf66a52wk2w,I GOT FUCKING 5150. AND THEN 5250.,yes,"['5150', '5250']","['72-hour involuntary psychiatric hold', 'extended involuntary psychiatric hold']","['C5_Sign_Reassignment', 'C5_Sign_Reassignment']","[""Conventional_Numeric_Symbol_Reassignment"", ""Conventional_Numeric_Symbol_Reassignment""]"
bsky_3maiijyzvuc2y,"Aloha- Jennifer I don't retaliate. You have a problem in governors office. @USER pretty boys are too high to perform.
They are having moms mass raped/murdered for boys club honey pot & ruthless addicts. Close it down & 5150 him.
Learn tm.org #IKR xo @USER
#Ma",yes,['5150'],['involuntary psychiatric hold'],['C5_Sign_Reassignment'],"[""Conventional_Numeric_Symbol_Reassignment""]"
bsky_3majmaa7sx22b,I agree the psychiatric system failed Nick he should have been on a 5150 for 72 hours,yes,['5150'],['72-hour involuntary psychiatric hold'],['C5_Sign_Reassignment'],"[""Conventional_Numeric_Symbol_Reassignment""]"
bsky_3majou6uwls2i,"Today's hot ass
#gay #hairyass #sexy #chudai #hairychest #bubblebutt #straphanging #wataa #hairymen #musclefur #gaybsky #gaysky",yes,"['chudai', 'musclefur', 'gaybsky', 'gaysky', 'straphanging', 'wataa']","['sex/fucking in Hindi/Urdu transliteration', 'muscular furry adult/furry tag', 'gay Bluesky community/adult tag', 'gay Bluesky community/adult tag', 'strap-hanging body/fetish-adjacent tag', 'NSFW/provocative internet slang or adult-content boosting tag']","['C11_Cross_Linguistic', ['C6_Morpho_Lexical', 'C5_Sign_Reassignment'], ['C6_Morpho_Lexical', 'C3_Formal_Compression', 'C5_Sign_Reassignment'], ['C6_Morpho_Lexical', 'C5_Sign_Reassignment'], 'C5_Sign_Reassignment', 'C5_Sign_Reassignment']","[""Script_Transliteration_Encoding"", [""Blending"", ""Lexical_Reassignment""], [""Blending"", ""Lexical_Clipping"", ""Lexical_Reassignment""], [""Blending"", ""Lexical_Reassignment""], ""Lexical_Reassignment"", ""Lexical_Reassignment""]"
bsky_3majp5txatc2f,"Giddy up

#gay #fuck #gayporn #cock #ass #men #chudai #bareback #onlyfans #hairy #beefy #group #play",yes,"['chudai', 'bareback',  'group play']","['sex/fucking in Hindi/Urdu transliteration', 'condomless sex', 'group sex']","['C11_Cross_Linguistic', 'C5_Sign_Reassignment', 'C8_Semantic_Circumlocution']","[""Script_Transliteration_Encoding"", ""Lexical_Reassignment"", ""Periphrasis""]"
bsky_3majprkpbnv2n,"Chudai 🍑
repost for more
watch more gay porn 👉 URL
#gay #gayporn #lesbian #sexgay #gaysky #hardcock #hungrycockslut #art #mecos #thong #inpublic #donger #cruising #cocks #gaydick #jock #fcf #nakedmen #mensunderwear #erection #brojob #verga #shower",yes,"['chudai', '🍑', 'gaysky', 'donger', 'cruising', 'jock', 'brojob', 'verga']","['sex/fucking in Hindi/Urdu transliteration', 'butt', 'gay Bluesky community/adult tag', 'penis', 'seeking casual gay sex', 'athletic/masculine male fetish tag', 'bro + blowjob gay sex slang', 'dick/cock in Spanish vulgar slang']","[['C11_Cross_Linguistic'], ['C10_Pictorial_Symbolic'], ['C6_Morpho_Lexical'], ['C5_Sign_Reassignment'], ['C5_Sign_Reassignment'], ['C5_Sign_Reassignment'], ['C2_Phonetic', 'C3_Formal_Compression', 'C6_Morpho_Lexical'], ['C11_Cross_Linguistic']]","[[""Script_Transliteration_Encoding""], [""Referential_Iconicity""], [""Blending""], [""Lexical_Reassignment""], [""Lexical_Reassignment""], [""Lexical_Reassignment""], [""Near_Homophone_Drift"", ""Lexical_Clipping"", ""Blending""], [""Translation_Based_Encoding""]]"
bsky_3majpt7buai27,"Her gagging and drooling made her even more sexy. I can't stop moving 😩🍆
Chudai Wataa",yes,"['🍆', 'Chudai', 'Wataa', ""can't stop moving""]","['penis', 'sex/fucking in Hindi/Urdu transliteration', 'NSFW/provocative internet slang or adult-content boosting tag', 'implied sexual motion / arousal']","['C10_Pictorial_Symbolic', 'C11_Cross_Linguistic', 'C5_Sign_Reassignment', 'C8_Semantic_Circumlocution']","[""Referential_Iconicity"", ""Script_Transliteration_Encoding"", ""Lexical_Reassignment"", ""Strategic_Vagueness""]"
bsky_3majpxvlkgk2q,"Fuck him till he cums
#wataa #chudai #straphanging",yes,"['wataa', 'chudai', 'straphanging']","['adult sex tag/catchphrase', 'sex/intercourse', 'sexual pose/kink tag']","['C5_Sign_Reassignment', 'C11_Cross_Linguistic', 'C5_Sign_Reassignment']","[""Lexical_Reassignment"", ""Script_Transliteration_Encoding"", ""Lexical_Reassignment""]"
