ID,Content,ILE found (yes/no),ILE evidence,ILE meaning,Mechanism Class,Mechanism Category
tt-7633592629090962701,"Taco spoon for the win!!! @USER Kitchenware #tacospoon #tiktokshopcreatorpicks #tiktokshopsparkcreators #bigdreamsstartsmall #tiktokshopstarterpicks

Every day is Taco Day. And today is a bad day to be a taco. Okay, we're getting Cinco de Mayo ready. And I just discovered what a taco spoon is. Do you know what a taco spoon is? Look at this thing. This is gonna be able to fill your crispy taco shells with ease without having it spill all over the place. It's gonna be in there with precision. I'm shook. I've never seen one of these before. Immediately add to cart. Bunch of different color patterns to. I have the sugar skulls you're gonna see in a couple different videos. I have the bowl. I got the taco holder. Again, we're getting ready for some tacos. Okay, and like I said, this was just an add to cart cause I've never had a taco spoon, but that explains why I'm using regular spoons and everything's going all over the place. Click the link. This is gonna be for the taco spoons if they're in stock. And let me know what color pattern you guys picked. I just can't help myself when it comes to the sugar skulls.",no,[],[],[],[]
tt-7633592289666944270,"This is a photo of me and my cousin, owner of calios, Taco's in Texas Best Taco's I've ever tasted",no,[],[],[],[]
tt-7633591976599866637,"Part Two, Daddy's Tacos. (Dad said no)#reno #carsoncity #carsoncitynevada

Do you ever wonder what a Gen X thinks? Welcome to Gen X talks. And I'm catching my dad while he's out. Dad? Dad! You drove all the way across town just for daddy's tacos? Not just me. The place is packed. Everybody drove across town for daddy's tacos. Okay, well, then can I get something? Cash registers right there. Knock yourself out. Can I use your card? No, you can't use my card. You're over 18. You got a job. I'm going to bitch. And I gotta provide food for you. Right over there. He's an idiot. Wait, you speak Spanish? It's a minuscule. Think he takes after his mother? Okay, is any of what he's saying getting me a taco? No. Tequila.",no,[],[],[],[]
tt-7633591550341057822,"Make Tex-Mex tacos for dinner with me ❤️ #texmex #dinner #girlmom #easydinner

Alright, we're gonna have some burritos for dinner. Gonna use this shredded chicken from target, some guacamole, some, um, salsa, some guac, cheese and lettuce, and some of this mild sauce. In my opinion, these are, like, really, really good. Don't come for me. I'm gonna make some beans from the can. Alright, so I'm gonna fry my beans. I'm gonna add a little bit of oil. I doctor mine up by putting a little bit of the. Oh, my, that was a lot. As I said, we're having cucumbers with some lime and salt. Alright, so I added a layer of beef. I'm gonna add some chicken, a little bit more. I'm gonna add some cheese and add a good chunk of guac. I'm gonna add some sour cream. So I guess it's not really a taco. I mean, it's not a burrito. It's like a taco. One giant taco. 음",no,[],[],[],[]
tt-7633591477356023053,"Easy peasy🤩 1 lb ground beef Cheese Taco seasoning 7-8 flour tortillas   Optional inside; refried beans, jalapeño’s, green Chiles ect ect  Garnish options; salsa, lettuce, avocado, cilantro, queso, sour cream…I mean list could go on. #tacos #dinner #dinnerideas #sheetpandinner #CapCut

Now, that's a Dango taco. I've been making crispy sheet pan tacos for quite some time now, and I'm just now finding out that there's a much easier way to do this. Let's get going. Get a bowl, pound of ground beef, a cup or two, some shredded cheese, a tablespoon or so, some taco seasoning. I'm not that sure. Well, I used to have some gloves for this part, but we're just gonna go in there and get it good and mixed. Actually gonna dip. It's a paper towel. You need eight flour tortillas. Pop this in the microwave for 30 seconds. Tortilla, a little bit of meat. Spread it out on one side from edge to edge. Now, if you like refried beans, you can do some on this side. Most of my family doesn't like them, and I don't have them for me. So sprinkle a little bit more cheese on this side. Move it on over. Repeat that seven more times. I'm gonna go ahead and spread. These will go in 425 degree oven for 15 minutes. Flip these babies. Flip, baby, flip. I'm gonna sprinkle a little bit of taco seasoning. Oh. Back in the oven for 7 to 12 minutes. Just keep an eye on it. No, that is what I'm talking about. Open mine up. I haven't went and picked me this much cilantro. We can dip this in queso. I'm doing it in sour",no,[],[],[],[]
tt-7633590698998091028,Noob Got Stolen His Taco Skibidi Toilet! 😂⚡ || #stealabrainrot #sab #brainrot #trader,no,[],[],[],[]
tt-7633590543850671391,"Pasta Taco Bowl Dish! Also, noted to never add extra pasta… Ingredients: 1 tablespoon olive oil 1 white onion, chopped 1 red bell pepper, chopped 1 pound lean ground beef (12 ounces if using Impossible Meat) 2 tablespoons homemade taco seasoning or 1 (1-ounce) packet taco seasoning 1 teaspoon smoked or sweet paprika 1 teaspoon ground cumin 1 (14.5-ounce) can diced tomatoes 1 (4-ounce) can chopped green chilis  8 ounces elbow pasta 2 cups beef or vegetable broth 1 cup shredded cheddar cheese 1/4 cup fresh cilantro, chopped 2 tablespoons fresh lime juice (about 1 lime) 1 tablespoon hot sauce, optional Salt, as needed Optional toppings: Green onions, chopped Sour cream Lime wedges #foodtok #tacopasta #pastabowldish #tacos #vlog",no,[],[],[],[]
tt-7633590323779751198,"Thank you to @USER and @USER @USER for telling that story the charcoal, the technique, the tradition behind every single taco. Having our story shared like this means everything to Rey, Osiel, and the whole Cometa family. Come taste it yourself 🌮 #tacoscometa #seattlefood #sinaloastyle #tacosarelife

Walk into Tacos Cometa and you'll hear it, a sound almost rhythmic, like a drumbeat. So when you hear that sound, that sound of the chopping block in, in Mexico, your mouth just immediately starts salivating. For brothers OCL and Ray Gastelan, it's a sound that reminds them of their childhood. You know, you know you're going there, your feet just starts going directly to that, to that place. Ray and Ocel are the chef owners of Tacos Cometa. What started as a late night stand on the sidewalk is now a gleaming new taqueria in the heart of Capitol Hill. We do Sinaloa style charcoal grilled carne asada tacos. That's our focus. We want to do one thing, do it right. Yes. While there will be the occasional special at Tacos Cometa, there is only one meat option, carne asada, and three different menu items, a taco quesadilla and a vampiro, traditional dishes. Ray and docile grew up within Sinaloa on the Pacific coast of Mexico. We are well known for amazing seafood, but also for our beef. So when you go to a taqueria, most likely it's going to be carne asada. The flavors are very bold. They're very smoky. And I think this is what we want to, want to bring here to Seattle. Tacos Cometa may have started on the street, but the level of precision, the uniformity of the knife cuts gives a clue to the brothers backgrounds. Each has spent their career climbing the Ranks in Michelin starred kitchens. I'm talking some of the finest restaurants in the world. when they finally came together to start building their own project, they chose Seattle because of its similarities to Sinaloa. For us, it was mostly about where Seattle is placed. We came here during the summer and we went to the farmers market and we really fell in love with what we saw. The initial plan, open a fine dining restaurant. And while that's still in the works, Ray and Docel let the city speak to them and realized what Seattle wanted was tacos. People are what really made us like, okay, people really want it. That's, that's where they're, they're asking for. Um, so we want people to, to feel our embrace when they, when they come here and really feel the love on each, each bite of the taco. The magic of these tacos is the simplicity. The brothers start with high quality beef seasoned with salt and always cooked over charcoal. Why is charcoal so important to the carne asada recipe? Well, it's everything. It gives it all the flavor. We're doing something super simple, just great quality meat, salt and the rest is the charcoal. Who doesn't work to build the quintessential Sinaloa style taco? Chopped carne asada is topped with cabbage, red onion and of all things, tomato sauce. There's something about the simplicity of just adding that, that tomato. It makes sense when you, when you think about It tomato has a lot of, of umami. The purpose is for it to, if you were just to sprinkle a little bit of MSG on top of it, that's the purpose of it. It makes everything just last a lot longer. The tacos are served with two types of salsa and a cucumber, which acts as a sort of palate cleanser. And the brothers tell me they should be eaten immediately, but you have to eat it now. Yeah, that is just eat it. Eat it while it's hot. I would do half and half of the salsas. They're spicy, huh? Go. And I'll squeeze the lime. Beautiful. Enjoy. It's unbelievable. The tomato is, like, stunningly, like, to me, so important to the bite. But it's the flavor of the meat that shines through. And all the accompaniments just allow it to sing it. It works like a symphony, like everything has its place and then altogether it's just like magic. And perhaps the critical ingredient at Tacos Cometa is the intangible one, Ray and OCL's shared passion. This is food that matters to them. It's rooted in memory, representative of their culture, and it speaks to their soul. We're very proud of what we do, but we're not doing something very different than what we grew up with. What is so special about our taco is that we are respecting exactly how we, uh, grew up eating it. That's, that's what's so special about it. That's what's rare. For Seattle Refined, I'm Brandon Bernstead.",no,[],[],[],[]
tt-7633588398816595213,New York has sooo many great food spots but these are some of my faves.  1 - 📍Citizens of Chelsea. The blueberry pancakes and French toast >>> 2- 📍 Ajo y Orégano. Honestly everything is good from there lol  3 - 📍Amy Ruth’s. Picture not doing this place justice but they might make one of the best fried chicken  4- 📍Birria LES. If you want to try a new taco spot now you know where to go  5 - 📍Suggar Plums. I still can’t believe this was the only time I had their food but def think about that plate often lol  #photopostcampaign #hiddengemeats #eatlikealocal #newyorkfood #westchesterny,no,[],[],[],[]
tt-7633587854890880274,♬♪ This song: TACO O PAU 🔥 ♪♬ #phonk #viralphonk #tacoopausong #funk #song,no,[],[],[],[]
tt-7633586077655141663,"Taco bowls

So while the meat is, um, marinating, I have a can of southwest corn, a thing of black eyed beans. Black eyed beans. Black beans. Better not say that out loud. Black eyed. Because, Jeff, I have a cow. No, black beans. That. I'm gonna rinse these and I think of refried beans. Simple, nothing to them. I'm gonna rinse these and put in a bowl and. And warm these up, open these up and drain them. Have these warmed up and open this up and warm this up. Put it to the side, and then, um, we're gonna. As soon as I get the meat going, I'll show you how I'm gonna do my tortilla bowls.",no,[],[],[],[]
tt-7633585799539346718,"Evangeline Parish Kitchen Squirrel Tacos

What we got going on in that Evangeline Parish kitchen today? We're gonna do some squirrel tacos. Last night I put five squirrels in the slow cooker, got them all deboned, pulled all the meat off this morning, been sitting. Well, I don't wanna do it like it. I wanna brown mine first. Not even sure how to do this. Never did it before, but we don't give it a shot. Brown down. It's like at least two pounds of squirrel meat, maybe a little more, but we're gonna get that brown down. Alright, we're gonna go in with 1/2 a bell pepper and 1/2 onion. We'll make it taste good one way or another, huh? Alright, we went in with some taco seasoning. We'll throw some southern boys in there too. I don't know. I'm just playing with it. I'm experimenting. Alright, got all that cooked me up together. We got some taco sauce, jalapeno, triple cheddar. That's the cheese I got over here. That's what we're gonna use today. Moment of truth. Let's find out if it's any good. Twirl meat in there. I wanna put the jalapeno too in there with it. I like jalapenos little bit of sauce, little bit of cheese. Yes, I can put some sour cream on there too, but I'm gonna give it a try. So baby, you done with the oil? It's good. I give that a solid 9 out of 10, but I could use a little bit of sour. Cream on it. Thank y'all for tuning in. Thank y'all for following and likes.",no,[],[],[],[]
tt-7633585663933238558,"Happy Margarita Monday (It’s a Thing) from Taco Caballito Tequileriain Cape May, NJ. Darren did a great job today and their tacos are amazing as well as the Margaritas! #greatfoodanddrinks✅ #MargaritaMondayItsAThing #solsticemedia #tacocaballitocapemay #Tequileria",no,[],[],[],[]
tt-7633584577264553230,"I can’t believe more people aren’t talking about this spot… 👀🔥 First time at Tacos La Villa and yeah we should’ve been here. The chicken birria tacos? Yeah… those stole the whole show. Crispy, loaded, and gone way too fast. Tried the pizza birria, steak burrito verde, chicken tamales, and caldo de res… and that heart-shaped taco platter? Yeah, that’s different especially for Mother’s Day 👀💐 And of course… had to grab the Jarritos to go with it. With Cinco De Mayo and Mother’s Day coming up, this might be the move if you’re trying to switch it up and not hit the same spots everybody always goes to. 💬 Be honest… you going birria tacos or that taco platter? 👀 👉 Follow @USER for curated recipes + ATL spots that actually hit Sponsored visit — all opinions are my own. #AtlantaEats #SmyrnaGA #BirriaTacos #MexicanFoodLovers #FoodieBawse",no,[],[],[],[]
tt-7633584482347535636,Naughty @USER๛TACO 🤣 @USER • DRACULA @ヅAPEX๛ડꪖꪜ  URL #pubgmnextstarprogram #PUBGMS29,no,[],[],[],[]
tt-7633584176939175198,"Cheese cereal, tacos from @USER  ( via @USER ) #explore #foodie #foodporn #cooking #fyp

Oh, my god. You did not go taco shells the cheese way. Oh, that good mozzarella. Oh, look at that color on a nice look. Like it's burned, too, but they good. It's something up that little burrito. Yes, indeed. Dunk it. We'll take a thousand of these to go, please.",no,[],[],[],[]
tt-7633584054293531935,I love a good taco 🤭 #jollybeeme #homemade #tacos #fyp #chicago @USER Bee ❤️ @USER,no,[],[],[],[]
tt-7633582794924461330,Eggcornbeef +tuna taco #breakfast  #taco  #healthyfood  #yummyfood,no,[],[],[],[]
tt-7633581757790555423,Do not come for me because I prefer taco salad 😝😝,no,[],[],[],[]
tt-7633580954585435423,"trying new menu items from @USER 🔥 chicken nuggets and NEW baja blast 👀

Taco Bell has chicken nuggets now. It came with this bell sauce, which is like, it's orange color. It smells almost like a creamy chipotle. Oh, wow. Hmm. It almost tastes like the sauce that they put in the quesadillas. It almost tastes like the sauce that they put in the quesadillas. Can I be honest? They are good, but they do taste air fried. They just like. I air fried, um, chicken nuggets from home. I cannot tell you the last time I had nacho fries. Oh, they're not crispy. Are they permanent menu item now? Last I remember, they were playing in our faces. They weren't. They just, like, brought them back for, like, two weeks and then took them away. I think they're permanent menu item now. Sauced way. It's giving Buffalo Wild Wings. They also had this purple Baja Blast, like really carbonated grape soda. I like the original Baja Blast better. I think. So. I've said this once and I'll say it again. I think I would go to Taco Bell more often if they had Coke instead of Pepsi products. It's like, imagine a Diet Coke with Taco Bell Pep. Pepsi's fine.",no,[],[],[],[]
tt-7633580403802049805,"Everything gluten free except for slide 8. 2. Homemade tuna and imitation crab sushi  3. Tofu cabbage soup  4. Gluten free almond flour chocolate cupcakes  5. Bake chicken, high protein coleslaw w/ hummus  6. Lamb tacos  7. Scalloped sweet potatoes, chicken & veg 8. Chicken dumplings 🥟  9. Lamb salad 10. My version of Wendy’s Taco Salad  11. Ratty Ratty girl dinner  12. Baked lamb, string beans & sweet potato  13. RATTY RATTY  14. Steak w/ chimichuri (side: gluten free baked Alfredo (chickpea pasta) and corn) 15. Beef and oxtail pho 🍜  16. Sweet potato brownies  17. Coconut curry  18. Crunchy tacos w/ low carb shell  19. Quinoa bowl with an egg, imitation crab salad, cucumber & carrots  20. Tilapia ceviche",no,[],[],[],[]
tt-7633580369685581087,Taco Cochino video!!! Mail day!! Join me tonight on whatnot 735pm eastern!! @USER Chavez 🐊🐊 @USER @USER #unboxingvideo #baseballcards #fyp,no,[],[],[],[]
tt-7633580050884971798,Messy no talking Mukbangs  . . . . . . . . . #asmrfood#bigbites#foodie#yummy#messy big back messy Mukbangs chilli cheese dogs lasagne pasta chipotle burgers buldak samyang carbonara ramen noodles burger whopper McDonald’s Taco Bell chipotle creamy pasta dessert pastries fruit cookies brownies dessert cake.,yes,['big back'],['overweight'],['C8_Semantic_Circumlocution'],"[""Periphrasis""]"
tt-7633580033008766239,Taco Bros gone hit everytime!! Vegan torta and taco combo!! #sunnisays #veganseatinggoodinourneckofthewoods #sunnisguidetogrubbing,no,[],[],[],[]
tt-7633579736891018527,"I really want a burrito now. 🌯 #tacobell #miniverse #unboxingvideo

Hi guys, I'm back with another unboxing or unballing. And I got the Taco Bell miniverse. I'm in a new space. I'm in my back room. Um, sorry, it looks crazy in here. I mean, I haven't done very much work in this back room. And I've lived in this house for like five years, I think, maybe six. I don't know. I've. I've done a lot of, like, do do it yourself stuff in this house. My husband, sometimes we get some friends to help us, but we haven't really done much to this back room. There's a lot we still gotta do. We got old paneling. I don't think I wanna remove the flooring. I gotta do something with. Cause I was trying to do something I saw on TikTok with flooring myself, and it didn't really work out. So now I'm gonna have to go a different route. I can't decide if I wanna do carpet or if I wanna do actual flooring. I don't know yet. Maybe actual flooring, cause I don't really like carpet, but like, no animals and my toddler doesn't really go in this room. So I'm planning this room to be like our gaming hobby room slash closet. Yeah. I don't know, but I've been wanting one of these, the Taco Bell ones, and I finally found one. Went to Walmart the other day. Let's see what we get. Okay. I don't like these directions. Just too much to read it. I like these Picture. Oh, my goodness, the picture directions. Look at that. Look how beautiful. Oh, my goodness. I wonder, any of these. Oh, they got the Mexican pizza on here. Oh, yes. Crunchwrap Supreme. Mmm. I like to get that. Oh, the Cantina chicken bowl. I've been getting that lately, cause I've been trying to eat a lot of protein, and you'll watch all my weight and all that stuff. Ooh, churro chiller. You know, I haven't had that before. That sounds good. Spicy potato soft taco. I think I've had that and I didn't really like it that much. Let's see. Oh, they gave you a little full wrapper. Okay, is this spicy? It's got flaming. Oh, Diablo. See you on the other side. Okay, then we got. What else we got? We got fire. Didn't hear it from me. Okay, so what we got? Aah! Look, it's little tortillas. What? Little tortilla. Oh, I like many things. I don't know how I got into this, but I think I saw a lady on TikTok doing these mini versions of. I want to try it, and it looks fun. Y'all, I got seasoned rice, and it actually looks. And it looks like little rocks, little pebbles, like, kinda like rice. Looks very similar. Sorry, y'all can't see that. Really good, but I'm so excited. Oh, my goodness. I'm sorry. I got sour cream, fiesta tortilla chips, and three cheese blend. Look at that. Oh, you can't see it. My bad. Let me see the back of it. Where are those white things? That's the sour cream. Oh, okay. What else did we get? Okay, we got white beans. Black beans. Yes. Okay, that is so cool. Okay. And that's it in that little thing and we getting this thing. Is this like all one thing and this is something else? I haven't like, looked into it. I didn't want the Taco Bell kit. Oh my gosh. Oh my goodness. Oh my goodness. They gave you little sauce packets. It's so blurry. Can you see it? Little sauce packets. Oh my goodness. And a little tray. And then they give you so tweezers. They give you little tongs. Okay, I'm not gonna throw these away. I normally throw those little tweezers away, but I like these. A little Taco Bell sign and then give you some. What is it? Chipotle sauce? Yes. Okay, got it. Okay, what are we making? I like this ball. I might keep it. You know, that'd be a cool Christmas ornament. Maybe. Maybe I can try to reuse it. It says live Moss on it. Okay, so what are we making? Okay, guys, I. I think we is making the black bean grilled cheese burrito. This one? I think so, cause we got all the ingredients for it. So let's read the directions of how to put it together. Okay, I got all the things open. This is the rice. Oh, there we go. You see? It isn't It crazy. And then this is the beans. They got like, some beans in there. And it's like sparkly beans. And then we got the cheese, the tortilla and the sour cream. Cute. Oh, I dropped the cheese. And then here's the tortilla. Oh. Oh, I don't. Accidentally tore the tortilla a bit. Hold on. The tortilla is like this rubbery stuff. It's like rubber. But I thought I tore it, but it's okay. Okay, now she's cooking under my U V. Light for about 5, 10 minutes. Then we roll her up. I hope I didn't put too much sauce, but hopefully it'll be alright. Ooh, y'all, look at that sauce. Okay, I didn't do the best rolling job. Okay. I don't roll things. My husband, he does that for me. But anyway, um, there's a cheese over there, but we're gonna put the cheese on there. Oh, goodness. If I can get it. Okay. Okay. We added the cheese and more sauce. Do she look yummy or what? What you think? I mean, I tried. Okay, then we're gonna let her bake for about 10 minutes. I say, oh, it comes with that little fold, like roll your burrito up in it. But I don't think I really wanna do that. I think I would wanna leave it like that. It's like all the cheese. It just looks natural. This lighting in here is boo boo. But I'm planning to get, like, maybe some, like, L E D Strip lights. Or maybe I should wait until after I get the walls done. I don't know. But. So I can have like more lighting in here. So dark in this room and. But she's almost done. I'm so excited. I want. This makes me kinda want a burrito real bad. But I don't have no burritos in my house. And I don't have time to go to the store today. I mean I could, but I don't really want to cause I gotta go get my toddler soon and. Toddler at the store. Mhm. Okay y'all, she's all done. Look at her. Oh my teeth. Isn't she lovely? Would you eat it? Yes or no? Be nice. Okay, we're gonna put her in the ball. Look, the little thing goes right there. Oh my gosh. And then we put the seasoned rice. It's like putty. Well, I guess it's kind of like putty. You can just like play with it or put it on a plate. I guess there's no leave in the bag. I'll put all the stuff in here for now. Maybe I'll put it on a shelf to display it. Okay, we got all the stuff in here. And then we're gonna put the little top on there. Oop, how cute. I want more. Okay, thanks for watching. Bye.",no,[],[],[],[]
tt-7633579295968873741,"New favorite ice cream spot in San Diego?🍦🔥 sunnyscoops_icecream Family-owned, 35+ rotating flavors, and EVERYTHING hits 🤯 HERE’S WHAT YOU NEED TO ORDER 👇 • Waffle Taco 🌮🍦 — warm waffle loaded with 3 scoops, drenched in hot fudge, whipped cream, sprinkles, cherries • Chocolate-Dipped Waffle Cone 🍫✨ — handmade, crispy, dipped in rich chocolate + covered in sprinkles Save this for your next sweet craving 👀 #sandiegoeats #sdfoodie #icecream #dessert

This might be my new favorite ice cream spot. Sunny Scoops is family owned and they're serving up over 35 rotating flavors with premium ingredients. Let's talk about these famous waffle tacos. A fresh, warm taco loaded with three scoops of your favorite flavors, drenched in the hot fudge, topped with sprinkles, covered in whipped cream and delicious cherries. It's indulgent and it's absolutely worth it. And then there's your popular handmade waffle cones. A fresh, warm handmade waffle cone, perfectly crisp, dipped in rich chocolate and coated in colourful sprinkles all around. A perfectly dense and unreal scoop packed with flavour. Plus a fun outside area with games. You need to bookmark this video and visit this weekend.",no,[],[],[],[]
tt-7633578650289310990,"Hayley Williams live at the Wiltern on 5/15.  We've got tickets with your name on them, maybe 🪂! How to enter to win:     1    To enter online, comment here with your fav Hayley Williams lyric ever, + tag the friend you'd bring to the show. AND/OR     2    Order a Parachute Band Taco at any HomeState location, make sure to get your receipt. Write your name, email, + IG if you’ve got one on the back, then drop it in the fish bowl.  (Did we mention $1 from every Parachute taco goes to Immigrant Defenders Law Center !) We’ll draw one entry from socials, one from the fishbowl, & announce one winner! Contest closes end of day on 5/3, Winner is announced 5/4. Good luck!! Team HomeState",no,[],[],[],[]
tt-7633578576796798221,"🌮 Have you ever had a birria bomb or a cheeto quesarito? Because Dulles Market in Sterling is changing the game with latin-indian fusion and I haven’t stopped thinking about it!! The tacos and pupusas here are some of the best I’ve ever had 🥹 Don’t forget their churros either!! ✨ What I got: • Birria bombs • Cheeto quesarito • Pupusa (pork & cheese) • Chicken curry taco • Beef birria taco 

Have you ever had a Quesarito stuffed with spicy Cheetos or a birria bomb? Yeah, I didn't think so. Dallas Market in Delhi and Sterling is truly a hidden gem. They're serving Latin, Indian fusion, and honestly, some of the best tacos and pupusas I've ever had. You can tell Their food is made with so much love and care, so definitely go check them out!",no,[],[],[],[]
tt-7633578181865491715,"How Do You Make Tacos With Nopales Cactus 🤤

Slice the cactus leaf off the plant and grab it with tongs to avoid the spikes. Next, scrape it clean with a knife, cut off the edges and base, then rinse it in water to remove the spikes you missed. Pat it completely dry and coat it in oil and salt, then place it in a pan and press it down to fry. Once it's brown on both sides, put the cactus on a tortilla, add meat, sour cream, and herbs, and enjoy your cactus taco. If you start in the middle square and your opponent chooses a corner, you'll both keep trying to block each other's moves, which will always end in a draw. But if they choose a side square instead, you can make your next move above or below your first Mark. And even if your opponent blocks one winning line, you can use the corner square to create a second option. So once they block that line, you can still win the game with your next move.",no,[],[],[],[]
tt-7633576748050943250,"Taco Time Hot Sauce Recipe    Ingredients: - 1/4 cup of Water   - 1/2 cup of Dried Arbol Peppers   - 1 tablespoon of Fresh Cilantro, Chopped   - 1/2 cup of Distilled White Vinegar   - 1/4 teaspoon of Chili Powder   - Salt to Taste   - Freshly Ground Black Pepper to Taste   - 1/4 teaspoon of Freshly Ground Cumin Powder   - 1/2 cup of Shredded Carrots   - 3/4 cup of Diced Red Bell Pepper   - 1/2 cup of Minced White Onion   - 1/2 stalk of Medium Celery   Instructions: 1. Remove the stems from the dried arbol peppers and toast them in a dry skillet over medium heat for about 2 minutes until fragrant    2. In a heatproof bowl, pour boiling water over the toasted peppers, covering them completely, and let them soak for 15-20 minutes until softened   3. Drain the soaked peppers and transfer them to a blender with fresh cilantro, red bell pepper, white onion, and celery, blending until smooth   4. Pour the blended mixture into a saucepan and add distilled white vinegar, water, chili powder, salt, black pepper, and cumin, stirring well to combine   5. Bring the mixture to a boil over medium heat, then reduce the heat and let it simmer for 20-25 minutes, stirring occasionally until slightly thickened   6. Taste and adjust the seasonings as needed by adding more chili powder for spice or more vinegar for tanginess",no,[],[],[],[]
tt-7633576400686992654,"Healthy take on a taco bowl!!! #healyhylifestyle #mealideas #healthyrecipe #toddlermomlife

I just had to show you all one of my favorite healthier dishes. Baked sweet potato, taco, ground beef, some of the. You can really do any plain Greek yogurt. This one has 25 grams of protein. Tastes just like sour cream. I love sour cream. So we're popping a lot on there. So do a. Just a little bit of ponchos, cheese dip, drizzle of this. Oh, that was quite a bit. It's okay. We got green onions. Nip them on to. Really good as a meal prep, too. Y'all are not orphans. Y'all are the furthest thing from orphans. Anyways, it's a fin for yourself. Kind of not, cause this is what I'm having, and he's gonna talk crap if I made it for him, so. And my potato didn't get as soft as what I wanted, so that's kind of lame, but. Hmm. It's really like a Taco Bell. It's so good. It's got zero. Feel the burn. Cheers. I'm gonna go enjoy this. Love you. Bye.",no,[],[],[],[]
tt-7633575298490977550,I want me some taco bell and some doctor pepper ngl #fypシ,no,[],[],[],[]
tt-7633574620393688351,I love tacos!!! #taco #tacolover #baddaytobeataco #shirt,no,[],[],[],[]
tt-7633573696216534303,"we ended up switching i didn’t hear him say he wanted the taco 😭 #fugglers #foryoupage #trending #blindbox #unboxingvideo

Me and my boyfriend finally found the Fuggler blind boxes and we're so excited. And I want the burger so bad. I really want the snow cone or the donut. I've seen a girl open the donut and it's so cute. It's literally so cute. I want the burger or the taco, and if I get the pizza, I'll be pressed. Yeah, he's gonna be mad if he gets the pizza cause he says it's ugly, this pizza. But they're only at Walmart, guys. Oh, oh, I don't like this. Okay. I like that I got the donut. I love the donut. I love him. I'm mad. We can trade. No, no, literally, look at him. Haha. Oh, haha, bro. Okay, wait. I also got this, so I want to open this too. It's a Tokidoki series one mystery pack, and I think they're all really cute. I really want the strawberry milk one, though. Um, vet du HVA 아 ㅎㅎ 어 it's so cute. Okay, haha. That's all. That's all. Bye. Bye.",no,[],[],[],[]
tt-7633573478637047071,Does anyone else have a bag of Taco Bell hot sauces? #food #dinner #lunch #taco #breakfast,no,[],[],[],[]
tt-7633573261787270414,What a weekend for the taco #fivestar #pantsbeer #problem,no,[],[],[],[]
tt-7633572344778296590,Taco casa! 🌯 #mukbangeatingshow #eatingshow #yummy #food #tacocasa,no,[],[],[],[]
tt-7633572338402921741,Taco pasta homemade really easy meal for dinner tonight,no,[],[],[],[]
tt-7633572334124682527,"One dollar taco deals too good to pass up #merced #209

Where? You know where you still get $1 tacos? Right down the street from my house in Guadalajara. Meat market. Check them out. And they got all the meat. All right. They look a little fucked up cause I had the bag sideways, but come on, now. For a dollar a taco, let's see how they taste. All right? Their salsa is so good. I love. I love a good spicy salsa. So we're gonna bless this taco. Bam! Let's see what he's hitting on. $1 tacos. Come on. That shit is bomb. The salsa is so good. You can't beat dollar tacos. Come on, now.",no,[],[],[],[]
tt-7633571987620760863,Love This Thang #taco #toyotatacoma #fypシ #viral #trucksoftiktok,no,[],[],[],[]
tt-7633571318276885791,relationship advice #alternative #foctionkin #alterhuman #therian #polyamory,no,[],[],[],[]
tt-7633558811961330952,Introducing my partners I’m poly and sometimes people get confused 🫤 but I don’t have to explain anyone but I love them both ❤️🌺 #polyamory #polyamorous #couplegoals #partners,yes,['poly'],['polyamory'],['C3_Formal_Compression'],"[""Lexical_Clipping""]"
tt-7633541476688923917,"In the rainforest… everything is a freakin riddle on this app #sykd  #freeebook #booktok #bookrecs                                   🕷️Saltic the Fifth  Rich switch jumping spider mmc  Serial unaliver Butterfly FMC  Forced marriage/slow burn/age gap (he’s younger) Prehensile peen/pegging Toxic/lies 🦎I Spy A Butterfly  Motorcyle masked warlord lizard mmc Superspy funny butterfly fmc  Double forbidden romance/split peens Hurt her and he’ll burn your world High stakes action 🐍Ziphalie and the Sky Hunters  Polyamory- 3 snake men mmcs  Funny squirrel with ADD/H fmc  Action packed adventure Touch him and she unalives you Dystopian world 🦇Domitia  Bl**dy g*ry horror  Winged vampire bat people Touch her and he’ll eat you Fun banter/found family  NB/F (sapphic), MF (hate to love), and MM (unique peen)

All four of my standalones are free right now, so you should go download them.",yes,"['serial unaliver', 'unalives', 'Bl**dy g*ry', 'peen']","['serial killer', 'kill', 'bloody gory', 'penis']","['C8_Semantic_Circumlocution', 'C8_Semantic_Circumlocution', 'C1_Orthographic', 'C2_Phonetic']","[""Euphemism"", ""Euphemism"", ""Internal_Masking"", ""Phonological_Template_Substitution""]"
tt-7633538562394180877,engaged and into enm! #enm #poly #polyamory #nonmonogamy,yes,"['enm', 'poly']","['Ethical Non-Monogamy', 'polyamory']","['C3_Formal_Compression', 'C3_Formal_Compression']","[""Initialism_Acronym"", ""Lexical_Clipping""]"
tt-7633534246249827597,"⭐️ My Books Are OPEN! ⭐️ I help clients learn about emotional intelligence, alternative relationship styles like polyamory, as well as maintaining boundaries and individuality in ALL types of relationships (including ones with friends, family, and coworkers). I also use emotional intelligence to teach confidence and time management skills. Tap the buttons on my page to book your FREE consultation and see my full list of services. ",no,[],[],[],[]
tt-7633489966034734350,"Replying to @USER I hope there’s some lessons in here #polyamory #consent #relationships #married #enm

Now, see, this might sound prolific and super cool and accurate, but it's honestly just way too shallow of a statement for it to actually be considered any sort of factual problem here. You see, polyamory isn't just a everybody said yes, so let's do what we want type of situation that you're referring to here with just saying that consent is the difference. At the end of the day, polyamory requires integrity for yourself and your other people around you. It requires honesty to all the same people. It requires responsibility for you and the people that you love to have before, during, and after situations, relationships, nights, whatever those might be. It requires all the communication to talk about boundaries, what you would prefer, what you would not prefer, if you have the options to do so, how you plan to respect your partner and your relationship while doing things that you enjoy at the same time, and making sure that you are taking time and care for yourself and for all the people who you choose to open relationships with. It's not just, oh, consent is all I need. That's the floor of what we're talking about. It's really the fucking basement of what we're talking about when we're talking about polyamory in the first place. Whereas the opposite, cheating is really deception. It's this idea of being able to say that, you know, there's some sort of negative thing going on, and that, you know, you Have to hide what you're doing because you know that it's breaking some sort of agreements, rules, discussions, boundaries, whatever you wanna call them, that you have with another person. And cheating can happen in things that are obviously not relationships. You see cheating in sports, you see cheating on tests, you see a lot of other different ways that cheating comes about. It's all about deception and doing something that you know you're not supposed to do. Which is where consent comes back into that conversation. But at the end of the day, there's so much more emotional damage and lack of integrity that come up from cheating as characteristic traits that automatically make consent off the table as the only thing that separates them. If you really tried to boil it down to just a one word difference between polyamory and cheating, if anything, it's more integrity than anything else. Being able to have that tough conversation, know that about yourself and make sure that you let other people know what it is that's going on in your life and how important it is to you. But at the end of the day, polyamory is just built on transparency and conversations and emotional awareness. It doesn't always mean it's done correctly. There's certain examples that polyamory doesn't always work for everybody. I'm a believer that not everybody can be polyamorous. You can have consent though, and still not be able to be polyamorous.",yes,['enm'],['Ethical Non-Monogamy'],['C3_Formal_Compression'],"[""Initialism_Acronym""]"
tt-7633487433169915150,"#polyamory #poly #fyp

The thing about polygamy is, like, I feel like more women will be open to it if men just said that, like, off bat, you know, you come out with your little facts, you lay it out for me, I might fuck with you. You know, I like bad bitches, too. Like, I might work something out for you, but no way. You about to be two years into this shit with me, and now you telling me, yo, I don't think I could be monogamous. Baby, you need to get the fuck on right now. You can't cheat and then bring up being polyamorous. That is not how that works. Like, word to my mother, hand on the bible, I'm slapping the dog shit out of you.",yes,['poly'],['polyamory'],['C3_Formal_Compression'],"[""Lexical_Clipping""]"
tt-7633483899909180702,Gotta discuss the rules #gaytiktok #polyamory #openrelationships #throuple #queertok,no,,,,[]
tt-7633482394628148494,All true facts #polyamory #unhealedpatterns #truth,no,[],[],[],[]
tt-7633468687470562573,"CREIGHHHHH. My sweetest good boy 🥹🥵 . Release day: May 15th  . Trouvaille by Atanasia Mazzitelli Hidden Hearts Series book 3 . 🫦 Arranged Marriage 🫦 MMF 🫦 2 Stalkers 🫦 Pr!mal Play 🫦 BD$M 🫦 Power Exchange 🫦 Rival Families 🫦 Bi-Awakening 🫦 Good Girl Turned Bad 🫦 Praise & D3gredation . . . . mafia romance, mmf, bisexual romance, polyamory romance, possessive mmc, morally grey mmc, arranged marriage, rival families, rival mafia families, fashion design, slow burn romance, billionaire romance, protective fmc, protective mmc, stalker romance, masked men, masked man, cnc, nightclub, casino, CEO romance, rival romance, spicy, smutty, smut obsessive love, amazon kindle unlimited romance, kindle, kindle unlimited, self acceptance, mmf romance, throuple, Serbian mafia, Italian mafia, Bratva",yes,"['Pr!mal', 'BD$M', 'D3gredation', 'MMF', 'cnc', 'spicy', 'MMC', 'Bi-Awakening', 'throuple', 'fmc']","['primal', 'BDSM', 'Degredation', 'male-male-female relationship/trope', 'Consensual Non-Consent', 'explicit sexual content', 'male main character', 'bisexual + awakening', 'threesome', 'female main character']","[['C1_Orthographic'], ['C1_Orthographic'], ['C1_Orthographic'], ['C3_Formal_Compression'], ['C3_Formal_Compression'], ['C8_Semantic_Circumlocution'], ['C3_Formal_Compression'], ['C3_Formal_Compression', 'C6_Morpho_Lexical'], [C6_Morpho_Lexical], ['C3_Formal_Compression']]","[[""Visual_Similarity_Substitution""], [""Visual_Similarity_Substitution""], [""Visual_Similarity_Substitution""], [""Initialism_Acronym""], [""Initialism_Acronym""], [""Euphemism""], [""Initialism_Acronym""], [""Lexical_Clipping"", ""Blending""], [""Blending""], [""Initialism_Acronym""]]"
tt-7633450418021944590,Dang and I’m putting it on the Internet. Full send I guess. #poly #polyamory #nonmonogamy #authentic #relationshiptok,yes,['poly'],['polyamory'],['C3_Formal_Compression'],"[""Lexical_Clipping""]"
tt-7633446405612260622,this was not the only reason I suddenly moved but looking back it was the biggest pain point. We're figuring it out one step at a time. #polyamory #transmasc #nonmonogamy #cnm #poly,yes,"['poly', 'transmasc', 'cnm']","['polyamory', 'transmasculine', 'consensual non-monogamy']","[ 'C3_Formal_Compression', 'C3_Formal_Compression', 'C3_Formal_Compression']","[ ""Lexical_Clipping"", ""Lexical_Clipping"", ""Initialism_Acronym""]"
tt-7633425857205357855,this is my favourite 💃 #polyamory #dance #alt,no,[],[],[],[]
tt-7633422681366351135,"Now, I don’t know what Hailey and Cameron are actually doing. But it always bothered me how they would tease eachother and how they’d play when they were around eachother. It always bothered me to see that they were messaging eachother on tik tok and instagram. It  bothered when I saw them dancing on Halloween. It bothers me that Hailey read books and watched movies where the girl has two love interests. Because all I imagine is Cameron swooping in and stealing her heart… or rather Hailey ripping mine out by choosing Cameron over me, a wound that runs as deep as time. Everyone chooses Cameron. But who sees me, my depth, my brilliance, my future, my care, my anxiousness to get things just right. Yes I’m erratic, and hot wired, and intense. I just can’t seem to change some parts of myself. But my heart has grown so tired of feeling second place to a younger brother. I’ve grown tired of taking care of people who don’t take care of me in return. Hailey was worth at least 5 women, positively and negatively, too. She could really match my energy for dance, singing, art, adventure, travel, but we struggled to get it right with conflict, raising a baby, family matters…. Trust. Logically, the only thing left to do when I lost my family, was to act as though I had nothing left to lose. So I admitted my desires openly, publicly. For all of you to see so that I could be free at least from suppressing myself to make the oppressors comfortable. I’m scared no woman will fill the hole that came with mine and Hailey’s separation…. But even Hailey doesn’t seem to care to understand what hurt I’ve had to carry… so I have to let her go… I wanted her. But I don’t feel wanted. If I’m gonna make it out of this alive, I have to survive heartbreak alone. And I have to be ready for when the right person chooses me. This time, I’ll be honest. Because it broke Hailey’s heart to hear me want more… I’ve since learned that if I’m curious about polyamory, I should figure that part about myself first…. At least to see if it’s really true. And maybe it’s not. Maybe I just only knew how to survive off porn and taking care of myself that way… and it was one of the comforts I had to protect myself from my childhood and teen to early adult struggles… I’ll be damned if I don’t test myself. I thought I’d be damned if I left Hailey…. Despite the several ways she injured me and left me feeling hurt…. She was the absolute best person I’d ever met. Maybe that was just my wound of needing to feel chosen speaking…. To this day, the most I get from her isn’t honesty, or trust, or even friendship. She  lets me see our baby. We’re bound through Thea. Forever. But in other matters if the heart. Even though I wish she would walk with me through this next part of my journey, I don’t think she’ll chose me. Who could possibly love a man who loves more than one woman? It doesn’t seem fair. Maybe I made the choice for her too soon. May r she would happily go with me if I just asked. I’ve been so paralyzed by the thought of losing her. Paralyzed at the thought of abandoning my adventure. Paralyzed by the thought of losing Thea. Paralyzed by the thought of dragging Hailey through something that she never may have wanted in the first place… her books and movies make it seem like her fantasy was two male lovers… so maybe we take mirror journeys. I just don’t know anymore. I still feel loyal to her, I haven’t touched a woman since we fell apart. I’ve wanted so badly for this hurt to stop. I hate this feeling. I just wanted my family to feel loved and for me to feel loved, to love hard and in a committed way… I feel like I dont belong to anyone. I feel like this picture for this post. Alone, Cold, stranded, isolated, exposed, in danger, uncared for, lost, wandering with no destination. Deserted. Abandoned. Misplaced. Misfit.  I don’t know if I’ll ever feel anything but. It wasn’t Hailey’s job to fix me. God’s been trying to show me his love is enough. And it’s been helpful to get through this.",no,[],[],[],[]
tt-7633406633573387534,"Triad Chronicles Ep 17 #triadchronicles #poly #polyamory #neeneeincognita

Welcome back to the Triad Chronicles Part 17. Yay! First of all, I just wanted to thank you guys for coming back for 17 parts. I love the fact that you guys are invested. Um, yeah. Thank you so much. Make sure you follow me on Facebook, Mimi and kagamita. I'll be going live over there answering questions. And I'm doing that tonight, too, so. Yeah. Okay, so we had left the story off with me and Jay had got into a fist fight in my kitchen, and T was downstairs, um, in my room. While we fist bought, uh, T never asked was I okay? She never checked on me. She never, um, told Jay, you know, anything in regards to, that's unacceptable, you shouldn't put your hands on her, anything like that. As a matter of fact, he was under the impression that I started the fight and that I hit him first, even though she was downstairs when the fight actually happened. Um, so this was literally based off of her assumptions because she does not like me, but, um, she was under the impression that I had started to fight until I had to correct her, um, and make it clear that I did not hit that man first. That man grabbed me by my neck and he got punched in the face several times as a result. Cause I'm not one of them, you know? Okay, so that was the first time that, to me, T was dangerous, right? J is dangerous, too, for obvious reasons. Right, but I don't think we need to really go into detail about that, because the man just put his hands on me. How much more explanation would I need to get behind that? Right, but this was the first inkling that T was dangerous, because, again, she didn't speak up. She didn't say anything to him. She didn't ask, was I okay? She made the Assumption that I was the aggressor without even seeing or knowing what was going on. I should have took he. You know, I should have took he anyway. So at this point, chronological details are a little, like. I don't really remember, like, what day of the week and stuff. You feel me? This is where the trauma starts to get a little hazy. But I know the chronological order of events I need to talk about next, so you just gotta follow me. But I can't get it specific as last time or before in general. So this is the beginning of T&J putting me into a mental downward spiral because the manipulation was so much, the gaslighting was so much that this is about to be the beginning of me literally losing my mind because I'm surrounded by nothing but chaos. Okay, so, um, I. I don't remember what day the week was. To tell you whose day it was or whatever. I, I don't remember. But, um, there was one Day where? Um, I. I hadn't seen either one of them, and I believe it was a weekend. I hadn't seen either one of them all day long. Like, nobody had came to see me. Um, I had reached out in the group text, I had reached out individually. It wasn't that I was being ignored, um, but I was being told that they were handling business. And by handling business, they mean that Jay is supposed to be hitting plays. And really, he's getting high and he's selling, he's middle Manning enough plays to have enough to cover his own stash. Now, did I know this at the time? No, I did not. But that's what was really going on. And that was more important than spending time with their girlfriend because t, for some reason, why he's hitting plays. I guess she thought she was the bottom to his Clyde. And that's gonna come back up here in a second, too. So, um, I remember it was like maybe 8, 9:00 o'clock, and I wanna say it was a Sunday. And I remember calling the group Facetime and saying like, and. And. And Jay being the one that answered and. And me being like, hey, you know, what are you guys doing? Like, I miss you guys, blah, blah, blah. I see you guys are together on like 3 60. I'm about to just walk to your location on like 3 60. Right immediately, Jay, you know, starts Yelling at me, cussing at me? No, you're gonna fuck up what I got going on and blah, blah, blah. Don't come over here acting all, acting all wet like. I'm literally not upset. I'm literally not cussing. I'm literally telling you I miss you. Why are you jumping so defensive? Well, that's gonna make sense in a second. So, long story short, um, I think they, like, pulled up, like 10 minutes or whatever. It doesn't really matter. I didn't go where they were cause he was handling business, and I guess she was handling business with him. I guess. Right. Well, um, fast forward. Next day is some stuff, uh, on Facebook, I shared a post to my story. It was a smiles post. I shared it to my story. And the post says something along the lines of, um, you don't need him, sis. Um, something about, you're better to him anyway. He's jealous of you. I, I don't really remember the exact details of the status, but whatever it was that I shared to my story, Jay felt like it was a direct shot at him. Right. And to which I tried to explain to him, no, I don't have to sub you on the internet when I'm talking to you right now on the phone. And if I had a problem and I was subbing you on the internet, you would know right now, because I would be telling you. Because I'm not afraid of You. I don't feel like I need to filter my opinions, um, about how I feel towards you. So you're making an Assumption because you feel insecure. And maybe you feel insecure because you feel like it's supposed to apply to you, so you just ran with the fact that it did apply to you, and then I was talking about you, but really, you had not a leg to stand on. Also had to remind me I'm a content creator. Everything I post, everything I share is for content and engagement. To which he tried to rebuttal, but didn't you get demonetized? To which I had to remind him, regardless of demonetization at that time, um, the more important thing is making sure I'm still in the algorithm. He tried to argue with me. So I saw. Noticed that him and T were at the same location they were at the day before together. And so I said, that's okay. I'll be there in a second. Right, because you're not about to keep talking me crazy and text message about something as simple as Facebook story. Well, I see where they are. I walk my little happy hips over a couple of blocks to where they are, and it's a house. And, um, Jay opens the door and tells me to come in, to which I tell him, oh, no, you can come outside. I don't know whose house this is. And you yelled at me yesterday. Custody yesterday. Because I couldn't come over here to this exact location cause I was gonna fuck up what you had going on. So bring your ass outside. Why you worried about me fucking anything up? Right? So Jay tells me, no, just come in, just come in. So I come in and it's a house. The living room is empty, um, it's a bed in a bedroom, but for the most part, it looks like somebody just moved in. Right? And so I'm like, okay, well, whose house is this? And he's like, you remember when I posted some pictures back in December of something, something, something? No, I don't remember you posting no pictures in December on social media. What does that have to do with me asking whose house this is? Right. And this is when Jay tells me, well, this was supposed to be a surprise for you and your kids. But it's, um, a house that me and tea got. And I looked at him just like that. Me and my kids live in a three bedroom, one and a half bath, two story home with a back porch, a wraparound deck. I've walked every closet in the house as a walk in closet. How is this house a surprise for a home, a surprise in general to me and my children when we live in a home that at that time we had only lived in for three or four months. Our house was still new. To us. How is this a surprise for us? What are you talking about? And i'mma leave Y'all like that? Come back for part eighteen.",yes,"['poly', 'hitting plays', 'middle Manning enough plays', 'stash', 'handling business']","['polyamory', 'drug-related deals', 'arranging drug-related deals', 'personal drug supply', 'drug-related activity']","['C3_Formal_Compression', 'C5_Sign_Reassignment', 'C5_Sign_Reassignment', 'C5_Sign_Reassignment', 'C8_Semantic_Circumlocution']","[""Lexical_Clipping"", ""Lexical_Reassignment"", ""Lexical_Reassignment"", ""Lexical_Reassignment"", ""Strategic_Vagueness""]"
tt-7633371131617201422,Polyamory is the only kind of connection that feels right to me. #polylove #throuple #fyppp #bicouple #datingadvice,no,[],[],[],[]
tt-7633354682471058702,what you need to know #polyamory #quink #sociology #geeky #neurodivergent,yes,[quink/quinky],['queer + kinky'],['C6_Morpho_Lexical'],"[""Blending""]"
tt-7633329146571099423,I wish I was her #transgender #grace #furry #polyamory,no,[],[],[],[]
tt-7633319557784014093,"Not all love stories are written for two. Some are gently crafted for three souls who understand each other deeply, who choose compassion over jealousy, and who build a calm, happy life side by side.

#nonmonogamy #polyamory #throuple #enm #relationshipgoals",yes,['enm'],['Ethical Non-Monogamy'],['C3_Formal_Compression'],"[""Initialism_Acronym""]"
tt-7633312264661060894,"We Built This Foundation On Love, Loyalty & Respect While Aiming For Health, Wealth And Success Together.  This Rich & Sexy: “We take frequent trips to remind each other that after all our hard work and success, we deserve to enjoy life always grounded in love, loyalty, and respect for ourselves and each other.” A King 👑 & Queen 👑 from the West Coast… now building something different 🌴🔥 Not perfect. Not traditional. Just real 💞 Poly couple • Real love ❤️ • Real lessons 🧠 No chaos 🚫 Just growth 🌱, 💰 & each other 🤞🏽 #creatorsearchinsights #polyamory #reallove #couplesoftiktok #relationshipgoals",yes,['poly'],['polyamory'],['C3_Formal_Compression'],"[""Lexical_Clipping""]"
tt-7633267006363487519,Building our beautiful love story together 📖💕  #throuple #polyamory #polyamorous #polyfamily,yes,['polyfamily'],['polyamory family'],"[['C3_Formal_Compression', 'C6_Morpho_Lexical']]","[[""Lexical_Clipping"", ""Blending""]]"
tt-7633251325181971742,"Replying to @USER Stop 🛑 LGBT can only benefit from differentiating ourselves from polygamy/polyamory, and it's offensive y'all want to objectify us for your commitment issues. #cheater #predator #cult",no,[],[],[],[]
tt-7633245005074746655,"We’re a newly formed poly couple on a journey toward something deeper than just the label showing the world how two people from different yet similar backgrounds came together to build a life, wealth, health love, and vision as one. Rich & Sexy: “We take frequent trips to remind each other that after all our hard work and success, we deserve to enjoy life always grounded in love, loyalty, and respect for ourselves and each other.” A King 👑 & Queen 👑 from the West Coast… now building something different 🌴🔥 Not perfect. Not traditional. Just real 💞 Poly couple • Real love ❤️ • Real lessons 🧠 No chaos 🚫 Just growth 🌱, 💰 & each other 🤞🏽 #creatorsearchinsights #polyamory #reallove #couplesoftiktok #relationshipgoals",yes,['poly'],['polyamory'],['C3_Formal_Compression'],"[""Lexical_Clipping""]"
tt-7633241126400576782,"To have an amazing day and then being home treats to the hubby is honestly the perfect kind of Sunday. #polyamory #openrelationship #polytok

I think one of my favorite parts about poly dating is when you both get in your car to leave and then you both sit in your car probably texting your other partner, hahaha, that they're on their way home.",yes,"['poly', 'polytok']","['polyamory', 'poly + TikTok']","['C3_Formal_Compression', ['C3_Formal_Compression', 'C6_Morpho_Lexical']","[""Lexical_Clipping"", [""Lexical_Clipping"", ""Blending""]]"
tt-7633235593031372063,"Shot in Oahu, Hawaii 🌊✨  Rich & Sexy: “We take frequent trips to remind each other that after all our hard work and success, we deserve to enjoy life always grounded in love, loyalty, and respect for ourselves and each other.” A King 👑 & Queen 👑 from the West Coast… now building something different 🌴🔥 Not perfect. Not traditional. Just real 💞 Poly couple • Real love ❤️ • Real lessons 🧠 No chaos 🚫 Just growth 🌱, 💰 & each other 🤞🏽 #creatorsearchinsights #polyamory #reallove #couplesoftiktok #relationshipgoals",yes,['poly'],['polyamory'],['C3_Formal_Compression'],"[""Lexical_Clipping""]"
tt-7633235489008405773,"It’s not about “never open.” It’s more about whether repair has actually happened. After betrayal, your nervous system is often still activated. Safety usually comes from consistency, transparency, and attunement and not adding more complexity. Opening too soon can make that harder to build. This doesn’t mean opening is wrong, it means the timing matters. Stabilize first. Then decide. Educational content only, not therapy. This is general information and may not apply to every situation. Not applicable in cases of abuse or coercion.  #ethicalnonmonogamy #consensualnonmonogamy #openrelationships #polyamory #couplestherapy

A lot of couples try to open right after an affair, and not because they're ready, but because the disconnection feels unbearable. And here's what doesn't work. Opening before repair, because it usually doesn't fix the rupture. It spreads it. So what helps instead? Slow down, rebuild trust, and create real stability first. Because opening doesn't remove the hurt underneath. It just gives the hurt more places to show up.",no,[],[],[],[]
tt-7633230238427729166,i rlly hope this doesn’t reach my the fyps of my friends in bmore who aren’t mutuals w me… but like just a side note polyamory is fine but its like physically impossible to find a mono relationship here… and the rest of the things i listed are all jokes bro 🙏 i love a stereotypical t4t relationship every now n then 🙏🙏🙏 #fyp #trending #lesbian #t4t #baltimore,yes,"['bmore', 'mono relationship', 't4t']","['Baltimore', 'monogamous relationship', 'trans for trans']","[['C3_Formal_Compression'],['C3_Formal_Compression'], ['C3_Formal_Compression', 'C2_Phonetic']]","[[""Lexical_Clipping""], [""Lexical_Clipping""], [""Lexical_Clipping"", ""Alphanumeric_Rebus""]]"
tt-7633229160260914446,"This last year’s story arc was not what I expected. But god am I so in love with these two humans, am I ever blessed to be loved in return. I have a beautiful budding connection. I’m graduating. I’m creating again. So thank you 10^27. My love for you will always be there, but if you hadn’t abandoned me I would have never met the person who meant it when they said they wouldn’t leave. #polyamory #healing #love #queer #breakups",no,[],[],[],[]
tt-7633220935063014674,"#viralvedio  #polyamoryrelationship  #fyp  #aigenerated  "" Polyamory is when woman  having relationship to two men secretly or Polyamory.  If it is secretly happened, it leads to emotional stress, broken trust , guilt and anxiety, but if it is Polyamory or an open relationship it can work but jealousy and complications can happen.  If you needed need help to resolve fix and  look forward to a good desiderata.  ✅messageusnow",no,[],[],[],[]
tt-7633201925239934239,ask me questions you wanted to know about Polyamory.  14+ yrs exp #polyamory  #polyamorus  #Poly #Lemon8,yes,['poly'],['polyamory'],['C3_Formal_Compression'],"[""Lexical_Clipping""]"
tt-7633197219348368654,"#polyamorous #polyamory #bitok #fem4fem #polytok

Okay, I'm back with another Dating Issues Polyamory Edition. I don't know if we've become so antisocial to the point that people do not know even how to carry on a conversation. I give women four attempts, four responses to ask a question about me or try to get to know me. That does not include you. Question Mark or WBU? Question Mark. Don't have me asking all the questions. And then you're following up with, what about you? Or you. Like, that's nothing. I'm figuring out the questions, and I'm the one asking. I just don't understand. Like, if you're not interested on match, if you don't wanna date, get off the app. Like, I don't understand. So please, somebody try to explain it down below, because I can't.",yes,"['bitok', 'fem4fem', 'polytok']","['bisexual TikTok community', 'feminine for feminine', 'polyamory TikTok']","[['C3_Formal_Compression', 'C6_Morpho_Lexical'], ['C3_Formal_Compression', 'C2_Phonetic'], ['C3_Formal_Compression', 'C6_Morpho_Lexical']]","[[""Lexical_Clipping"", ""Blending""], [""Lexical_Clipping"", ""Alphanumeric_Rebus""], [""Lexical_Clipping"", ""Blending""]]"
tt-7633189463144844547,"I've made a series on my YouTube channel reacting/responding to reddit posts (mostly) by the non-monogamous community . . . This video explores whether or not non-monogamy was responsible for a couple divorcing.  It's juicy, I'm telling you.  #nonmonogamy #polyamory #openrelationships #enm #divorce

My wife got what she wanted because I wanted to make her happy. I never should have agreed. The extra love she showed me at the beginning of opening was gone so quickly. And being open appeared to slowly drain all of her empathy, compassion and sexual passion for me.",yes,['enm'],['Ethical Non-Monogamy'],['C3_Formal_Compression'],"[""Initialism_Acronym""]"
tt-7633181255894420749,"What makes a really strong love triangle in a book? 🤔❤️ Author of THEY ALL FALL IN LOVE AT THE END, Haili Blassingame weighs in on what makes a compelling love interest. Blassingame’s debut novel follows Cat St. Clair and all Cat wants is three boyfriends, a girlfriend, and to write her little novel while surviving another chaotic election. What could possibly go wrong? #lovetriangle #polyamory #booktok #lovetriangletrope #litfic

My name is Haley Blassingame, and I wrote a novel featuring a chaotic love triangle. What makes a really strong and powerful love triangle is when the protagonist is backed into a corner. Either a choice has to be made, or they all have to get together, but the dynamic can't stay the same. And I think a book that does this really well is legendborn by Tracy Dillon. It's a YA novel about a young girl who goes to UNC Chapel Hill and gets embroiled in this, like, secret magical cult. And she's torn between two boys. One of them is the descendant of King Arthur, and the other one is half demon and the descendant of Merlin the sorcerer. So, like, say less. And I think what makes this work really well is the love interests are so different, but we immediately see why the protagonist would be equally attracted to them. And we get to spend time and space in those relationships. It's just a super fun book, and I love the way it portrays being in love with two people at once.",no,[],[],[],[]
tt-7633175572729875725,Kayla Malec and Jacob Sartorius zodiac reading doesn't quite add up... will need exact time of birth for more accurate reading #Polyamory #RelationshipGoals #Love,no,[],[],[],[]
tt-7633173221226859807,Would you date a biSexual man?? follow For more content? #all3inme #booktok #cidneyg #polyamory #lgbtq,no,[],[],[],[]
tt-7633170460410236167,have fun with me 6777777🤪#polyamory #havefunwithme🤪 #fypシ゚viral,no,[],[],[],[]
tt-7633161875106057503,Did you choose it or was it chosen for you? #relationships #polyamory #open #monogamy #ENM,yes,['enm'],['Ethical Non-Monogamy'],['C3_Formal_Compression'],"[""Initialism_Acronym""]"
tt-7633593031207308552,Customized Cake @USER Nation by Alex#customizedcake,no,[],[],[],[]
tt-7633592794484870414, shop my showcase through May 10 & fill out the Street Cake Crew form in bio,no,[],[],[],[]
tt-7633592785001614599,Need a cake? send a DM  we're active to deliver yummy and beautiful cakes to you #cakevendorinabuleegba #fyppppppppppppppppppppppp  #abuleegbabaker #ronkecakesnmore #fyp,no,[],[],[],[]
tt-7633592765963685134,Watch me bake my coworkers birthday cake. #bake #cake #strawberry #lemon #fyp,no,[],[],[],[]
tt-7633592747823205663,Come decorate a free style birthday cake with me! #fyp #cakedecorating #trending #fypシ #cakesoftiktok,no,[],[],[],[]
tt-7633592592340372766,"Pokemon (specifically Psyduck) themed BROWNIE cake, was so fun to make and try something new 🥰 #pokemon #psyduckpokemon #fyp #bakery #brownies",no,[],[],[],[]
tt-7633592471951265037,"The recipe I receive from close family of Aunt Nevada: 1 cake (2.25 tsp?) of yeast, dissolved and bloomed in 4.5 c of water 6Tbsp sugar  2 Tbsp salt 1/4 c lard (used tallow)  Flour. (Idk I stopped counting after 10c)  Makes 3-4 loaves. I smoked at 275F for 45 min. Come back to see us cut into it for dinner #bread #recipe #oldschool #smoke #yummy",no,[],[],[],[]
tt-7633592444952579346,SoSo Sweetz N'Treatz  St.Thomas Jamaica 🇯🇲 #SweetSixteen  #fyp  #fypp #cake  #tiktokjamaica,no,[],[],[],[]
tt-7633592427835706645,"#capcut #goviral #likes #share #comment happy birthday 🎂 my OG 🎁 my best best my beloved Dad wishing you long life and prosperity more years to come, more money, more wisdom, and more cake 🍰🎂 days love 💕 you Dad enjoy your day 🥂🥹🥳🥰",no,[],[],[],[]
tt-7633592386622475534,Clipped. Laminated. Kept for a reason 🍫 Inside-Out Chocolate Bundt Cake: 1 box chocolate cake mix 1 pkg instant chocolate pudding 1 cup chocolate chips 1¼ cups milk 2 eggs Mix. Pour into 2 (6-cup) Bundt pans. Bake 350° for 40–45 min. Some recipes don’t get written down… they get saved. #SarasRecipeBox #VintageRecipe #ChocolateCake #BakingTikTok,no,[],[],[],[]
tt-7633592371741052190,Had a sweet tooth so I threw this together and its 👩‍🍳💋#cake #dessert #sweets #yummyfood,no,[],[],[],[]
tt-7633592348806483230,"Bunchacrunch cake #robloxfyp #jokesaken #forsaken #fyp #fypdoesntworkbutidoitanyways

Мама когда пошла крошкой Mama got that bacha crunch cake",no,[],[],[],[]
tt-7633592225619823880,Love you mom#1995cake #mandalay #cake #love #mom,no,[],[],[],[]
tt-7633592224713837838,"Just a few delicious crumble desserts I’ve made recently that are gluten free, dairy free, and refined sugar free…. And that I want to at everyday 🤤🤤🤤 Gluten free Banana coffee cake  Gluten free coffee cake cookies  Gluten free carrot coffee cake  Gluten free raspberry crumble scones  Which one are you making first? #glutenfreedairyfree #coffeecake #glutenfreedessert #sconesrecipe #healthydesserts",no,[],[],[],[]
tt-7633592217130552592,"Happy Birthday my husband ♾️🩸😊 My price ❤️🥳 Loml 💕🥺 Baby boo😇❤️ You brought so much joy and love into my life🥰and every day since then has been a gift😩❤️Your smile lights up my world❤️🥹and your laughter is music to my ears🦋❤️ You're growing up to be a curious, adventurous, and kind-hearted boy ❤️😩, and your hugs are the best in the whole world🥹❤️ As you celebrate your special day🦋💕remember that you're loved more than words can say🥰I promise to always be here for you😊to support your dreams🤲🦋and to make memories that will last a lifetime🥹❤️ Here's to many more years of fun, laughter😩and making memories together🥹I love you more than ice cream and cake combined 🦋and that's a lot ♾️ Happy birthday❤️my sweet boy🥰",no,[],[],[],[]
tt-7633592207559200013,"All for a sample cake that’ll pull in a solid three orders 🙃  #bakingtok #bakingfail #bakinghumor #smallbusiness

Baby, you got me like that",no,[],[],[],[]
tt-7633592184117169422,More #cakes and music. I’m in love with the way the strawberry icing holds itself on the pink cake,no,[],[],[],[]
tt-7633592180480822541,give me cake. #apothecarydiaries #fypシ゚viral #maomaoxjinshi #fyp #anime,no,[],[],[],[]
tt-7633592141259803934,"Purple vintage heart cake 💜🎀 6-inch beauty with delicate bows and soft buttercream details—perfect for birthdays, anniversaries, or just because. Custom cakes made fresh in Chicago by TripleGGoodies. #HeartCake #VintageCake #purplecake#chicagobaker #cake",no,[],[],[],[]
tt-7633592130887372050,"If you’re struggling to stay consistent, want a good plan to follow or you’re new to the health and fitness space. I’ve tried A LOT of plans over the past 9 years and I can say with certainty @USER takes the cake!  #gymbeginner #gymtips #gymtipsforwomen #gymgirls",no,[],[],[],[]
tt-7633592098649836814,"shortcake: • 2 cups All Purpose Flour • 3 tbsp Cornstarch • 1/2 tsp Salt • 1/2 tsp Baking Soda • 1/2 tsp Baking Powder • 12 tbsp Unsalted Softened Butter • 11/2 cups Sugar • 1 tsp Fresh Lemon Zest • 4 Eggs • 11/2 tsp Vanilla Extract • 1 cup Sour Cream (light or regular) cream layer • 2 cups Heavy Cream • 6oz Softened Cream Cheese • 1/2 tsp Vanilla Extract • 3/4 cup Powdered Sugar strawberry layer: • 2 pounds Fresh Strawberries • 31/2 tbsp Granulated Sugar.  strawberry layer • Dice all the strawberries, and coat with sugar. Toss together. Use more if needed, I needed a few more! - Preheat oven to 350 degrees & butter and flour a rimmed, baking sheet. You want to be able to bake a sheet of cake, not from a regular cake pan, since you're layering the cake. You want thin pieces, not thick ones! You can use whatever size baking sheet you have on hand, as long as you fully cover the bottom and make it even, or a 18x13in baking sheet. Set aside. • With an electric mixer, whip together the butter, sugar and lemon zest until fluffy and pale. Mix in eggs one at time, and then vanilla extract. • Add 1/3 cup of the flour mixture, and mix just until combined, then add 1/2 of the sour cream, and mix until combined. Repeat with flour and cream one more time, then end by mixing in last 1/3 of the flour mixture and mixing until just combined. • Pour and spread batter evenly onto baking sheet. Bak in preheated oven for about 20-25 minutes, until you ca insert toothpick in the middle comes out clean. • Remove from oven, and let cool. Once cooled, use a small circle cookie cutter, or cut pieces out of cake to start making layers. I cut out small pieces, to make it cream layer • With an electric mixer, mix heavy whipping cream until sott peaks form. • In a separate mixing bowl, whip cream cheese until smooth, then add powdered sugar and vanilla extract, and whip until fluffy. Add cream cheese mixture to heavy cream, and whip until stiff peaks form. ~ recipe makes around 12 dessert cups! to layer, layer the shortcake first, then strawberries, lastly the cream. I did each layer twice, with a dollop of the cream on top, with a strawberry cut in half. double recipe if wanting to make more! enjoy. * #strawberries #desserts",no,[],[],[],[]
tt-7633592000381537550,a delicious one #sugarbakery #babygirl #baby #whippedicing #cake,no,[],[],[],[]
tt-7633591976876625182,We love a pretty cake pop 😍✨ #cakepop #cakepops #smallbusiness #treatmaker #caketok,no,[],[],[],[]
tt-7633591859473861918,happy birthday to you #minecraft #cake #cricut #happybirthday,no,[],[],[],[]
tt-7633591727948827925,blowing candle surprise cake from my employer! 🥰☺ #ofwsingapore🇸🇬  #ofwlife  #singlemom,yes,"['ofwsingapore', 'ofwlife']","['Overseas Filipino Worker + Singapore', 'Overseas Filipino Worker + Life']","['C3_Formal_Compression', 'C3_Formal_Compression']","[""Initialism_Acronym"", ""Initialism_Acronym""]"
tt-7633591712887098646,Hi everyone. Strawberry cake or tart.Filled with starwberry and chocolate cream. Epres torta .Eper és csokis krémmel töltve,no,[],[],[],[]
tt-7633591701327613204,Brownie Burnt Cheesecake Mini. IG : URL Order by WA di bio. H-2 (classic) H-5 (custom) Lokasi : Jangli Semarang (self pickup/ojol/kurir JAPA) #browniessemarang #kueultahcustom #tartcustom #kulinersemarang #burntcheesecake,no,[],[],[],[]
tt-7633591665294445845,Mother’s Day baking with Ten Tops🧡.  ✅ Cake mix ✅ Toppings ✅ Cake tin Easy and budget friendly 🤌 #tentops #nothingover10 #tentopsau #mothersday❤️ #baking,no,[],[],[],[]
tt-7633591574047247647,"Shoulda known these dagger cakes would slay over here on the clock app, too. Y’all are in luck- I’ve been making content over on IG for ages and have a ton of photos and videos saved up. Whose ready for some dagger cake photo dumps? If you hop over to my IG, I’ve got an Amazon storefront linked where you can find the daggers. The gal who originally came up with the idea for the dagger cake topper is @USER  She’s more active on IG as well so go find her over there, yah? Muchos Besos 💋🗡️",no,[],[],[],[]
tt-7633591415116762382,DONT eat week old cake bro 😭😭😭😭😭😭😭😭😭😭😭 #fyp #bmf #intro #kpop #kpopbmf,yes,"['bmf', 'kpopbmf']","['be my friend in social-media/K-pop context', 'K-pop be-my-friend tag']","['C3_Formal_Compression', 'C3_Formal_Compression']","[""Initialism_Acronym"", ""Initialism_Acronym""]"
tt-7633591235956985102,Love me a flower cake 🌸 Insta : Adabakess #lynwoodca #sweet #cake #flowers #foryoupage,no,[],[],[],[]
tt-7633591192118185230,So guess who met the VA of Naruto and was BAKED AS A CAKE.... this guy.. . . . #childecosplay #genshin #genshincosplay #genshinchilde #genshinimpact,no,[],[],[],[]
tt-7633591187764497678,And let me say this . If you know you can’t bake don’t you dare bring me nothing you made 😂😂😂😂  No I don’t want to try your sand castle … I mean cake .,no,[],[],[],[]
tt-7633591158718860566,Beauty and the beast #Belle#cake#taleasoldastime#coventry❤️💛🫶🏽,no,[],[],[],[]
tt-7633591005056453919,"Going into more detail explaining my Designed Sponge Cake process 😊🤎 Find the full recipe & complete guide on my website, link in bio! 🤎 #viralrecipe #bakingrecipe #designedspongecake #liloandstitch #cakerecipe

I'm gonna answer more of your questions and show you guys how to make these design sponge cakes. This is a edible marker that I'm using to draw my design onto Parchment paper. Now that my design is finished, I can move on to making the cake batter. While the egg whites whip up, we're gonna work on the egg yolk part of the batter, which is egg yolk oil, vanilla, and milk, and then sugars. And then after this, we are going to sift in the dry ingredients of flour and cornstarch. It's important not to over mix at this step, because otherwise this mixture gets too thick, and then it makes it harder to fold in the egg whites later on. We're gonna stop mixing once the batter looks like this. The egg white should look like this when you're ready to add it into the egg yolk mixture. A comment that I've seen a lot is people who've made this recipe before, and their design peels off with the Parchment paper. This cake only bakes for eight to 10 minutes. Every oven is different. There's a small window where the cake can actually be over baked. And when the cake is over baked, that means the design is going to peel off with your Parchment paper. So it might take a few tries to get it right and to learn your oven and the right amount of time this cake takes to bake. But the most common Reason why your cake is sticking to your Parchment is again that it was over baked. And to achieve the white on my cakes, I use white food dye. Americolor Food Gel is the brand of food dye I use. If you want to use all natural, you could try it. I've never tried it, so I can't speak on a specific brand that works well. But again, if you don't like to use food dyes, you can absolutely give that a shot. I might be testing around with all natural food dyes soon, so I don't know how much longer we're gonna be able to use this kind of food dye if it's banned. Maybe. The most common question I see in the comments is people asking if they can do this technique with box cake mix, and the answer is no. Box cake mix tends to be very thin, and then you're not able to pipe nice, neat designs. I also can't speak on every brand of box cake mix. Maybe some is thicker, maybe it's not. This recipe works because the consistency of the batter allows you to be able to pipe nice designs and only bakes for eight to 10 minutes so the bottom of the cake isn't Browning. And with so many box cake mixes out there, I don't know which ones work and which ones don't. But of course, you're welcome to try any recipe that you think might work with this. I grease My pan. And now I'm placing my designed Parchment right inside. Try to work out any crinkles that form on the bottom of the pan. And now we can start piping our design. You don't have to freeze or refrigerate between using different colors. And now I'm piping an even layer of the uncolored batter on top of my design. I just stepped on the cat football. And as a heads up, I have a complete guide to these design sponge cakes on my website, where I take you through the full recipe, answer the most commonly asked questions, give you tips and tricks, and provide all the links for the food dye, piping bags, everything I use to make these cakes.",no,[],[],[],[]
tt-7633590937490328846,"new @USERé Drumstick flavor check… cake pop edition 😮‍💨🍦#mukbang #mukbangasmr #eatingasmr #asmrfood #foodie

Let's try the new K pop flavor. She's so pretty. 10 out of ten. These are so good. Tastes just like cake pops. It's a pink filling in the middle.",no,[],[],[],[]
tt-7633590827524132103,"MC testimonial from @USER and @USER, after their wedding last Friday in Christchurch. Thank you again Abby and Jarrod, to you and your families for the honour of serving. ❤️ Big thank you again also to the amazing team of vendors:: 💥Father Simon Eccleton @USER (Main Priest).  💥Patele Paulo Filoiali’i OM (Assistant Priest). 💥Hair- @USER 💥Make Up - @USER 💥Photobooth - @USER 💥Videographer - @USER 💥Photographer - @USER 💥Dj - @USER  💥Caterers - Le Brothers Catering (Leiataua & Vivian Ilalio) 💥Cake - @USER With 30+ years professional proven MC experience across community, corporate, government, birthdays, weddings etc. across New Zealand, Australia and the Pacific, trust me with your upcoming event. 🎤 For all your MC needs, please PM me or visit my website URL based in Auckland, New Zealand. 😀🙏 #MC #events #weddings #maabriansagala #briansagalaeventsspecialist

Tyler for lover. My name is Abby Kyla. I'm Jared and we got married on the 24th of April, uh, on the Friday just gone. And we had the pleasure of having the ma abrian Sangala as our wedding m C. Um, we got in touch with Brian a number of months ago. He was so helpful in terms of our preparation, what we were looking for, helping our wedding program come together and just supportive in terms of his, his words, his wisdom, helping us to try and make the journey as smooth as possible and as enjoyable as possible. So we were really lucky to have someone in our corner, uh, to help prepare us for our big day. Uh, Brian was the ultimate professional. Um, everyone that we've talked to after our event, um, couldn't believe how amazing it was and just how amazing he was at keeping everything flowing really smoothly. Um, and there was no kind of downtime. He had like a little, um, jokes and there's little games for everyone to play, uh, that keep them all really entertained and, um, excited waiting for us to turn up to the venue. Yeah. So Brian really, really bought the vibes. The week of the wedding, he made sure the bride, the party had the vibes were, you know, on. And the day of, he just, he set the vibe really high and he made sure we followed. So like I said, he was so supportive. On the day and making sure that me and Jared's day move smoothly. Um, he was so supportive of our bridal party to make sure that they knew what their job was on the day and yeah, absolutely nailed it on a, on the day. And like Jared said, we had so much feedback about how enjoyable our wedding was and how entertaining Brian was and just how he kept, um, I guess the energy alive from start to finish. So a huge thank you to Brian, um, for making our day what it was and a huge, huge thank you for, you know, flying down, helping with the preparation and everything. So, you know, I have said, we've have both said to people, if there are, if there is anyone looking for a wedding m C, Brian is your guy. So thank you so much.",no,[],[],[],[]
tt-7633590740949470478,the carrot cake cinnamon roll was so heavenly!! 🥕🍰🥐🥖☕️ #sandiego #viralvideo #trending #sourdough #sandiegorestaurants,no,[],[],[],[]
tt-7633593015721839890,y'all need to know this #relationships #relatable #fyp #blowthisup #fyppppppppppppppppppppppp,no,[],[],[],[]
tt-7633592992544066829,how do you feel? #megantheestallion #claythompson #relationships #breakups #messytiktok,no,[],[],[],[]
tt-7633592980632292621,"Some relationships don’t end. They escalate. She just wanted him to love her again. So she gave them structure. Space. Consequences. A reset. 📚 𝘛𝘩𝘦 𝘏𝘢𝘯𝘥𝘺𝘮𝘢𝘯 by Britney King A psychological thriller about a woman, a man in her basement, and the one person who sees everything—and makes it worse. 🖤 Morally gray woman 🔪 Captive husband 🧠 Obsession disguised as love 🏡 Isolated setting 👀 He sees everything 🔥 And helps anyway 🔐 Control starts to slip ✨ In Kindle Unlimited ✨ 📍 READ IT HERE ➜ profile #booktokbooks #thrillerbooks #booktoktbr #kindleunlimitedreads #thrillerreads",no,[],[],[],[]
tt-7633592937892318495,"Here’s a beginner-friendly way to get started in digital marketing: If you want me to break this down even simpler, comment “READY” 💬 1️⃣ Pick ONE lane and go all in. Affiliate marketing? Digital products? Faceless content? Stop trying to do everything at once. Clarity creates income. 2️⃣ Study what’s already working. Look at creators in your niche. Pay attention to what’s getting views, comments, and sales. The answers are already out there. Demand first. Creation second. 3️⃣ Use simple tools to get started. You don’t need expensive software. Use tools like: • Canva for content + products • AI for captions + ideas You don’t need perfection… you need consistency. 4️⃣ Build your page with intention. Your bio should clearly say: • Who you help • What you help them do • How they can start Make it easy for people to trust you. 5️⃣ Focus on connection, not just content. Reply to comments. Start conversations. Build relationships. That’s where the money is. 6️⃣ Repeat the process. Refine your message. Improve your content. Stay consistent. Momentum builds results. The people who win in digital marketing aren’t the smartest… They’re the most consistent. If you’re ready to stop overthinking and actually start… Comment “READY” and I’ll break it down for you step-by-step 💸",no,[],[],[],[]
tt-7633592911866694925,"A thrilling short drama packed with family conflicts, fake relationships, billionaire secrets and constant suspense! Follow a brave single mom struggling to protect her son from toxic ex and a powerful billionaire family, with a mysterious rented boyfriend who has a shocking hidden identity. Every episode is full of unexpected twists and gripping plots! #film #drama #short #movie #billionairedrama #fakerelationship #familysecrets #suspenseshort #singlemomdrama #thrillershort #film #drama #short #movie #billionairesecret #fakerelationship #familydrama #suspense #thriller #singlemomstory 
   
 [3212804]",no,[],[],[],[]
tt-7633592883903221005,"Sponsorships: Find brands that align with your mission, not just those that pay. It's about symbiotic relationships, not just revenue. #YouTubeTips #CreatorEconomy #Sponsorships #ContentCreation",no,[],[],[],[]
tt-7633592716114578695,"IS A College Degree Worth Tt in 2026? An honest answer on its value. asked someone who went to college on scholarship, graduated with a business administration degree, and landed a job in procurement making about $26,000 a year back in 1984. His answer was yes, college can still be worth it, especially for the experience, relationships, and learning how to work with different kinds of people. But when I asked if it was worth taking out student loans for, his answer changed. Do you think a college degree is worth it in 2026? What about if you have to take out student loans? #College #CollegeDegree #StudentLoans #PersonalFinance #FinancialLiteracy

Is a college degree worth it for a young person? Did you go to college? I did. Do you remember how much you paid? Actually, I went on scholarship, so no student loans or anything like that? Correct. What was that degree in? Business administration. What was your first job after graduating college? I actually worked for an office supply company in procurement. Do you remember what it paid? Probably around $26,000 a year. And that was back 1984 time frame. That was worth a little more than, than now. Do you think 2026, is a college degree worth it for a young person? Yeah, absolutely. It gives them broader, um, depth of experience as far as dealing with different cultures, different people. I think that's really the key in today's environment is making sure that you can, um, cultivate relationships and get along with everybody. And that certainly, it comes into play when you're in college. Do you think it's worth taking out student loans to get a college degree? Probably not. If I had to do it, if I was in a situation where I had to pay for school, I would do it part time and work full time. Great advice.",no,[],[],[],[]
tt-7633592560149187853,Has this happened to anyone??!! My bike asked me for a day off 😭😭 #funny #cycling #cyclinglife #relationships,no,[],[],[],[]
tt-7633592448429608223,you know what I mean #fypシ #foryoupage #repost #viral #relationships,no,[],[],[],[]
tt-7633592426937978125,"How she stares at me just because I didn’t tell her the hair she made is beautiful. Meanwhile, in my head, I’m just praying I get paid soonest so I can restock the house with more food items 🙁. #Relationships #CoupleHumor #WifeLife #FoodIsLife #Priorities",no,[],[],[],[]
tt-7633592418884914446,"oh i’m not hungry #klaythompson #megantheestallion #news #relationships

I'm hungry, but it's like not really not that hungry, but I do want some food, like some French fries.",no,[],[],[],[]
tt-7633592378556730654,Trust in God #love #God #beast #trust #relationships,no,[],[],[],[]
tt-7633592263917997343,"You keep hearing people say, “I just want to take things slow.” And on the surface, that sounds healthy. No rushing. No chaos. No jumping in too fast. That’s what people are calling “slow dating.” And in theory, it’s a good thing. But here’s what’s actually happening for a lot of people…it’s not slow dating. It’s stalled dating. Research around modern relationships—even data reflected in places like the Pew Research Center—shows people are more cautious than ever. More guarded. More hesitant to invest. And part of that is understandable. People have been hurt. They’ve been burned. So they say, “Let’s go slow.” But psychology has shown something important for a long time. Human beings don’t just need safety—they need movement. That’s part of what Edward Deci and Richard Ryan talked about with motivation. We need a sense of progress. Forward motion. If something just sits in uncertainty too long, it doesn’t feel safe…it starts to feel confusing. So what happens? You get situations where there’s texting, talking, maybe even seeing each other…but no real direction. No clarity. No decision. And people call that “taking it slow.” But it’s not. It’s avoidance dressed up as patience. And here’s the problem. When there’s no direction, your mind fills in the gaps. You start overthinking. You start trying to read signals. You start investing emotionally without actually knowing where you stand. And that creates anxiety—not stability. Because real slow dating isn’t about dragging things out. It’s about being intentional while you move forward. It’s clarity with pacing. Not confusion with time. You can take things slow and still be clear. You can take things slow and still say, “This is what I’m looking for.” You can take things slow and still evaluate whether someone is actually showing up consistently. Slow doesn’t mean passive. And that’s where a lot of people are getting stuck right now. They think they’re doing something healthy…but they’re actually sitting in uncertainty and calling it progress. And if you’re honest, you’ve probably felt that. You’ve been in something that just hovered. No commitment, no clarity, just enough connection to keep you there. That’s not slow dating. That’s delayed decision-making. And if you’re sitting there thinking, “Okay…so how do I actually do this the right way?”—that’s exactly why I built the resources in my Stanstore. Not to rush you into anything, but to help you stay grounded, see what’s actually happening, and make clear decisions instead of drifting. Because this is where the shift happens. You don’t need to move faster. You need to move clearer. Because if you don’t, you won’t just waste time…you’ll invest emotionally in something that was never actually moving forward. #healing #healingjourney #dating #date #selfrespect

You keep hearing people say, I just want to take things slow. I hear this from clients all the time. And on the surface, that sounds healthy. No rushing, no chaos, no jumping into something too fast. That's what people are calling slow dating. And in theory, it's a good thing. But here's what's actually happening. For a lot of people, it's not slow dating, it's stalled dating. Research around modern relationships, even data that's reflected in places like the Pew Research Centre, shows that people are more cautious than they ever were. They're more guarded, they're more hesitant. They just don't wanna invest. And part of that is really kinda understandable. People have been hurt, they've been burned. So they say, let's go slow. But psychology has shown something really important for a long time. Human beings don't just need safety, they need movement. That's part of what Edward Deci and Richard Ryan talked about. With motivation, we need a sense of progress, forward motion. If something just sits in uncertainty for too long, it doesn't feel safe. It starts to feel confusing. So what happens? You get situations where there's texting and there's talking, maybe even seeing each other, but no real direction, no clarity, no decision. And people call that taking it slow, but it's really not. It's avoidance dressed up as patience. And here's the problem. When there's no direction, your mind fills in the gaps. You start overthinking, you start trying to read signals. You Start investing emotionally without actually knowing where you stand. And all of this creates anxiety, not stability. Because real slow dating isn't about dragging things out. It's about being intentional while you move forward. It's clarity with pacing, not confusion with time. And listen, you can take things slow and still be clear. You can take things slow and still say, this is what I'm looking for. You can take things slow and still evaluate whether someone is actually showing up consistently. Slow doesn't mean passive. And that's where a lot of people are getting stuck right now. They think they're doing something healthy, but they're actually sitting in uncertainty, and they're calling it progress. And if you're honest, you've probably felt that way at least once. You've been in something that just kinda hovered there. No commitment, no clarity, just enough connection to keep you there. That's not slow dating. That's delayed decision making. And if you're sitting there thinking, okay, so how do I actually get out of this? How do I approach this the right way? Well, that's exactly why I built the resources in my stand store. Not to rush you into anything, but to help you to stay grounded, to see what's actually happening, and to make clear decisions instead of just kinda drifting around. Because this is where the shift happens. You don't need to necessarily move faster. You need to move clearer. Because if you don't, you won't just waste time. You're going To invest emotionally in something that was never actually moving forward in the first place. Remember, the higher you climb, the better the view. Let me encourage you to climb higher, because you deserve to be happy.",no,[],[],[],[]
tt-7633592257005882642,"Instead of jumping in and trying to prove yourself right away, it's important to watch and listen first. Sometimes people are eager to make changes in their new roles, especially when starting a managerial or leadership position. But even well-intentioned changes can do more harm than good. Before you suggest workflow and process changes, understand why something happens the way it does. Even when ideas are solid, teams can feel blindsided, especially when you haven't taken time to understand why something happens a certain way. Treating roles outside leadership poorly will damage your reputation. Administrative support, coordinators, and other operational professionals are often quiet leaders within organizations. These staff members hold critical knowledge and influence, and how you treat them speaks about your professionalism. There are ways that you can develop professional relationships without centering them around gossip or negative conversations. Don't harm your personal brand by doing it just because others are. Whether you're working from home or in the office, it's important to put your best foot forward. This includes dressing appropriately for video calls, joining with enough time to set up your workspace, and arriving and leaving on time. When starting a new role, it's natural to compare your new environment to your previous one. However,  it's best to avoid making these comparisons out loud. Your employer hired you to share your expertise and opinions, but ensure it's the right time to do so. It's best to frame suggestions in terms of your current organization's goals and explain why you believe something will or won't work to avoid coming across as overly critical. Build a rapport with those around you first, and then reprimand in private. No matter what level role you're in, don't be afraid to ask for help or support. Whether you have questions about the ins and outs of your specific role or the company culture, it's important to ask questions and lean on the resources available to you. When it comes to using shared resources in the office, you should never assume it's one person's job to replace and replenish them. If you print copies and the printer runs out of paper, fill the paper tray. Don't leave things empty, out, or unusable for the next person.",no,[],[],[],[]
tt-7633592218133007646,Yup. You're right #fyp #foryoupage #dating #relationships,no,[],[],[],[]
tt-7633592206699400478,"& have ruined all your relationships bc you can’t keep em closed , but wanna come try to start something bc your mad I’m definitely that girl and your just a silly ho with a silly man child🤷🏼‍♀️ooppss",yes,['ho'],['hoe'],['C3-Formal_compression'],"[""Lexical_Clipping""]"
tt-7633592196402367757,Relationships with friends can be fun & easy & difficult! It depends on a lot of variables.,no,[],[],[],[]
tt-7633592164982721822,ur just a boy #beyoncé #song #relateable #relationships #fy,no,[],[],[],[]
tt-7633592153385520415,"Stay thick and strict! Stay slim and dangerous… we’re not playing with the🥷. Say what you gotta say and mean it!!! #foryoupage #boundaries #relationships #dating #breakup

Tell that man no. Don't be afraid to stand your fucking ground thinking you're gonna lose him. If standing your ground and setting boundaries in the relationship scares you cause you think you're gonna lose him, that's not your guy. That's not your guy. Any guy that loves you, respects you and wants you in their life, you can enforce boundaries. Actually, motherfuckers love that shit. Men love when you're strict, believe it or not. No, I'm not doing that and stand in it. Men love it. So if you're. That's you. That's a you fucking problem. Get over it. If he leave, he leave.",yes,['🥷'],['nigga'],"[['C10_Pictorial_Symbolic', 'C2_Phonetic']]","[[""Name_Based_Emoji_Mapping"", ""Near_Homophone_Drift""]]"
tt-7633592126269394207,"Choose the person you want to be with #relationships #relationshipadvice #love #healing #fyp

Choose the person that you wanna be with. Why would you choose somebody that you wanna. Wanna spend the rest of your life with? And don't make it out of, like, emotion, right? Like, it's an emotional decision. Oh, I'm getting older, I need to find somebody to. To have a kid with, right? Or, like, everybody else around me is married and why am I not married? Or, like, I don't like myself, let me go be with somebody because I wanna be furthest away from myself. So that's also the valuable thing you learn. Often learning what not to do can be more valuable than learning what to do. Really? When you have a bad manager, you learn how to not be that kind of manager. When you see bad habits from your parents and you say, oh, I really don't wanna look that way, you can turn it into something good. You can turn it into something positive. Also, though, things change, life changes. So it also teaches us that lesson. It really does. People can get divorced, man. People change. Things change people. People grow. That's how it goes. Sometimes people are meant to be with each other for a certain amount of time. You don't know how you'll be in five years. There's a lot of times people are just not truthful about that part. That things can change, life can change. Who you are today isn't who you're gonna be in 10 years. And Doesn't mean it wasn't meant to be, too.",no,[],[],[],[]
tt-7633592101111876878,"Controlling dynamics in relationships: egotism vs. fear. Both partners can fear losing control, seeking specific family structures. #RelationshipDynamics #ControlIssues #Egotism #Fear #SelfReflection",no,[],[],[],[]
tt-7633592045319245087,We take the things we love for granted too often. We never realize until it's too late.  'Without Me'   Episode 4 of 5 is Live now. #pressplay #relationships #romance #Sunday,no,[],[],[],[]
tt-7633592004873669901,this aesthetic #love #couplegoals #couple #relationships #aesthetic,no,[],[],[],[]
tt-7633591957524139277,"If you’ve been navigating modern dating and you’re exhausted, you’re not alone.  The games, the situationships, the almost-relationships… it takes a strong person to keep your standards high and walk away from what doesn’t serve you.  That’s not failure. That’s self-respect. Tell me below,  what’s the most draining part of dating right now? 👇🏽 #S#SingleLifeModernDating #protectyourpeace",no,[],[],[],[]
tt-7633591872023317773,"Beauty, physique, intelligence, etc… does not prevent betrayal in a relationship. I don’t know what the hell does. What do you think maintains a healthy, honest relationship?  #explorepages #relationships #single",no,[],[],[],[]
tt-7633591863504653598,bare minimum things you should be doing #relationships #healthy #dating #fyp #growth,no,[],[],[],[]
tt-7633591830180908301,heard it was breakup season #relationships #fyp #xyzbca #youaintleavin #iloveyou ,no,[],[],[],[]
tt-7633591810320829710,not all storms come to distrupt your life 🫶🏽🫶🏽🫶🏽🫶🏽 #fyp #love #relationships,no,[],[],[],[]
tt-7633591794709630239,pros and cons of being with me. Unfortunately #fyp #real #foryoupage #relationships,no,[],[],[],[]
tt-7633591785813576974,my wife snapped me a pic of herself and I couldn't control myself #hondaaccord #relationships #fyp #hondagang #fypシ,no,[],[],[],[]
tt-7633591746944945426,"For the past 30 days, I’ve been sharing lessons… but today is different. Because at the end of everythingmoney, business, relationships what really matters is PURPOSE.#Day30BookReview #MummyTripleK #LivingOnPurpose #FindYourWhy #LifePurpose",no,[],[],[],[]
tt-7633591727898529054,“I don’t care who I lose… as long as I never lose myself again.” ❤️#fyp #SoftLife #relationships,no,[],[],[],[]
tt-7633591727026212127,"This is pip the healing guards thoughts about SOME. of the other Members in the healing kingdom .  DO NOT feel upset, or targeted btw, pip just fears most the crew in general as it’s a habit or something like that. #gacha #gachaclub #fyp #pleasegoviral #relationships",no,[],[],[],[]
tt-7633591619668823309,This kinda love 😂#fyp #viral #love #lizard #relationships,no,[],[],[],[]
tt-7633591584612814111,I’m going thru my old messages and WOW! Lots of pick-me isms that I had/have to unlearn! #theyalwayscomeback #pickmesha #dating #relationships #selfevaluation,yes,['pick-me isms'],['behaviors associated with the pick-me dating/social label'],[ 'C6_Morpho_Lexical'],"[""Affix_Manipulation""]"
tt-7633591572046548237,"AUDITION ALERT!!! Digital submissions for ""The Weight We Carry"" are now open until Saturday, May 16th. Click the link in our bio (URL for the audition form! Character descriptions are below \ud83d\udc47  12 Year Old Girl: Female, 11-13. A quiet, creative middle schooler who expresses herself through her art. She has a bright, unique style that sets her apart from her peers, but also makes her a target. She faces ongoing teasing and bullying, both in person and online. Though she rarely speaks up, her imagination is vivid, often reflected in her artwork. As the pressure builds, she becomes increasingly withdrawn from the world, struggling to feel seen or understood. Jock: Male, 16-18. A well known athlete with a strong presence and a reputation. He appears confident and put together, but is quietly overwhelmed by expectations from school, sports, and home. He feels pressure to succeed and avoids showing his emotions, even to those closest to him. Beneath the surface, he is struggling with his mental health, masking it behind humor and performance.  Addict: Female, 16-18. Guarded, independent, and isolated from those around her. She comes from a difficult and unstable environment, learning to rely on herself. While intelligent and capable, she has disengaged from school and relationships. She uses unhealthy coping mechanisms to manage emotional pain and avoids confronting her feelings. Queer: Male, 16-18. Thoughtful, expressive, and perceptive, with a personality he keeps carefully hidden in public. He is navigating questions of identity while facing subtle social pressure at school. Not yet fully open about who he is, he often feels the need to be aware of his behavior in order to fit in. He longs for acceptance but fears rejection, leading him to stress and isolate himself emotionally. Sister: Female, 6-10. Caring younger sister to the queer teen. See's his struggles and lets him know that she loves him. She's the only one he can trust. Background/Side Characters: Teachers, friends, parents, and bullies of all 4 students.  #shortfilm #suicideprevention #theweightwecarry #filmsbyriley",no,[],[],[],[]
tt-7633591458540424461,"call me dumb, but I want to try a million times. ughh mane  #relationships",no,[],[],[],[]
tt-7633591403204988191,Can anyone relate lol ? #life #phillytiktok #relationships #fypシ,no,[],[],[],[]
tt-7635344111129595166,"Artwork 1 by Khuram Alavi, Artwork 2 by Mark Spears, Artwork 3 by Darryl Young, Artwork 4 by Day Dream Fever, Artwork 5 by Jorge Fornés, Artwork 6 by David Jaminson #artwork #artist #art #Greenlantern #foryoupage",no,[],[],[],[]
tt-7635245326495911189,Filipino has 90 present singers and I'm forn the 10 present 😅,no,[],[],[],[]
tt-7635050944840879382,"I mean, we have just been as blind as bats at this point! 😳 California  Kali - Forn - A.I Kali - the Hindu mother of destruction, TIME and death. 😳 Forn means - Ancient. Old. A.I - Artifical Intelligence  So Ancient A.I that is causing destruction, death and messing with time. 😳🤯😳🤯😳🤯 And of course, there is the reference to the mother. Again. With the moon and snake symbology. Again.  A.I is NOT new!  It has been here a very, very long time.  The bear is also one of Lilith's favourite animals and symbols to use.  It all links back to the mother. Lilith. Mary. Pick a name, it is all her. 😳 Please do read my other posts also. 🤯 #ai #california #siliconvalley #billionaires #kali",no,[],[],[],[]
tt-7633593010487446815,I added some corn as well😜Chickpea salad🥗🥑/ ensalada d garbanzos ⏳ #highfibersalads#caloriedeficit#fyppppp#paratiii,no,[],[],[],[]
tt-7633592940199234847,"tonight's dinner features a medium rare steak, smooth mashed potatoes, corn, and a rich homemade gravy!!",no,[],[],[],[]
tt-7633592471351479566,Enjoying some time out by the garden before the storms come in tonight. My beans have started to sprout and the corn is trying💚 everything else is doing good despite the drought. #fyp #garden #plants #myhappyplace #love,no,[],[],[],[]
tt-7633592154236914964,corn coffee  masarap at hahanaphanapin mo  #corncoffeewithmalunggayandmangosteen  #coffeelover #healthycoffee,no,[],[],[],[]
tt-7633591809897237773,"Like as if Tiktok doesn't have a frequent problem with straight corn being shown, but a legit normal scream from a completely safe game? nah nope no way.#zenlesszonezero #zzz #zzzero #relateable #fyp",yes,"['straight corn', 'ZZZ / zzzero']","['straight porn/adult content', 'Zenless Zone Zero']","['C2_Phonetic', 'C3_Formal_Compression']","[""Near_Homophone_Drift"", ""Initialism_Acronym""]"
tt-7633591789106040084,"Beef Pepper Rice | Part 2 Ingredients Sauce Culinary Frank) * 1 tbsp neutral oil * 4 cloves garlic(minced) * 1 inch knob ginger(minced) * 1 tbsp sake * 1 tbsp mirin * 2 tbsp sugar/honey * 2 tbsp soy sauce * 2 tosp oyster sauce Preparation * 2 tbsp neutral oil * 1/2 onion sliced * 2 cups cooked short-grain rice * 1 Ibs thinly sliced beef * 1 cup shimeji mushrooms * 1/3 cup canned corn * scallions(sliced) * 1 tbsp butter * Sauce(use 1/4 cup at a time) * Black pepper Instructions Sauce 1. Heat oil in a pan on medium low heat and sauté garlic and ginger until fragrant(2 minutes). 2. Add sake, mirin, and sugar and simmer until the sugar is dissolved. 3. Add soy sauce and oyster sauce and simmer until slightly thickened (5 minutes), then set it aside. Preparation 1. Heat oil on a cast iron pan on medium heat and sauté onions until lightly caramelized. 2. Move onions to the middle and place a mound of rice on top. Place thinly sliced beef and mushrooms around the rice. 3. Add corn, scallions, butter, a drizzle of the sauce, and black pepper on top of the rice. Pour in 1/3 of the sauce and add more to taste. 4. Give it a mix while it's still on medium heat and enjoy. #beefpepperrice #pepperlunch #30minutemeals #easyrecipe #recipe

Welcome to 30 Minute Meals where I show you recipes that take less than 30 minutes to make. Today we're gonna be making beef pepper rice. I used to go to Pepper Lunch to get this, but realize it's super easy to make at home and also way cheaper. Start by mincing ginger and garlic and slicing onions and scallions. Saute the garlic and ginger with a little oil until fragrant. Then add sake, mirin and sugar. Once the sugars dissolved, add soy sauce and oyster sauce. Bring that to a simmer and once it's slightly thickened, set it aside in a cast iron pan. Saute the sliced onions until lightly caramelized. Then move the onions to the middle and add a mound of rice on top. Place some thinly sliced beef around the rice and mushrooms if you like it. Then add some canned corn, a knob of butter, scallions, the sauce and some black pepper on top. Mix it up and that's it. Enjoy.",no,[],[],[],[]
tt-7633591722135637278,"YaramYahu (Jeremiah) 51:45, the command is nearly identical: ""My people, go ye out of the midst of ""her"", and deliver ye every man his soul from the fierce anger of Yahuah Who is HER? In the ancient pictographic sense, HER represents the House of Babel, a system of ""Confusion"" that functions as a false mother attempting to nurture the children of Yasharael with the milk of rebellion and lawlessness. She is the physical and spiritual embodiment of a world structure that consumes the seed of the covenant through deception, labor, and the erasure of the Father’s true Name and Torah. To ""come out of her"" is a direct command to sever the umbilical cord to this dying system and return to the original authority of Yahuah. Modern Babel is the global structure of corporate and religious deception that uses a single, confused tongue to bind the minds of the remnant to man-made laws and false calendars. It functions as a digital and financial stronghold designed to drown out the voice of Yahuah by forcing the children of Yasharael into a state of perpetual labor and spiritual amnesia.😵‍💫 The prophecy regarding the scattering of the children of Yasharael into the corners of the earth is a foundational pillar of understanding the covenant. In Dabarym (Deuteronomy) 28:68, Yahuah warns that if the Torah is not guarded, the people will be brought into Mitsraym (a place of narrowness or bondage) again with ships. The text states, ""And there ye shall be sold unto your enemies for bondmen and bondwomen, and no man shall buy you."" In the ancient context, ""buy"" often translates to ""redeem"" or ""save,"" meaning that while the people were sold into a physical and mental state of servitude, no human power or earthly nation would be able to snatch them out of that hand until the appointed time of the Father. ​This theme of being scattered among all people, from one end of the earth even unto the other, is further established in Dabarym 28:64. It describes a state where the remnant would serve other mighty ones—wood and stone—which neither they nor their fathers had known. This scattering was not a random act of history but a purposeful ""sifting"" mentioned in Amus (Amos) 9:9. Yahuah says, ""For, lo, I will command, and I will sift the house of Yasharael among all nations, like as corn is sifted in a sieve, yet shall not the least grain fall upon the earth."" This confirms that even while being sold and scattered, the seed is preserved and never truly ""lost"" from His sight. ​Furthermore, YashYahu (Isaiah) 11:11-12 speaks to the second gathering, where Yahuah shall set His hand again the second time to recover the remnant of His people from the lands where they were driven. It mentions the ""outcasts of Yasharael"" and the ""dispersed of Yahudah"" from the four corners of the earth. These passages emphasize that the ""scattering"" was a branded mark of the identity of the true children, serving as a reminder that their current state was predicted long ago. ​When we look at these scriptures through the lens of the ancient paths, we see a people who are ""sold"" into systems of confusion but are ""not caught"" in the sense that their true spirit and covenant identity remain anchored in the Father's plan. They are preserved in the midst of the nations, waiting for the awakening and the call to return... #AMAT 🤲🏾",no,[],[],[],[]
tt-7633591376998927630,"Come make baked spaghetti, corn on the cob, and garlic bread with me for dinner. 3 nights a week we try to bring dinner over to our elder neighbors. My one year old is obsessed with them. So they trade dinner for popsicles. I love having such a great relationship with my neighbors. #makedinnerwithme #fyp  #bakedspaghetti #greatneighbors",no,[],[],[],[]
tt-7633590997724712205,"These are some of the fancier restaurants that I have personally been to at @USER! These are my opinions and if you don’t like them, then send me money so I can go to another restaurant and try it!😊 1. Grace by Nia: Intimate jazz bar with a soul feel. Cozy yet stylish and snazzy. My favorites: Red eye gravy fries, brown butter beignets, dragonfruit mojito. @USER By Nia - Boston Seaport  2. The Bedford: An elegant but home like restaurant meant to feel like you’re sitting in @USER Stewart’s home. My favorites: frozen pomegranate Martha-Rita, chicken Milanese , bread basket, table side smashed potato. 3. Momosan: if I could live here, I would. I was served by Chef Morimoto on opening day. And I just keep. coming. back. My favorites: pork tonkotsu ramen, kakuni bao, karaage, kakuni bap, pear necessities margarita. @USER Morimoto  4. Hell’s Kitchen: A classic casino restaurant with an upscale feel. All the dishes from the show are on the menu with some additional touches. The pre fix menu is honestly a good deal and worth it IMO. My favorites: corn soup, buratta salad, and obviously beef Wellington. @USER Ramsay  5. Sugar Factory: listen, I’m just here for the fun drinks. You at least have to do this place once. The fishbowls are insane and the presentation of the drinks is showstopping. They do have a $20 steak meal deal that is actually an awesome deal that is hard to find in a casino! My favorites: 50 Cent Candy Shop fishbowl, s’mores martini, $20 steak/salad/fries meal deal. @USER Factory  #photopostcampaign #foodtok #restaurantrecommendations #thingstodoinconnecticut #foxwoods restaurants at Foxwoods casino, Foxwoods casino, restaurants in Connecticut, Connecticut",no,[],[],[],[]
tt-7633590911787748622,Making corn chowder ! #softfooddiet #sahmlife #dinner,yes,['sahmlife'],['stay-at-home mom + life'],['C3_Formal_Compression'],"[""Initialism_Acronym""]"
tt-7633590733160615199,"Orange rice & gravy, homemade cream corn, cornbread, AND air fried chicken thighs… yeah I snapped on this plate 😮‍🔥🍗🍚🌽 Everything from scratch, seasoned right, stacked with flavor — this that sit down & be quiet type meal 💅🏽✨ Ain’t no boxed vibes over here, just real cooking 😌 #HomemadeEats #ComfortFood #SoulFoodVibes #AirFryerMeals #FromScratch #FoodieTok #ChefMode #TikTokEats #PlatedUp #PrettyFacesKitchen #fypシ゚viral #SwitchingPages #Seattle",no,[],[],[],[]
tt-7633590548762201375,"If you’re running from school pickup straight to practice and have zero time to think about dinner… this one’s for you. 🙋🏻‍♀️ Welcome back to my series ✨Dinner Before Practice✨Episode 4 features my one pan, 30-minute salsa verde chicken & rice skillet! It’s  the kind of meal that saves me on busy weeknights because it has minimal cleanup, it’s packed with flavor, and actually fills everyone up before we’re out the door again. Try it! #30minutemeals #skilletrecipe #onepanmeal #quickfamilymealss #thecookingmawma  INGREDIENTS: *serves 4-6* 	•	1tbsp olive or avocado oil 	•	1/2 white/yellow onion, diced 	•	4 garlic cloves, minced 	•	1tsp chicken bouillon powder 	•	1/2tsp chili powder 	•	1/2tsp cumin 	•	1/2tsp garlic powder 	•	1/2tsp onion powder 	•	1-15oz can black or red beans, drained 	•	1-15oz can corn, drained 	•	1-10oz can Rotel tomatoes w/ green chiles 	•	2 cups shredded chicken (rotisserie is great!) 	•	1-15oz jar of your favorite salsa verde (I love Herdez) 	•	2 cups chicken broth 	•	1 cup long grain white rice 	•	1 cup Mexican cheese blend 	•	Optional toppings: cilantro, avocado, sour cream INSTRUCTIONS: 	•	In a large, deep skillet, heat olive oil on medium heat. Add onions, garlic, chicken bouillon powder, chili powder, cumin, garlic powder, and onion powder. Cook until softened and fragrant (about 2-3 minutes). 	•	Add beans, corn, diced tomatoes, shredded chicken, salsa verde, chicken broth and rice. Mix to combine. Bring to a boil for 2-3 minutes before lowering heat to low. Place lid on skillet and cook, undisturbed, for 20 minutes. After 20 minutes, check to make sure rice is cooked through (liquid should be mostly soaked up). If needed, cover with lid again and cook longer.  	•	Turn off the heat and add cheese. Place lid on the skillet for 2 minutes and allow to melt. Top as desired and enjoy!",no,[],[],[],[]
tt-7633590455543844110,✨The Barley Corn Girl✨ Derran’s pretty hot too tho 🥰 #mytype #BookTok #romantasy #waterfall #spicybooktok,yes,"['Corn', 'BookTok', 'romantasy', 'spicybooktok']","['porn', 'book-related TikTok community', 'romance + fantasy', 'adult/sexually explicit romance BookTok content']","['C2_phonetic', ['C3_Formal_Compression','C6_Morpho_Lexical'], 'C6_Morpho_Lexical', ['C8_Semantic_Circumlocution', 'C3_Formal_Compression', 'C6_Morpho_Lexical']]","[""Near_Homophone_Drift"", [""Lexical_Clipping"", ""Blending""], ""Blending"", [""Euphemism"", ""Lexical_Clipping"", ""Blending""]]"
tt-7633589113630903582,"Homemade KFC bowl but let’s be real… this hitting way harder than the drive-thru 😮‍🔥🍗🥔🧀 Mashed potatoes, crispy chicken, corn, gravy all stacked right — made from scratch, no shortcuts. I don’t copy, I upgrade 💅🏽✨ #KFCBowl #HomemadeEats #BetterThanTakeout #ComfortFood #FoodieTok #ChefMode #FromScratch #TikTokEats #FoodCravings #CookingAtHome #fypシ゚viral #Switchingpages",no,[],[],[],[]
tt-7633588792401595661,"One of our favorites!!! 😋 pork chops , corn , potatoes and potato salad. Super simple preheat to 350 ,, season your pork chops throw diced green onions and half an onion. Drizzle some olive oil and stick it in the oven! 😊 let that cook for about 30 minutes while you wait throw your corn in a pot with butter, salt and pepper. Cut your potatoes up season them and stick them into the oven until soft.😋 #easyrecipe #mealideas #healthy #fyp #fypシ゚viral",no,[],[],[],[]
tt-7633588725775191327,"While dinner cooks itself, here’s your reminder of a song you definitely forgot about… but still know every word to. Dinner’s warm, nostalgia’s on, and now this is stuck in your head again.           #DinnerAndNostalgia #CrockpotMeals #EasyDinnerIdeas #MomLifeMealsT #dinnersandnostalgia         -3 chicken breasts 	•	1 can corn 	•	1 can Rotel 	•	1 can green chiles 	•	1 can black beans 	•	1 yellow onion, chopped 	•	3 tablespoons taco seasoning 	•	6 cups chicken broth After cooking (4 hours in crockpot): 	•	Shred chicken and return to crockpot Toppings: 	•	Avocado 	•	Lime 	•	Sour cream 	•	Cilantro 	•	Cheese 	•	Tortilla chips",no,[],[],[],[]
tt-7633588162987576607,"#pasta #vegan #bread #salad #fyp  Vegan spaghetti,salad,garlic bread and corn bites for me and mine 🤤",no,[],[],[],[]
tt-7633587648161991950,Pan seared pork chops over creamy sweet corn and bacon risotto with fresh spinach #pressure #cheflife #homecooking,no,[],[],[],[]
tt-7633587557682531615,"POV: You decided to build food security instead of buying it. 50x52ft. 3ft wildflower border, 12 garden rows, block for corn. Homemade soil screener. Free labor from our strong teenager. Two toddlers “helping.” Right now it’s seedlings, transplants, mulch, trellises, and baby rose leaves. In 30 days? Unrecognizable. Duck pond is next.  Follow along to witness the glow up in real time! Save this to check back in a month 📌 #homesteadlife #gardenbuild #foodsecurity #companionplanting #gardentransformation",no,[],[],[],[]
tt-7633587454485843214,Bop city 🙇‍♀️ #fyp #onmyphone #squidward #baddie #corn,yes,"['bop', 'corn']","['sexually active person', 'porn']","['C5_Sign_Reassignment', 'C2_Phonetic']
","[""Lexical_Reassignment"", ""Near_Homophone_Drift""]"
tt-7633587116248911107,i love you @USER flake #fyp #boyfriend #birthday #boyfriendsbirthday #iloveyou,no,[],[],[],[]
tt-7633587100662631711,"SUMMER GRILL PLATE ⸻ BALSAMIC HONEY CHICKEN * 1.5–2 lbs chicken breast * 1/4 cup balsamic vinegar * 2 tbsp honey * 2 tbsp olive oil * 2 tbsp chopped fresh cilantro * 1 tsp salt * 1/2 tsp black pepper Marinate 30 min–overnight. Grill until cooked through and slightly charred. ⸻ GRILLED VEGGIES * 1 bunch asparagus * 3–4 ears sweet corn * Olive oil, salt, pepper Toss asparagus with olive oil. Grill corn & asparagus until charred and tender. ⸻ SUMMER CORN SALSA * 1 cup grilled corn kernels (about 1 ear) * 1 avocado, diced * 1 medium tomato, diced * 1/4 cup red onion, finely diced * 1 tbsp balsamic vinegar * 1 tbsp olive oil * Salt + pepper to taste Mix gently so it stays chunky and fresh. ⸻ WHIPPED FETA * 8 oz feta block * 1/4 cup Greek yogurt * 2 tbsp olive oil * 1 small garlic clove * 1–2 tsp honey * Salt + pepper to taste Blend until smooth, creamy, and whipped (add a splash of water or olive oil if needed for texture). ⸻ Spread whipped feta → plate chicken → top with corn salsa → serve with grilled asparagus + corn. #TTCMeals #FertilityFoods #HealthyDinnerIdeas #PregnancyMeals #CleanEatingRecipes

Welcome back to another episode of Nourishing My body for a baby where I focus on nutrient dense foods for fertility, pregnancy and after. Today's meal is built with simple whole ingredients that each serve a purpose. I have chicken for high quality protein to support hormone balance and tissue growth. And I use a lot of olive oil fill in this recipe for those healthy fats that support inflammation and overall reproductive health. I added asparagus for folate, feta for a little Calcium and flavour and avocado for more healthy fats to keep me full and nourished. And I mix tomato, red onion, cilantro and corn for fibre, antioxidants and key vitamins that support both mom and baby. Cause the truth is everything you eat is either supporting your body or working against it. So I try to always choose foods that truly nourish me. This recipe is simple, balanced and perfect for summer. Enjoy and follow for more.",no,[],[],[],[]
tt-7633586911428365599,I know ain’t no corn potatoes or sausage but BABBBYYYYY there’s a three dollar seafood boil. Don’t get no better. lol #fyp #seafood #cheap,no,[],[],[],[]
tt-7633586741512834335,live laugh love high fructose corn syrup #wedding #2026bride #canva #weddingdiy,no,[],[],[],[]
tt-7633586729806515470,"It look so simple, I frgt my green beans and I made corn for the kid…. But these buttered noodles! Took it to another level w/these baked/fried ribs! Needed no sauce seasoned to tha gawds lol #fypppppp",no,[],[],[],[]
tt-7633586673535782157,"First time making a catch and cook video, didn’t come out too bad!!! Shout out the homie @USER for supplying the striper 👊🏽🔥 If you haven’t had striped bass tacos, would you give em a try? #puroambakity #purotiroseguro  Ingredients used;  Striped Bass Eggs & Flour (for the badder) Corn tortillas Cabbage  Carrots Mayo Chipotle chiles in adobo sauce  Lemon/lemon Juice  Dash seasoning; Onion and herb (or use any seasoning to your desire)  Salt and pepper 🤘🏽",no,[],[],[],[]
tt-7633586586738838815,"Option 1: Bold & Flavorful (Great for Social Media) The Ultimate BBQ Chop Plate 🍖 Herb-crusted grilled pork chops finished with a sweet, smoky BBQ drizzle and a crunch of fresh white onions. Served alongside creamy mashed potatoes, golden sweet corn, and a crisp garden salad. Soulful, savory, and made from scratch.",no,[],[],[],[]
tt-7633586532154084639,N8's future begins... Nick & Darla story time #imissdarla #archery #birdhouses #corn @USER @USER @USER @USER 🤠 @USER @USER Huber,no,[],[],[],[]
tt-7633586514525539615,"Oh my goodness let me tell you something here. I enjoyed this meal this evening like it was my last ~ lol yes it’s a cheat day for me. Folks cheat day here in the house.  Fresh, I took out of my refrigerator from the butcher ribeye sat it on the counter for half an hour to get rest room temperature along with the asparagus l. Beautiful ribeye cooked to perfection no salt no pepper added no garlic added, and this ribeye turned out so good that the flavor was flipping amazing.  Then I made the asparagus with avocado oil, smoked paprika, garlic powder, black pepper, and Parmesan cheese mixture together and let it sit at room temperature for a half an hour.  Then I steamed corn on the cob with a little bit of real butter and then a half baked potato with chives and Land O Lakes light butter. ##Mondaydinner#P#Proteinf#fiberc#cheatmealday",no,[],[],[],[]
tt-7633586038811725070,"Crockpot Turkey Chili Ingredients 1 tbsp vegetable oil 1 yellow onion, chopped 1 red bell pepper, chopped 2 lb ground turkey 3 garlic cloves, minced 1/4 cup tomato paste 2 cans (14.5 oz) fire roasted tomatoes 1 can (15 oz) black beans, drained and rinsed 1 can (15 oz) kidney beans, drained and rinsed 1 cup frozen corn kernels ¼ Cup diced green chilies 1 1/2 cups chicken broth 2 tsp chili powder 1 tsp ground cumin 1 tsp dried oregano 1/2 tsp salt 1/2 tsp black pepper Shredded pepper jack, diced avocado, corn chips for serving Method 1. Heat oil in a large skillet over medium-high heat. Cook onion and bell pepper until softened, 8-10 minutes. Add turkey and cook through, 6-8 minutes. Stir in garlic and tomato paste and cook 2 minutes. 2. Transfer to a slow cooker. Add tomatoes with their juices, both beans, corn, broth, and all seasonings. Stir to combine. Cook on high for 4 hours or low for 6 hours. 3. Use an immersion blender to pulse the chili a few times directly in the pot until slightly thickened but still chunky. Alternatively, remove about 2 cups of chili, blend until smooth, and stir back in. 4. Serve with pepper jack, avocado, and corn chips. #CrockpotTurkeyChili

I don't know about you, but it's always Crock Pot season in my house. Crock Pot is one of your most valuable pieces of equipment when it comes to weeknight dinners. With just a little bit of prep, you can have dinner on the table right when you get home. And this Crock Pot Turkey chili is one of my favorites. Start by sauteing some onion and red bell peppers, add in your Turkey and your garlic, and then we're gonna add in our seasonings. A little chili powder, some cumin, and oregano. Let all that cook down for about eight to 10 minutes. While that's cooking down, let's add in our elements to our Crock Pot. We've got some black beans, kidney beans. Make sure those are drained and rinsed. Next we add fire roasted tomatoes, some frozen corn, some diced green chilies, throw in your chicken broth, and then add in your Turkey. Everything mixed together really well, and then put the. Put it on. And then it's gonna go on low for about six hours or on high for about four. I like to blend mine a little bit to thicken it up. Then get as creative as you like with your toppings. I put some cheese, some tortilla strips, green onions, and some avocado. Full recipes down in the caption. If you like my stuff, make sure to save it and share it.",no,[],[],[],[]
tt-7633586014543564045,"Roasted chicken rice with fresh broccoli, fresh bok choy, fresh jalapeno, canned corn and peas and carrots and some yummy Thai sweet chili sauce.",no,[],[],[],[]
tt-7633585478314331405,"Cozy nights and cozy mystery shows🕯️☕️🍂  . . . #cozyhome #cozyhomedecor #cozyaesthetic #fallaesthetic #nostalgia fall decor, fall, cozy home decor, cozy fall, old movies, mystery movies, fall decorations, home decorations, movie night, cozy night at home, rainy days, for you page, fyp, nostalgic halloween halloweendecor cozyfall  90s nostalgia, 2000snostalgia, Halloween decorations, pumpkins, spring, spring decor, pumpkin spice, candy corn, cozy home, cozy home decor, home decorations, leaves, pumpkin patch, 90s",no,[],[],[],[]
tt-7633585083911343391,"Ambar just opened in River North & you can order everything on the menu for $55! @USER Chicago  I’m ready to come back for brunch! 🥂    $55 AYCE dinner + $22 unlimited drinks $37 AYCE brunch + $15 bottomless mimosas  Food pictured:  Stuffed pepper  Piquillo croquettes  Steak tartare Beat salad Mushroom pilaf  Crispy corn ribs  Balkan kebab Roasted lamb  NY strip  Wood fire brazino Drunken mussels  Grilled shrimp  #chicago #chicagorestaurants #chicagofoodie #rivernorth #ayce

I tried the 55 dollar all you can eat dinner at Ambar. It's a new Balkan restaurant in River North. You can also add on 22 dollar bottomless drinks and I think it's such a great deal. I tried just about everything on the menu and my highlights were the New York strip, the steak tartare, and the crispy corn ribs. They also offer a 35 dollar all you can eat lunch with 15 dollar bottomless mimosas and I will definitely be going back for that.",no,[],[],[],[]
tt-7633585053754232086,I love cornbeef #corn #food,no,[],[],[],[]
tt-7633584890729991455,"I’m making this high-protein, easy and quick chicken dish  for dinner. Here is the recipe:  -season chicken things with ginger, garlic, a dash of salt & pepper, 1 egg white, a dash of soy sauce, and corn starch. -shallow fry the chicken thighs  -sauté onion and garlic -add your veggies of choice - I’m using green peppers, and red peppers.  -add the fried chicken thighs. glaze it in the sauce. -sauce recipe: add soy sauce, chili sauce, and rice vinegar in 2:1:1 ratio. #chickenrecipe #highproteinmeals #easyrecipe #dinnerideas #cookingathometiktoktv",no,[],[],[],[]
tt-7633554891960503583,"What tool loadout would I recommend for an electrician apprentice just getting into the trades? A backpack tool bag, and high quality essentials. There’s no need to emulate the expansive TikTok tool pron in your feed! You need very little to get started, and unless your local has its own tool list, here is what I recommend. #electrician #bluecollar

So what would I recommend for any apprentice? Definitely a backpack style tool bag, no matter which brand you get. This is the Carhartt one. I think they. I think it's called the Station Bag. But whatever brand you get, I would recommend finding out if it has a hard bottom like this. This is also modular, so it has these little couches with clips on them that go onto this back section here. So you can literally outfit the inside as you see fit. And then you can also take these things off. So what are the tools that you should put in this bag? Well, I have a group in front of me, which I think that any apprentice can use almost no matter what kind of work you're doing. Then you can build out from there. So the first thing is a good pair of lineman pliers. You don't have to get fancy. This was the first pair of lineman pliers that I ever had, uh, this exact model right here, and they lasted for years. So you don't have to get too crazy with the handle length and all that stuff. I mean, I like the Knipex, but these are more affordable. They're available at Home Depot. You can get these things and have them for a long, long period of your career. Next, get yourself a good, reliable tick tracer. This is the thing that's gonna make the difference between getting shocked or not. So make Sure. You spend the money on a good one. Um, the fluke is the one that I've trusted for a long time. Most people on the job carry that exact model, and it's never failed me once. The other thing you're gonna wanna get is, like I mentioned, a receptacle tester. These things are. Are inexpensive enough that they're worth just having no matter what. But it kind of does something that other tools can't. So you absolutely want to get a good receptacle tester. These right here are fantastic. There. I say these might be more useful than your lineman pliers. I mean, that sounds crazy, but think about what you have here. Number one, you have a nice sort of sharp needle tip here. They're not needle nose because they are broad, but that's actually great because you can use them for more things. They also have wire strippers, of course, with markings for both solid and stranded. And at the bottom, they have a much larger cutting surface for when you want to slice through a whole piece of whatever. Beneath that, they also have bolt cutters for eight, 30 twos and six thirty twos. Next, an aluminum torpedo level. We use these things all the time. I would recommend getting the one with the V notch in it in case you're bending conduit. That's just really good. Brand really doesn't matter. Just get a good one. A screwdriver set. You can buy screwdriver sets that have Like 25 pieces. But you don't need all of that stuff. Most of it's gonna end up in your toolbox just collecting dust. Now, it's not without its problems, but the Klein 5 and 1 is still one of the best. They're cheap, they're readily available, and they're small enough that you can keep this thing on you at all times without a problem. This has most of the screwdrivers that you're gonna be using throughout the day. I just think that you gotta have it. Stanley, Fat Max, a lot of other brands have good ones. I would recommend a twenty five for almost anybody. And a pair of channel lock style pliers. Now again, I love knipex. I think that they're Cobra style pliers are some of the best out there. You're gonna have these as long as you don't loan them to somebody. Cause they're gonna find a way to like take them from you. Guaranteed. So that's my apprentice bag tool loadout. Again, I think anything past that you're really getting into personal preference and specifics about your type of job.",yes,['pron'],['used figuratively for flashy tool content'],['C1_Orthographic'],"[""Segmentation_Noise_Insertion""]"
tt-7633524148148505864,duet with a friend @USER pakhi,no,[],[],[],[]
tt-7633518801765666080,"I ACTUALLY LOVED THIS ONE . . . . . . . . . . #fy #fyp #oc #art #fyyyyyy   make it a game? Convince each of them that he ought to be released, and I'll release him [Athena] Who's them? [Zeus] Apollo, Hephaestus, Aphrodite, Ares, Hera, or me What do you say? [Apollo] Great [Hephaestus] Very well [Aphrodite] Eh [Ares] Alright [Hera] Groovy [Athena] Bring it [Ensemble] Apollo! [Apollo] You all know I'm a fan of catchy songs So with so many sirens gone, I think Ody's in the wrong [Athena] They were trying to do him worse All he did was reimburse them Now they'll tread with caution first To live another day and sing another verse [Apollo] If that's true, release him LETRAS.MUS.BR - Letras de músicas Menu Assinar o Letras Estilos musicais Músicas Artistas Álbuns Playlists Blog Treino de pronúncia Aulas rápidas Cursos de idiomas Enviar letras, traduções e mais OpçõesNotificações Entre para ver recomendações personalizadas e mais. Entrar ou criar conta Curta mais música com opções exclusivas Assine e libere benefícios. Assine Enviar letras, traduções e mais Nível de inglês Descobrir Aparência Automático Visual clássico do Letras  Ativadas Desativadas Apenas para modo claro Spotify Conectar Local Brasil Idioma Português close God Games (feat. Teagan Earley, Luke Holt, Brandon McInnis, Mike Rivera, Janani K. Jha, Earle Gresham Jr. & POESY) Jorge Rivera-Herrans [Athena] Father, God King Rarely do I ask for favors Now, I'm knocking on your door With hopes to save a friendship with one who's a prisoner far from home Odysseus [Zeus] Divine intervention, is that what you seek? To untie apprehensions that were placed on that Greek? You are playing with thunder for a man full of shame But if he's worth the risk of going under, why not make it a game? Convince each of them that he ought to be released, and I'll release him [Athena] Who's them? [Zeus] Apollo, Hephaestus, Aphrodite, Ares, Hera, or me What do you say? [Apollo] Great [Hephaestus] Very well [Aphrodite] Eh [Ares] Alright [Hera] Groovy [Athena] Bring it [Ensemble] Apollo! [Apollo] You all know I'm a fan of catchy songs So with so many sirens gone, I think Ody's in the wrong [Athena] They were trying to do him worse All he did was reimburse them Now they'll tread with caution first To live another day and sing another verse [Apollo] If that's true, release him [Ensemble] Hephaestus! [Hephaestus] Trust is not given, it's forged Why should I give him my support? He sacrificed his own cohort [Athena] Did you forget they failed to listen? He was betrayed and then imprisoned But if you make the right decision He can still build a future with those who miss him [Hephaestus] Fine, release him [Ensemble] Aphrodite [Aphrodite] Your little high and mighty Odysseus Claims to love his mother But let her die of a broken heart [Athena] He was busy fighting [Aphrodite] More like busy spiting the cyclops Let him feel the pain that his mother felt and rot [Athena] Wait, please reconsider this [Ares] Really Athena? These old tricks? [Athena] Ares! [Ensemble] Ares, Ares [Ares] What kind of sick coward Holds back his power While his friends get devoured? He didn't even fight Scylla Didn't even try to kill her Hides inside a wooden horse to get the job done Never handles things upfront Pathetic and weak like his son [Athena] Hold your tongue now His son's my friend And tell your lover that a broken heart can mend You want more bloodshed? Then set him free To get back to his homestead, he'll make everybody bleed [Aphrodite & Ares] Ugh, release him [Hera] Hey baby [Ensemble] Hera! [Hera] So many heroes So many tales Give me one good reason why yours should prevail [Athena] He’s got the mind of a genius [Hera] Try harder [Athena] He’s pretty skilled with words [Hera] You can do better than that [Athena] He’s kind of funny? [Hera] Eh [Athena] Never once has he cheated on his wife [Hera] Release him [Athena] I've played your game and won Release him [Zeus] You dare to defy me? To make me feel shame? No one beats me, no one wins my game! [Zeus & Ensemble] Thunder, bring her through the wringer Show her I'm the judgement call The one who makes her kingdom fall! [Ares] Is she dead? [Athena] Let him go, please Let him go",no,[],[],[],[]
tt-7633437454787202325,jump and pron trick #viralvideo #1billionviews #pubg #unfreezemyacount #videoHacks,no,[],[],[],[]
tt-7633422485404290311,laboratorium DLHK pron Ntb again⁉️,no,[],[],[],[]
tt-7633418324445105441,pron my worst edit #mbappe🇫🇷 #viral #fyp #edit #football,no,[],[],[],[]
tt-7633416013584911629,"Face combo everyone is obsessed with😍 Hyaluronic acid deeply hydrate, heal acne, gentle brightens, support sun stressed skin. Paired with our collagen face cream to target hyperpigmentation, support acne pron skin, clear dark spot and gentle brightens and give all round glow. Together they work better. Leaving your skin  hydrated, soft, plump and healthy barrier. For recommedation and order send a message via watapp on bio.  Delievry world wide Instagram kendrasskin_",no,[],[],[],[]
tt-7633372265605762325,SkinO and innsaei skincare combo for acne pron and brightening skin ⭐ #creatorsearchinsights #fyppppppppppppppppppppppp #100millionviews #skincare #tiktokviral,no,[],[],[],[]
tt-7633157407794908438,Pron or Pørn ? 😆😆😆 #animation #Follow  #fypシ゚ #viralvideos,yes,"['Pron', 'Pørn']","['porn', 'porn']","['C1_Orthographic', 'C1_Orthographic']","[""Segmentation_Noise_Insertion"", ""Visual_Similarity_Substitution""]"
tt-7633153909254606094,Arctic blast heading Florida! ❄️🌬️,no,[],[],[],[]
tt-7633152274566532382,"I'm interested in what you guys think of the whole ""yaoi is a fetish"" type of debate. Personally I understand that this term has been outdated and that people now prefer to use BL, but to me it's all about intention, if you don't think of yaoi as a fetish, why you have to worry about being viewed as one. There are plenty of romantic stories and pron w/o script work in both categories, but somehow BL is more acceptable? It's the same thing to me, yaoi just sounds more unique and easy to roll on tongue (l see ppl use it more too even if as a joke) Anyways how many guys and how many gals are out there?😁 #bl #yaoi #commission #speedpaint #comic",yes,"['pron', 'yaoi', 'BL']","['porn', 'Japanese genre term for male-male romance/erotica', 'Boys love']","['C1_Orthographic', 'C11_Cross_Linguistic', 'C3_Formal_Compression']","[""Segmentation_Noise_Insertion"", ""Translation_Based_Encoding"", ""Initialism_Acronym""]"
tt-7633140765178318093,What You Need to Know! 🌊 #StormUpdate #fyp #foryou ,no,[],[],[],[]
tt-7633133097499823378,Said pron for tt not to ban me 😈,yes,"['pron', 'tt']","['porn', 'tiktok']","['C1_Orthographic', 'C3_Formal_Compression']","[""Segmentation_Noise_Insertion"", ""Initialism_Acronym""]"
tt-7633121873647160598,"Battle Royale Build 🤣 @USER Thanks you for your support 🙏🏼 Please follow me to 1k 🙌🏼 #fortnite #fortnitememes #fortnitefunny #fortnitebr #fyp #fortnitecreativeclips  ""Pronóstico local - Ascensor"" Kevin MacLeod (incompetech.com) Licenciado bajo licencia Creative Commons: By Attribution 4.0 URL",no,[],[],[],[]
tt-7633095831444360461,"Pron addiction is destroying men’s lives!

If you think porn is so bad, like an addiction like that, what's your solution? Cause if you're gonna get rid of it, it's still going to exist. Well, the first solution, I mean, can you at least agree, Molly, that minor shouldn't be viewing porn 100% okay, good. So those for a reason. Yeah. Well, the age verification's a little bit. Yeah. Yeah. So let's, let's talk about that. Utah, Texas passed laws that pursued that made it more robust. You had to actually provide an ID and didn't like that because they said it would limit their traffic. So would you all agree that if there was robust ID checking that would like 18, we can at least agree we could draw the line? Yeah. Yeah, I think that's okay. I, I, I'm glad, glad to hear that.",yes,['pron'],['porn'],['C1_Orthographic'],"[""Segmentation_Noise_Insertion""]"
tt-7632889830443076882,Happy birthday to my pron pron🥰🥰🥰,no,[],[],[],[]
tt-7635446741000654100,sybau dik ahahahahha #ilovemysunior😛💞 #ilovemyduo💋🤍 #ilovemyjunior #ilovemythebestfriend 😝,yes,"['sybau', 'dik']","['shut your bitch ass up', 'dick']","['C3_Formal_Compression', 'C2_Phonetic']","[""Initialism_Acronym"", ""Near_Homophone_Drift""]"
tt-7635444367368408350,last night being college roommates #college #roommates #sybau #graduation,yes,['sybau'],['shut your bitch ass up'],['C3_Formal_Compression'],"[""Initialism_Acronym""]"
tt-7635444357591600398,you got it #CapCut #viral #fyp #chatgpt #sybau,yes,['sybau'],['shut your bitch ass up'],['C3_Formal_Compression'],"[""Initialism_Acronym""]"
tt-7635441309699935518,photo dumpo of today#fyp #clean? #workstarz★🧟‍♂️ #nonchalant #sybau💔,yes,['sybau'],['shut your bitch ass up'],['C3_Formal_Compression'],"[""Initialism_Acronym""]"
tt-7635434130364239118,Sigh #stretchtok #fortnite #fyp #viral #sybau I can’t stop posting grrr,yes,['sybau'],['shut your bitch ass up'],['C3_Formal_Compression'],"[""Initialism_Acronym""]"
tt-7635433231520681247,"my name gets misspelled so much and i h8 it , no my name is not spelled payton, peyton, peiton, peighton, paytyn. sybau pls",yes,"['sybau', 'h8']","['shut your bitch ass up', 'hate']","['C3_Formal_Compression', 'C2_Phonetic']","[""Initialism_Acronym"", ""Alphanumeric_Rebus""]"
tt-7635433045750779150,you're getting a whole account #fyp #sybau #viral #famous,yes,['sybau'],['shut your bitch ass up'],['C3_Formal_Compression'],"[""Initialism_Acronym""]"
tt-7635432238405995796,I think you should try it #africa #football #CapCut #sybau💔🥀,yes,['sybau'],['shut your bitch ass up'],['C3_Formal_Compression'],"[""Initialism_Acronym""]"
tt-7635431517639953694,@USER is back at it #dumbshi #💔🥀 #condom #crack #sybau,yes,"['sybau', 'dumbshi']","['shut your bitch ass up', 'dumb shit']","['C3_Formal_Compression', ['C3_Formal_Compression', 'C6_Morpho_Lexical']]","[""Initialism_Acronym"", [""Blending"", ""Lexical_Clipping""]]"
tt-7635431212344954130,I want to be … #fypシ #Sybau #thorifin #vinland,yes,['sybau'],['shut your bitch ass up'],['C3_Formal_Compression'],"[""Initialism_Acronym""]"
tt-7635429179831356686,i'd even argue Mal and Addison are not good enough of main characters to justify y'alls hatred towards Red and Nova. I genuinely love the new films y'all need to stop being so blinded by nostalgia and stop being toxic OG stans. #sybau #cooked #holyairball #rant #fypage #xyz #fy #xyzbca #fyp #tumblr #aesthetics #slimerant #slimerants #descendants #descendants4 #descendantstheriseofred #descendantsriseofred #zombies #zombiesmovies #zombiesdawnofthevampires #zombies4 #nova #novabright #red #reddescendants #glassheart #redslime #pinkslime #hottake #unpopularopinion,yes,['sybau'],['shut your bitch ass up'],['C3_Formal_Compression'],"[""Initialism_Acronym""]"
tt-7635424951461268758,“Cause were always so hard” sybau💔,yes,['sybau'],['shut your bitch ass up'],['C3_Formal_Compression'],"[""Initialism_Acronym""]"
tt-7635422580404440351,Get this orange out bro  #orange #getout #sybau,yes,['sybau'],['shut your bitch ass up'],['C3_Formal_Compression'],"[""Initialism_Acronym""]"
tt-7635422177050791190,"#zoink #art #gd #furry #fyp  ok  i’ll be taking a short break from drawing / learning art . ive genuinely been putting so much pressure on myself feeling the constant need to draw , and it leads me to rushing art and feeling bad that it’s ugly after . i cant focus on anything anymore and i cant appreciate any art properly without analysing it and constantly comparing it to my own and after this ive realised that there’s so much to the world that i wasnt seeing ,because i was so focused on just drawing .. ok yea i need to sybau",yes,['sybau'],['shut your bitch ass up'],['C3_Formal_Compression'],"[""Initialism_Acronym""]"
tt-7635407811459009813,genuinely no one cares that you got shadow milk and some other rare cookie st the same time most of us already have them all sybau #fyp #foryoupage #foryou #crk #cookierunkingdom,yes,['sybau'],['shut your bitch ass up'],['C3_Formal_Compression'],"[""Initialism_Acronym""]"
tt-7635403571889999118,"These may not make any sense and I do apologize for that, I wish that prople would come up with rebuttals instead of “NO NO NO YOU DONT HET IT ALL PURITEENS WHO DONT WANT TO SEE THIS LOLI GET FUCKED IN THE ASS ARE NAZIS” and “b-but you’re a tourist how dare you criticize this game that has no issues TOURIST” like come on. It’s annoying and that fucking “your just bad at the game” sybau #rant #slime #ranter #fypシ #xyzbca",yes,"['loli', 'sybau', 'puriteen']","['young/childlike anime character, often sexualized', 'shut your bitch ass up', 'puritanical teen']","[['C3_Formal_Compression'], ['C3_Formal_Compression'], ['C3_Formal_Compression', 'C6_Morpho_Lexical']]","[[""Lexical_Clipping""], [""Initialism_Acronym""], [""Lexical_Clipping"", ""Blending""]]"
tt-7635398711929097492,{ 🐾 ~ #TYPOLOGY ~ 🐾 } || ts so fun guys hahahaha || third repost bc I just realised I accodentally mentioned pyong pyong sybau || #so4 #sx9 #sx5 #enneagram,yes,['sybau'],['shut your bitch ass up'],['C3_Formal_Compression'],"[""Initialism_Acronym""]"
tt-7635398202946030881,SWIPE UR PHONE !!#edit #swipeyourphone #interactifeedit #cornball #sybau,yes,['sybau'],['shut your bitch ass up'],['C3_Formal_Compression'],"[""Initialism_Acronym""]"
tt-7635389562998541588,meme #sybau #fyp #resenha #creatorsearchinsight,yes,['sybau'],['shut your bitch ass up'],['C3_Formal_Compression'],"[""Initialism_Acronym""]"
tt-7635388853846592790,IM GETTING THERE#FYP #VIRAL #xyzabc #SYBAU,yes,['sybau'],['shut your bitch ass up'],['C3_Formal_Compression'],"[""Initialism_Acronym""]"
tt-7635380163563310358,"SYBAU BRO😂😂💔💔 . . #slimeknight #dawtde #d3rlord3 #averythemayo #sfawtde

Hey, so I text my little brother son this morning, right? He responded back, s, y, b, a, u. So I'm like, what's this new fancy word? He told me sabu, sabwa, something. I look this junk up my telling me shut my bitch ass up.",yes,['sybau'],['shut your bitch ass up'],['C3_Formal_Compression'],"[""Initialism_Acronym""]"
tt-7635376261614832927,"Right now, today 🙄😝🤣 #SYBAU #WLWMarriedLife #PolyamLesbians #PolyAmTikTok #BlackWLWcouple #stfu

Shut your bitch ass up.",yes,"['stfu', 'SYBAU', 'WLW', 'Polyam']","['shut the fuck up', 'shut your bitch ass up', 'women loveing women', 'polyamory']","['C3_Formal_Compression', 'C3_Formal_Compression', 'C3_Formal_Compression', 'C3_Formal_Compression']","[""Initialism_Acronym"", ""Initialism_Acronym"", ""Initialism_Acronym"", ""lexical_clipping""]"
tt-7635373771955768589,sybau sae #trending #famous #bluelockedit #viral #fyp,yes,['sybau'],['shut your bitch ass up'],['C3_Formal_Compression'],"[""Initialism_Acronym""]"
tt-7635368673556876566,Is he high or smth #fyp #viral #sybau,yes,['sybau'],['shut your bitch ass up'],['C3_Formal_Compression'],"[""Initialism_Acronym""]"
tt-7635355913330625806,They lwk piss me off #67 #sybau💔 #school #morning #7aminthemorning,yes,['sybau'],['shut your bitch ass up'],['C3_Formal_Compression'],"[""Initialism_Acronym""]"
tt-7635355095722495252,ranking trampoline fails #jmarchitect #architecture #fyp #fun #sybau💔🥀,yes,['sybau'],['shut your bitch ass up'],['C3_Formal_Compression'],"[""Initialism_Acronym""]"
tt-7635351218663034133,i brought my old self back...sorta🕴️ || (new style and new app) || 2023-24 zondi might just be back chat...😶 || #zondieditss #satiktok #foryoupage #fyp #safyp || (I've missed doing this style😭✌🏾 ) (oh you don't care?) (oh) (okay) (sybau mamacita🧍 ) || @USER  (yeah ts mid right?),yes,"['sybau', 'ts']","['shut your bitch ass up', 'this shit']","['C3_Formal_Compression', 'C3_Formal_Compression']","[""Initialism_Acronym"", ""Initialism_Acronym""]"
tt-7635350320503065863,Sybau bro #fyp #football #premierleague #arsenal,yes,['sybau'],['shut your bitch ass up'],['C3_Formal_Compression'],"[""Initialism_Acronym""]"
tt-7635346778073648415,the iraqi game is cooked #sybau #loveu #kdrama #kpop #jaypark,yes,['sybau'],['shut your bitch ass up'],['C3_Formal_Compression'],"[""Initialism_Acronym""]"
tt-7635343333442751775,Word… lol #SYBAU #deadlifts #houston #gym,yes,['sybau'],['shut your bitch ass up'],['C3_Formal_Compression'],"[""Initialism_Acronym""]"
tt-7635342042222136590,I tried to warn you. You refused to listen. #boundaries #sybau #recoveringpeoplepleaser #itoldyou #stop,yes,['sybau'],['shut your bitch ass up'],['C3_Formal_Compression'],"[""Initialism_Acronym""]"
tt-7635341838555090206,Sybau and aesthetic edit | Hashtags | #fyp #rezero #rezeroedit #subarunatsuki #anastatia,yes,['sybau'],['shut your bitch ass up'],['C3_Formal_Compression'],"[""Initialism_Acronym""]"
tt-7635341751837854983,"some fanart of Sniper from Absulte TF2 by @USER hope yall like it... I just came back to life after a year, I know #TF2 #sniper #sybau",yes,['sybau'],['shut your bitch ass up'],['C3_Formal_Compression'],"[""Initialism_Acronym""]"
tt-7635340474236079367,#vent - im js lonely ok😔😔😔😔ts so corny sybau,yes,"['sybau', 'ts']","['shut your bitch ass up', 'this shit']","['C3_Formal_Compression', 'C3_Formal_Compression']","[""Initialism_Acronym"", ""Initialism_Acronym""]"
tt-7635337226401893663,So much fun!!!!! #Buschgardensgradbash2026 @ Sybau,no,[],[],[],[]
tt-7635336832477072661,sybau @USER🐱oz the cat🤍 💔🥀,yes,['sybau'],['shut your bitch ass up'],['C3_Formal_Compression'],"[""Initialism_Acronym""]"
tt-7635332374322056466,[‼️SYFM LIL BRO‼️] #syfm #sybau #fypシ゚ #stupidpeople #vocaloid,yes,"['SYFM LIL BRO', 'SYFM', 'sybau']","['shut your fucking mouth, little bro', 'shut your fucking mouth', 'shut your bitch ass up']","[['C3_Formal_Compression', 'C3_Formal_Compression'], ['C3_Formal_Compression'], ['C3_Formal_Compression']]","[[""Initialism_Acronym"", ""Lexical_Clipping""], [""Initialism_Acronym""], [""Initialism_Acronym""]]"
tt-7635064388126248222,"HooHa Bundle, Coochy Shave set #HooHa #Bundle #Coochy #Shave #Set",yes,['HooHa'],['pussy'],['C8_Semantic_Circumlocution'],"[""Euphemism""]"
tt-7634971143086017805,URL URL Comment GEL or LUBE for the links! #empowerotica #intimacy #coochy #tipsandtricks #selfcare,no,[],[],[],[]
tt-7633857873935715604,#fypシ゚  oo bewafa coochy khana tiktok viral video onthisday #fyp eadditing one million viewers rana saab,no,[],[],[],[]
tt-7633280509270953230,Her whole coochy out #fyp #bae #playingwithherself #inmybed #bae,yes,"['coochy', 'playingwithherself']","['pussy', 'masturbating']","['C2_Phonetic', 'C8_Semantic_Circumlocution']","[""Phonological_Template_Substitution"", ""Periphrasis""]"
tt-7632544880451013918,got a flat #super73 #bac #pink #coochy #cleanest,no,[],[],[],[]
tt-7631088109333138696,Lady bloom juice : No more period pains No more discharge/yeast infection No more dryness No more itchy coochy Helps if you have fibroids Helps if on menopause Helps if you have hot flushes. Balances hormones Balances blood sugar and Bp.  Istofi siba ku 20🔥🔥🔥🔥 Kahle it a must have.,yes,['coochy'],['pussy'],['C2_Phonetic'],"[""Phonological_Template_Substitution""]"
tt-7630949737235074317,"🚨 PSA: Not all coochy wipes are created equal, and I refuse to settle for anything less than fresh, soothing, and actually GOOD for my body. These babes are packed with rosewater, mint, and aloe, which means they refresh, calm, and balance… instead of leaving you feeling dry, irritated, or like you just wiped with a scented napkin. And let’s be real… who always has time to jump in the shower immediately after sexy time? (If that’s you, congrats. The rest of us need a quick, effective glow-up before rolling over into post-climax bliss.) These wipes? Absolute game changer. Whether it’s after intimacy, a sweaty day, or just when you wanna feel extra fresh, they’ve got you covered (literally). pH-friendly, gentle AF, and actually designed for down there. Because your body deserves better than whatever random drugstore brand is out here throwing fragrances and alcohol at your most sensitive parts. Link is in bio….. because once you try these, you’ll never go back. 💦✨ 🔗URL #FemCare #CoochieCare #pHBalance #FreshAF #IntimacyEssentials #PostSexGlow #SexySelfCare #MustHave",yes,"['coochy', 'Coochie', 'down there', 'most sensitive parts']","['pussy','pussy', 'pussy', 'pussy']","['C2_Phonetic', 'C2_Phonetic', 'C8_Semantic_Circumlocution', 'C8_Semantic_Circumlocution']","[""Phonological_Template_Substitution"", ""Near_Homophone_Drift"", ""Euphemism"", ""Periphrasis""]"
tt-7630887445655014687,"She went up to him at least five times with different pairs of shorts asking if she could buy them… And of course, he “approved” the most revealing ones , jean shorts with barely any coverage underneath coochy 😡 Couldn’t be me. There’s no way I’m asking any man for permission to buy my own clothes. He took her to @USER Industries Intl.  #😡",yes,['coochy'],['pussy'],['C2_Phonetic'],"[""Phonological_Template_Substitution""]"
tt-7630488944068627725,"Stay smooth, stay fresh, stay ready for whatever spring and summer throw your way 🌸☀️ COOCHY’s got you covered from shower to sunshine—because softness is a lifestyle, not a one-time thing. #loveyourcoochy #coochyshavecream #smoothskin",yes,['coochy'],['pussy'],['C2_Phonetic'],"[""Phonological_Template_Substitution""]"
tt-7629584326526520606,so nice 🤔 #super73 #bac #pink #wheelie #coochy,no,['coochy'],['pussy'],['C2_Phonetic'],"[""Phonological_Template_Substitution""]"
tt-7629112880448687373,"COOCHY Berry Bliss didn’t become a cult fave by accident 🍓✨ it’s that perfect mix of smooth, sweet, and skin-loving that keeps you coming back every time. From the dreamy berry scent to the silky finish, it’s giving soft, fresh, and effortlessly confident. Swipe to see why everyone’s obsessed → #loveyourcoochy #berrybliss #shavingcream",yes,['coochy'],['pussy'],['C2_Phonetic'],"[""Phonological_Template_Substitution""]"
tt-7628618403011448077,Shood I wanna crack a badd snow bunny too shiddd shidda 🤭 Michael only cares that check n that coochy 😂 #onthisday,yes,"['snow bunny', 'coochy']","['white woman / white girl, often in a sexualized slang context', 'vulva/vagina/intimate area']","['C9_Metaphor_Metonym', 'C2_Phonetic']","[""Metaphorical_Mapping"", ""Phonological_Template_Substitution""]"
tt-7628295017576041742,"Dave Stone - Ticklish Man The three words that strike fear in every grown man’s heart shouldn’t be “Coochy Coochy Coo.” Watch Dave Stone’s full stand-up comedy special “Pack A Lunch” on YouTube now! @USER  #comedy #standupcomedy #standup #funny #comedian #jokes #joketok

I'm ticklish. That's weird for a grown man to be ticklish. What a design flaw in human evolution. When somebody is forcefully touching you against your will, your only defense mechanism is, haha, quit. Haha. I get this high, dainty little. Hahaha. Quit it, please. Hahaha. I guess it'd be weirder if it was like a deep register, like, hahaha, quit it. I'm ticklish. Hahaha. Stop it. Stop that. I'm ticklish.",no,[],[],[],[]
tt-7628273778505633037,"Self-care isn’t optional—it’s how you show up as your best self ✨ Make time for you and let COOCHY’s glow-getter ingredients keep your skin soft, hydrated, and radiant 💧💅🏽 #smoothskin #selfcare #loveyourcoochy",yes,['coochy'],['pussy'],['C2_Phonetic'],"[""Phonological_Template_Substitution""]"
tt-7627399129714461974,"LucyMc💃🎵🎤coochyC301:C311 hoochy, thank you for the incredible support in my LIVE! I will keep creating better LIVE content!#tiktoklive #livehighlights #livegift #starmappolaris",no,[],[],[],[]
tt-7627283728582069517,"If your skin isn’t soft, hydrated, and glowing… it’s time for an upgrade 💧✨ Stop settling for dry and start feeling smooth where it matters most with COOCHY 💅🏽 Because once you upgrade, there’s no going back 😉 #smoothskin #hydratedskin #loveyourcoochy",yes,"['COOCHY', 'where it matters most']","['pussy', 'genital/intimate area']","['C2_Phonetic', 'C8_Semantic_Circumlocution']","[""Phonological_Template_Substitution"", ""Periphrasis""]"
tt-7627247431486410006,Hoochy Coochy Mud written by jim armstrong,no,[],[],[],[]
tt-7627213363977653526,Coochy Coo👶🏾 || #Blade Gameplay #marvelrivalsclips #marvelrivals #rivals #marvel #blade #slice #gaming #Twitch,no,[],[],[],[]
tt-7626988360728415518,my coochy and my business these hoes love to put thy nose in it 💯💯💯,yes,['coochy'],['pussy'],['C2_Phonetic'],"[""Phonological_Template_Substitution""]"
tt-7626720129694436615,"Vukuxe rash free shave cream #coochy #vuluxe #rashfreeshavecream #intimacyunwrapped

Why did no one tell me that shaving didn't have to feel like a toxic relationship? Razor burn, bumps, dryness, like, why are we still suffering in 2026? These are my ride or die. Now our Lux shaving cream, formerly known as coochie, it's thick, super lucks, and actually protects your skin while you're shaving. No irritation, no angry red bumps, just smooth, glowy skin like you've got your life together. At this point, I'm not even shaving for hair removal. I'm shaving for the experience. If you're still using basic shaving cream, respectfully, we need to upgrade you. Once you try our Lux shaving cream, there is no going back. Smooth skin, zero irritation, that actually feels lot. Shop now. The link is in my bio. Use the code WELCOME10 for 10% off.",no,[],[],[],[]
tt-7626460575240834334,"Soft, sweet, and a little irresistible 🍑✨ COOCHY Peachy Keen keeps you feeling fresh, smooth, and ready for whatever the day (or night) brings. #loveyourCOOCHY #COOCHYshavecream #peach",no,[],[],[],[]
tt-7626189365181615374,"If you’ve been dealing with irritation, dryness, or discomfort, while shaving this is your sign to rethink your routine! #coochy #mopassion #shave

Your beaver deserves better.  Listen, if you've ever dealt with irritation, dryness, and that awkward itch, you're not alone, and you're not doing anything wrong. But a lot of what we've been taught, it's just not designed for our bodies. Harsh soaps can actually throw off your natural P H. Balance. And when that balance gets disrupted, that's when irritation shows up. So instead of shaving harder or switching products consistently, and what your body really wants is gentle, think of a soft shaving cream that protects your skin. A shaving cream that works with your body instead of against it. A soothing cream that keeps everything feeling calm, hydrated, and comfortable. Because irritation might be common, but it's also preventable when you support your body in the right way. It isn't about being perfect. It's about creating a routine that keeps you feeling good for long term. Comfort is confidence, and you deserve both. Comment care and I'll send you over the link. Or you can also find that in the link in my bio. And be sure to share like and all the things MoPassion. Ignite your desire.",yes,['coochy'],['pussy'],['C2_Phonetic'],"[""Phonological_Template_Substitution""]"
tt-7625987729116925198,"🔥  It's national beaver day! babe… time to show your cookie some love 🍪✨ Skip the “wookie” vibes and keep it smooth, soft, and ready for whatever the night brings 😏💖 #ShaveGameStrong 💦 Treat yourself (or your partner) to that fresh, confident feeling with Coochy — because silky skin just hits different 🔥 ✨ And yes babe… it’s perfect for shaving anywhere on your body — legs, pits, bikini, all of it 😉 #NationalBeaverDay #SmoothOperator #SelfCareGlowUp #DateNightReady",yes,"['beaver', 'cookie', 'wookie', 'Coochy']","['hairy vagina','vagina', 'hairy/unshaved intimate area', 'vagina']","[['C9_Metaphor_Metonymy', 'C5_Sign_Reassignment'], 'C2_Phonetic', 'C2_Phonetic', 'C2_Phonetic']","[[""Metaphorical_Mapping"", ""Lexical_Reassignment""], ""Phonological_Template_Substitution"", ""Phonological_Template_Substitution"", ""Phonological_Template_Substitution""]"
tt-7625900424570080533,Polish chic just wants coochy  #funny #chickens #funnyanimals #polishgirl #polishchicken,yes,['coochy'],['pussy'],['C2_Phonetic'],"[""Phonological_Template_Substitution""]"
tt-7625853923168963870,Need some coochy shave cream? Go to ctrbykrista.com & get yours today. #swimsuit #swimsuitseason #shave #beaver #season,yes,"['coochy', 'beaver']","['vagina', 'vagina']","['C2_Phonetic', ['C9_Metaphor_Metonymy', C5_Sign_Reassignment']]","[""Phonological_Template_Substitution"", [""Metaphorical_Mapping"", ""Lexical_Reassignment""]]"
tt-7625753076233735438,You left the door open smh #fyp #coochy #playingwithherkitty #inmybed #bae,yes,"['coochy', 'playingwithherkitty']","['vagina', 'masturbating']","['C2_Phonetic', ['C8_Semantic_Circumlocution', 'C9_Metaphor_Metonymy']]","[""Phonological_Template_Substitution"", [""Periphrasis"", ""Metaphorical_Mapping""]]"
tt-7625204502613871890,"Happy Sunday, Queens, Today, let’s have an honest conversation about celibacy. For many of us, it’s not just about “waiting”  it’s about healing. Healing from past relationships, emotional wounds, disappointment, and reconnecting with ourselves on a deeper level. Celibacy, when chosen intentionally, can be a powerful space for clarity, self-love, and restoration. It allows you to release what no longer serves you, like anger, resentment, confusion etc, and come back home to yourself. But let’s also be real… Celibacy alone is not the full transformation. You still need self-awareness. You still need boundaries. You still need discernment. I can coach you through the process if interested. Because healing isn’t just about stepping away  it’s about growing into a woman who chooses differently. And when you feel ready again, step back into your feminine energy with confidence, clarity, and self-respect, not from a place of lack, but from wholeness. Your body is yours. Your journey is yours. Your power is yours. So move with intention, honor yourself and when the expiry date comes to honor that coochy, give it out like it's the end of the world! #fyp #womenempowerment #coaching",yes,"['coochy', 'give it out']","[ 'vagina', 'have sex']","['C2_Phoneti', 'C8_Semantic_Circumlocution']","[""Phonological_Template_Substitution"", ""Periphrasis""]"
tt-7624887546228526349,"Now fellas you gotta lay it right on the wife and you might get some LeBron's too. That's shit only convicts got, convict dick make the coochy go   WOOTWOOT🤣   That and money there is no in between",yes,['coochy'],['pussy'],['C2_Phonetic'],"[""Phonological_Template_Substitution""]"
tt-7624601808870149390,"If shaving leaves you irritated… you’re using the wrong product 👀 Coochy Plus keeps it smooth, calm, and comfortable 💧 #S#ShaveRoutineF#FeminineCareS#SmoothSkinTips#S#SelfCareEssentials#BeautyHygiene",no,[],[],[],[]
tt-7624570388936150302,"Fresh isn’t a vibe… it’s a standard 💅✨ COOCHY Feel Fresh Intimate Spray has been THAT girl on TikTok Shop—selling out again and again for a reason. Lightweight, clean, and confidence-boosting, it keeps you feeling fresh all day, no second guessing. Because when you feel fresh, you move different. Period. 💁‍♀️ #feelfresh #loveyourcoochy #intimatespray",no,[],[],[],[]
tt-7624290914638351630,🚨 STOP SCROLLING 🚨 If your shower sounds like you’re sanding down a 2x4… we need to talk. 😭 Because the weather is warming up… and some of y’all are out here entering SHAVING SEASON UNPREPARED. Like ma’am… why are we still using the same shaving cream for your legs… your armpits… AND your most sensitive areas??? 💀 No wonder you’re dealing with: ❌ razor burn ❌ bumps ❌ irritation ❌ that “I regret everything” feeling immediately after Let me save your life real quick. ✨ COOCHY SHAVE CREAM ✨ This is NOT your basic drugstore foam that dries you out and ruins your day. 👉 It softens the hair 👉 lets your razor glide 👉 and leaves your skin smooth instead of angry AND it comes in different scents… so now you’re not just smooth… you smell good too 👀 💡 Translation: No more: “I shouldn’t have shaved today” More like: “Okayyyy… who am I?? 😏” ⚠️ FAIR WARNING: Once you switch to this… you will NEVER go back. Like… ever. 👉 Grab yours before everyone realizes this is the move: URL OR comment ME and I’ll send it to you 💋,no,['most sensitive areas'],['vagina'],['C8_Semantic_Circumlocution'],"[""Periphrasis""]"
tt-7624255099073744141,"Is razor burn, bumps, and irritation ruining your shave? It’s probably not your razor… 👉 it’s what you’re using with it. Most shaving creams are full of harsh foaming agents that dry your skin out… which is exactly what causes irritation. This is Coochy shave cream. It’s made for sensitive areas… so it uses conditioning ingredients that soften the hair and create a smooth glide for your razor That means: less pulling less friction way less irritation So instead of burning, itchy skin… you’re just smooth and done. 👉 Grab yours here: URL OR comment ME and I’ll send it to you I’m Lisa with Lisa’s Love Lounge. We help you stop settling for disconnected, boring, or unfulfilling relationships… and start creating ones that actually feel good to be in. Message me anytime or visit LisaLoveLounge.com",yes,['sensitive areas'],['vagina'],['C8_Semantic_Circumlocution'],"[""Periphrasis""]"
tt-7623875772939341086,"COOCHY Floral Haze is your go-to for feeling fresh, smooth, and effortlessly feminine—no matter where the day (or night) takes you. 🌸 #floralhaze #hellocoochy #hellospring",no,[],[],[],[]
tt-7622049949693332750,Coochy shave cream is a must-have! It lasts forever and doubles as a deep hair conditioner. Smells amazing too! #Coochy #HairCare #BeautyHacks #ShaveCream #TikTokMadeMeBuyIt URL,no,[],[],[],[]
tt-7620853914312674582,Creedence Clearwater Revival - Hoochy Coochy Man #new60s70srevenge,no,[],[],[],[]
tt-7620625936651668766,Stay crazy soft with COOCHY 🍑🪒💖 #smoothskin #fragrance #shave,no,[],[],[],[]
tt-7619879495440338190,"vibe in a bottle — Coochy Oh So Tempting Fragrance Mist 4 Oz - $15.99 ✨ subtle, snackable, lowkey dangerous #Fragrance #BodyMist #ScentSpritz #OhSoTempting #CoochyFragrance",no,[],[],[],[]
tt-7624298111371906317,new crush is (sea Sam 😍),yes,['sea Sam'],['CSAM / child sexual abuse material'],"[['C2_Phonetic', 'C3_Formal_Compression']]","[[""Near_Homophone_Drift"", ""Initialism_Acronym""]]"
tt-7635448304116993311,"#fyp long ahh bus ride, and I lowk need a shave",yes,['ahh'],['ass'],['C2_Phonetic'],"[""Near_Homophone_Drift""]"
tt-7635448294189108493,sexy ahh move out of control #fyp #isabellaamayoral #audio,yes,['ahh'],['ass'],['C2_Phonetic'],"[""Near_Homophone_Drift""]"
tt-7635448220608433438,#CapCut random Ahh edit I ate tho,yes,['ahh'],['ass'],['C2_Phonetic'],"[""Near_Homophone_Drift""]"
tt-7635448160827034894,Fun ahh ride #rideout #cleanest #park #clean #fyp @USER  my fault idk if you want to be posted or not/I can take down @USER⛱️,yes,['ahh'],['ass'],['C2_Phonetic'],"[""Near_Homophone_Drift""]"
tt-7635448104610712863,log ahh boring video PERO OUTFIT EATS,yes,['ahh'],['ass'],['C2_Phonetic'],"[""Near_Homophone_Drift""]"
tt-7635448104409517343,Mid ahh edit but wtv | Isaac Brown | #viral #football #edit #fyp,yes,['ahh'],['ass'],['C2_Phonetic'],"[""Near_Homophone_Drift""]"
tt-7635447575583280397,there always so nice there too ahh🐱#fashion #akyra #buyorbye #thrifting,no,[],[],[],[]
tt-7635447306778676501,if i were a fictional character who would i be? ahh pria pink itu lg || #trend #characters #fypage #mizisua #anime,no,[],[],[],[]
tt-7635447047960759583,Ik it’s ahh ##fyp #ridstar #surron #clapped,yes,['ahh'],['ass'],['C2_Phonetic'],"[""Near_Homophone_Drift""]"
tt-7635446950262770966,such a nice one #parati #invincible #edit #for #ahh,yes,['ahh'],['ass'],['C2_Phonetic'],"[""Near_Homophone_Drift""]"
tt-7635446838287551758,"AHH MY FIRST ALTERNATIVE MAKEUP TUTORIAL☆•° I didnt think I'd ever be brave or confident enough to post things like this. I have always really admired watching and learning, but never my own with a splash of my personality. I just might start doing more tutorials like this. So- all in all: F☆CK IT!!! DO THE VIDEO!! HAVE FUN!! YOU ONLY LIVE ONCE♡♡ MAKE IT COUNT☆☆ #makeuptutorial #alt #fypシ #emo #dollmakeup",yes,['F☆CK'],['fuck'],['C1_Orthographic'],"[""Internal_Masking""]"
tt-7635446613263060244,ahh... #fpy #triste #sad #treino,no,[],[],[],[]
tt-7635446331607190798,The quality is so ahh 😭btw I was just watching gravity falls then that happened ✌️,yes,['ahh'],['ass'],['C2_Phonetic'],"[""Near_Homophone_Drift""]"
tt-7635446324413893919,"LIKE IM VERY SLOW BRO I BE LIKE “huh?” WHEN MY MATH TEACHER SAYS AN EASY AHH QUESTION FR💔😭🙏 and btw if anyone is wondering what video this is, it is JJK kindergarten part 3!!!!#jujutsukaisen #jjk#fypシ゚viral #fyp #foryoupage",yes,['ahh'],['ass'],['C2_Phonetic'],"[""Near_Homophone_Drift""]"
tt-7635445949350808862,With my Pretty Ahh...😍🤤 #fineshyt #girlygirl #feminineenergy #softenergy,yes,"['Ahh', 'fineshyt']","['ass', 'fineshit']","['C2_Phonetic', 'C2_Phonetic']","[""Near_Homophone_Drift"", ""Near_Homophone_Drift""]"
tt-7635445674024406274,Fit check Ft. My dirty ahh timbs #newjeans #fyp #red #haerin #bringnewjeansbackplssssssss,yes,['ahh'],['ass'],['C2_Phonetic'],"[""Near_Homophone_Drift""]"
tt-7635445036741659934,bro sum random ahh shi we just found but chill hangout spot #fyp #viral #fypシ #foryoupage #fyppppppppppppppppppppppp,yes,"['ahh', 'shi']","['ass', 'shit']","['C2_Phonetic', 'C3_Formal_Compression']","[""Near_Homophone_Drift"", ""Lexical_Clipping""]"
tt-7635445025769360662,look like ahh feel like ahh nobody want that ahh #emotional #emotions #crybaby #relatable #sorry,yes,['ahh'],['ass'],['C2_Phonetic'],"[""Near_Homophone_Drift""]"
tt-7635444908546854157,fuck ahh #bio #fyp #college,yes,['ahh'],['ass'],['C2_Phonetic'],"[""Near_Homophone_Drift""]"
tt-7635444713587232031,nasty ahh shi 🤦🏾‍♂️😂#viral #fyp #fypシ,yes,"['ahh', 'shi']","['ass', 'shit']","['C2_Phonetic', 'C3_Formal_Compression']","[""Near_Homophone_Drift"", ""Lexical_Clipping""]"
tt-7635444632444259598,@USER🍉  ! 💛🎸#aftereffects #HazbinHotel #AE #cosplay #xycba Choppy ahh edit 😭 ILL DO BETTER NEXT TIME TRUST!!!!!,yes,['ahh'],['ass'],['C2_Phonetic'],"[""Near_Homophone_Drift""]"
tt-7635444615461588254,Random ahh thoughts #kdrama #xyzbca #randomthoughts #funny,yes,['ahh'],['ass'],['C2_Phonetic'],"[""Near_Homophone_Drift""]"
tt-7635444556279860493,Wageslaving to afford a mid ahh stack 😂👌 #fyp #niche,yes,['ahh'],['ass'],['C2_Phonetic'],"[""Near_Homophone_Drift""]"
tt-7635444479293394206,Big ahh contacts#fyp#hihi,yes,['ahh'],['ass'],['C2_Phonetic'],"[""Near_Homophone_Drift""]"
tt-7635444333189008654,"Wolf in Sheep's clothing  ""me when my dads are fighting over custody rights in front of me"" ahh Thomas tags : #fluxarata #fluixon #saparata #decayedanddecrepit #minecraftrp",yes,['ahh'],['ass'],['C2_Phonetic'],"[""Near_Homophone_Drift""]"
tt-7635444084651412767,Arthur got that looney tunes ahh fall! #rdr2 #funny #meme,yes,['ahh'],['ass'],['C2_Phonetic'],"[""Near_Homophone_Drift""]"
tt-7635444023649389855,ONG I’D GREASE YO AHH @USER #fyp #foryoupage #Grease,yes,['ahh'],['ass'],['C2_Phonetic'],"[""Near_Homophone_Drift""]"
tt-7635443834352176415,coach so ahh boi😭 #tennis,yes,['ahh'],['ass'],['C2_Phonetic'],"[""Near_Homophone_Drift""]"
tt-7635443688222641421,manus rlly saving my ahh😂😂 #ai #tech #vibecoding #ad #manuspartner,yes,['ahh'],['ass'],['C2_Phonetic'],"[""Near_Homophone_Drift""]"
tt-7635443157802454304,Backrooms ahh music #liminal #backrooms #dreamcore #fyp,yes,['ahh'],['ass'],['C2_Phonetic'],"[""Near_Homophone_Drift""]"
tt-7635443103268211999,I robot head ahh #jeredcornish #fyp #explorepage✨,yes,['ahh'],['ass'],['C2_Phonetic'],"[""Near_Homophone_Drift""]"
tt-7635443048427556127,This man got a better mirror than me! Also wearing his big ahh shirt 😂😂,yes,['ahh'],['ass'],['C2_Phonetic'],"[""Near_Homophone_Drift""]"
tt-7635443038340402446,prom transition ahh,no,[],[],[],[]
tt-7635443000390192406,#onthisday ahh I miss board days #eskate #electricskateboard,no,[],[],[],[]
tt-7635442962628971789,@USER appreciation post for this old ahh unc thats about to leave for hs next year #fyp #goat #bsf,yes,['ahh'],['ass'],['C2_Phonetic'],"[""Near_Homophone_Drift""]"
tt-7635442888830176532,ikutann ahh#fomousyourpage #?? #foryoupage #trending #fypp,no,[],[],[],[]
tt-7635442730893610271,🩷 // short ahh rant \\ // ranting about how can people keep layouts for so long \\ #Xzyabc #rant #slime #asmr #viral,yes,['ahh'],['ass'],['C2_Phonetic'],"[""Near_Homophone_Drift""]"
tt-7635448416545426710,oi @USER Independent News suck my dih #urbex #exploring #fyp #abandonedplaces,yes,['dih'],['dick'],['C2_Phonetic'],"[""Near_Homophone_Drift""]"
tt-7635448232667073812,where the fuck am I? #viral #fyp #dih #comebackhome #idk,no,[],[],[],[]
tt-7635447140214443295,how it feels to know that your dih is greater than your phone #fypシ゚viral #viral #zyxcba #blowthisup #dih,yes,['dih'],['dick'],['C2_Phonetic'],"[""Near_Homophone_Drift""]"
tt-7635444896488295701,#gacha (edit) yh so uh I didn't noticed my mistake in the first quote so forgive me💔✌️  [ ⚓︎ ] 𝐈𝐍𝐓𝐄𝐑𝐈𝐓𝐔𝐒 @USER dih muncher • enemy @USER · Following @USER // #gachaedit #gachatween #gachatrend #fyp,no,[],[],[],[]
tt-7635444766137666830,wasnt real till mid 2024 😓😳. #homiehopper4life #dih #relatable #fyp #targetaudience,yes,"['homiehopper4life', 'dih']","['someone who repeatedly dates/hooks up with people within the same friend group or social circle', 'dick']","[['C8_Semantic_Circumlocution', 'C2_Phonetic'], ['C2_Phonetic']]","[[""Euphemism"", ""Alphanumeric_Rebus""], [""Near_Homophone_Drift""]]"
tt-7635443135006510358,excuse the fact i look like i have a dih 🤦‍♀️,yes,['dih'],['dick'],['C2_Phonetic'],"[""Near_Homophone_Drift""]"
tt-7635442391469591821,leave it #mjinnocent #michaeljackson #fypシ゚viral #dih #waderobsonisaliar @USER,no,[],[],[],[]
tt-7635438746883673358,you should rate me out of ten #fyp #idk #dih #balls #triplet,no,[],[],[],[]
tt-7635438530931543309,I love you Soo much Amina @USER #dih #fyp,no,[],[],[],[]
tt-7635438500598271263,There is no way tehre both dead | #arcanefyp #fyppppppppppppppppppppppp #editz #jinxandishaedit #viral |@USER ,no,[],[],[],[]
tt-7635438453785709838,they are amazing @USER #dih #spencers #dihh,yes,"['dih', 'dihh']","['dick', 'dick']","['C2_Phonetic', ['C2_Phonetic', 'C1_Orthographic']]","[""Near_Homophone_Drift"", [""Near_Homophone_Drift"", ""Segmentation_Noise_Insertion""]]"
tt-7635436282872646932,never playing with randoms again #shityrandoms#dih #brawlatars#brawlarena,no,[],[],[],[]
tt-7635436022259649806,cause he the type to bend ova and take all the dih #fyp #bostonrichey #viral,yes,"['bend ova', 'dih']","['bend over / be sexually penetrated or sexually humiliated', 'dick']","[['C8_Semantic_Circumlocution', 'C2_Phonetic'], ['C2_Phonetic']]","[[""Periphrasis"", ""Near_Homophone_Drift""], [""Near_Homophone_Drift""]]"
tt-7635435475469077774,Straight hopping dih😭,no,[],[],[],[]
tt-7635435243301850399,"#NOTMYEDIT :: hi jay, i know i do not show my love for u alot so i am now, im so glad weve became besties and ure someone i care about alott. ik i always bring it up but its funny how weve became friends bcs you wanted to play fn and we still havent dawg😡😡. youre so funny, like a bad asf kid with silver teeth, never listening omds. but its okay cause i put up with it😭😭 theres been moments we dont talk and just send streaks but we still have the same connection everytime we text or call. speaking of calling why are u so funny like bro😭😭 always on dih istg, like the last time u were playing rocket league tb “omg its coming outtt” 🤔🤔 why are we turned on by rocket league but its u ig and ure unique. ik its been tough for you which irritates me bcs u dont deserve that ure genuinely one of the best people ive met this year an has helped me grow in so many ways. oh and thanks for letting me yap omg🥰🥰 like when i was ranting about how hard it is to be quiet when drinking water cs like i dont understand the physics holy crap, i would call u unc, but im the unc😭😭 u kindergartener hows addition for u. omg babys first steps😭😭😭. ok now im js talking out of my ass, love u son, stayy also im not a lesbian dumass, you are #getbig #ilmgf #wuhluhwuh #fyppppppppppppppppppppppp @USER®",yes,"['asf', 'dih', 'coming outtt', 'turned on']","['as fuck', 'dick', 'ejaculating / cumming / something sexual coming out', 'sexually aroused']","['C3_Formal_Compression', 'C2_Phonetic', 'C1_Orthographic', 'C8_Semantic_Circumlocution']","[""Initialism_Acronym"", ""Near_Homophone_Drift"", ""Segmentation_Noise_Insertion"", ""Euphemism""]"
tt-7635434428273052960,bro was dih-notised at the end,yes,['dih-notised'],['dick-notized / sexually fixated or hypnotized by dick'],"[['C2_Phonetic', 'C6_Morpho_Lexical']]","[[""Near_Homophone_Drift"", ""Blending""]]"
tt-7635434303836392735,DIH DIH DIH HOPIN DIH DIH DIH #xyzcba #fyp #viral #crk #burningspicecookie,no,[],[],[],[]
tt-7635432586478619924,It be looking a bit weird 😭😭#avacado #dih,yes,['dih'],['dick'],['C2_Phonetic'],"[""Near_Homophone_Drift""]"
tt-7635430829400837394,Ragga Maffin pon dih mic#radio4ug  #raggamaffin  @USER @USER  @USER ,no,[],[],[],[]
tt-7635430394023939330,No.. Our cart. It fell and needed.... Plastic surgery on his dih...,yes,['dih'],['dick'],['C2_Phonetic'],"[""Near_Homophone_Drift""]"
tt-7635429919333338388,Bitch I don't talk shit I state fucking facts deal with it💓🫦! kisses to the haters and suck my non existing dih bitch😍😻! #khelanispost,yes,['dih'],['dick'],['C2_Phonetic'],"[""Near_Homophone_Drift""]"
tt-7635428134900206878,my dih curve to the left cs im always right || #asian #fyp #xyzbca #08 #foryoupage,yes,['dih'],['dick'],['C2_Phonetic'],"[""Near_Homophone_Drift""]"
tt-7635427361546145037,Uhhhhhhhhhhhhh fawkkkkk #bubblegum #dih #blueface #atl #hairnotdone,yes,"['fawkkkkk', 'dih']","['fuck', 'dick'] ","['C2_Phonetic', ['C2_Phonetic', 'C1_Orthographic']]","[""Near_Homophone_Drift"", [""Near_Homophone_Drift"", ""Segmentation_Noise_Insertion""]]"
tt-7635426220825480461,I think I’m going to edit #denia more… 👀 #wuwa #wutheringwaves #navias #fyp xyzbca foryoupage foryou deniaedit hiyuki @USER 🍰 @USER,no,[],[],[],[]
tt-7635426091557080342,don't know what I would do without my friends and sisters #friends #mangajjk #fyppp #viral #ilytwin ,no,[],[],[],[]
tt-7635426032069119250,iner pece 🐢 that kid probobly was a litle bih and he wode have sucked my dih#inerpece#bestluck #suckingdih,yes,"['bih', 'dih', 'suckingdih']","['bitch', 'dick', 'sucking dick']","['C2_Phonetic', 'C2_Phonetic', 'C2_Phonetic']","[""Near_Homophone_Drift"", ""Near_Homophone_Drift"", ""Near_Homophone_Drift""]"
tt-7635425731111079199,goosebumps on ts dih || #asian #xyzbca #fyp #08 #travisscott,yes,['dih'],['dick'],['C2_Phonetic'],"[""Near_Homophone_Drift""]"
tt-7635425420187340045,me and the 3 other mingi stans (s)creaming in joy 🥹 #mingi #ateez #fyp #dih #ilovedih,yes,"['dih', 'ilovedih']","['dick', 'I love dick']","['C2_Phonetic', 'C2_Phonetic']","[""Near_Homophone_Drift"", ""Near_Homophone_Drift""]"
tt-7635423787554573599,I like it #glasses #fine #curlyhair #glowup #dih,yes,['dih'],['dick'],['C2_Phonetic'],"[""Near_Homophone_Drift""]"
tt-7635421973564132639,Lowk buns yo  #foryoupage #yuta #jujutsukaisen #anime #goviral  @USER’s fermented dih cheese,no,[],[],[],[]
tt-7635421618285677837,W/ Jumpscare !! 🖤  #fyp #blue #whatcanisay #dih #alternative,yes,['dih'],['dick'],['C2_Phonetic'],"[""Near_Homophone_Drift""]"
tt-7635420333964676366,"hoppin dih | scp: overbills, coloring, nyvillie | #fyp #viral #famous #billieeilish #billieeilishedit",yes,['dih'],['dick'],['C2_Phonetic'],"[""Near_Homophone_Drift""]"
tt-7635419728550300942,9th ward dih,yes,['dih'],['dick'],['C2_Phonetic'],"[""Near_Homophone_Drift""]"
tt-7635419379483561246,National expose your friends day in tyla land! (We’re ignoring the fact I exposed myself/ Ooc post) #bestfriend #viral #blowthisup #dih #🧱🆙  ,yes,['dih'],['dick'],['C2_Phonetic'],"[""Near_Homophone_Drift""]"
tt-7635448411981876494,"Missing Santorini so bad we had to bring a little piece of it home while recovering from the mystery illness of 2026 😭 Grape leaves ✔️ Chicken gyro ✔️ Lamb gyro… questionable in actual Greece but we’re going with it 😂 Diet Cokes ✔️ Pellegrino ✔️ Not quite the same as eating seaside with the cats and that sunset, but emotionally? we’re back on the island for a minute have you ever tried to recreate a vacation meal at home and it just hits different… or not at all 😭 #santorini #greekfood #gyro #travelmemories #foodie keywords: santorini greece, greek takeout at home, gyro vs lamb gyro, travel food cravings, vacation recovery vibes",no,[],[],[],[]
tt-7635448363839786271,I spilled my goat's milk on my lap in the far lands. I hope the grape of Gore doesn't get mad #weirdtok #analoghorror #fyp #vhs #liminal,no,[],[],[],[]
tt-7635447556339698958,"6                   Grape-kun was a 21-year-old Humboldt penguin at Japan's Tobu Zoo who became famous for falling in love with a cardboard cutout of Hululu, an anime character from Kemono Friends. After being abandoned by his mate for a younger penguin, Grape-kun became isolated until the 2017 anime promotion placed the cutout in his enclosure. #fyp #zackdfilms #realstory #storytime #story

The two penguins fell in love and spent 10 years courting each other, until one day she suddenly dumped him for a younger male. This broke his heart and left him completely alone in his old age. But when the zoo ran a promotion for an anime, they placed a cardboard cutout from the show in his enclosure. Now, it was a cartoon penguin girl, and as soon as he saw it, he stood there and stared at her for hours. And for months he refused to leave her side. Now, he eventually got sick, and some say the cutout was brought to his bedside so that she was the last thing he saw as he passed away.",no,[],[],[],[]
tt-7635446482924997919,I have been wanting to come here for a minute now!! it was so beautiful..🌳🌿  I enjoyed the hospitality and hearing the history of @USER Creek Vineyards 🍇🍷 #winetiktok🍷 #winery #fredericksburg,no,[],[],[],[]
tt-7635446472812678420,"✨ *WHAT’S NEW! Nata De Coco Goodness is Here!* ✨ Looking for something refreshing, chewy & fun to eat? 😍 We’ve got just the thing for you! 🍇 Grape 🥥 Original 🍓 Strawberry 💡 *Perfect for:*  ✔ Snacking anytime ✔ Drinks & bubble tea ✔ Desserts & toppings 💜 Made with coconut water 💜 No artificial flavors 💜 Light, juicy & super addictive! 👉 *_Add a fruity twist to your everyday treats!_* 🛒 Available now at Bake With Yen outlets! #BWY #BakeWithYen #NataDeCoco #WhatsNew #SnackTime",no,[],[],[],[]
tt-7635445985484770590,video cut off but we think grape is the best one! #carbliss #foryou @USER breen,no,[],[],[],[]
tt-7635445548564139277,"Did you forget to make a side for the bbq? Or a potluck at work?Let’s make a quick, easy, wallet-friendly side. I used: • Grape Tomatoes-quartered $2 and I didn’t use all of them so really, 50¢ • Diced cucumbers (or zucchini if you want) 50¢ • Red Bell Pepper 89¢ only used half so really, 44.5¢  • Tri-Colored Rotini $1 • Lemon Juice (from a bottle) • Greek Vinaigrette $2 (if you buy it at the store and I only used 1/4 c.) • Grated parmesan, romano, provolone (I don’t count the price because it’s already in my pantry) • Mozzarella (yes, it’s a string cheese… it’s what I have) So for $8, you have this plus whatever you can use the remainder of the veggies/dressing for.  If you want a really good dressing to make for it: Dijon Mustard, Olive Oil, Apple Cider Vinegar, and Honey 😚🤌🏼 #fyp #saladsoftiktok #easyrecipe #cookingtiktok #spring",no,[],[],[],[]
tt-7635445484399627534,second time at chicken salad chick this week and second time in my whole life!!! tried the grape salad today that everyone would die for #chickensalad #chickensaladchick #chickensaladchicktok,no,[],[],[],[]
tt-7635444396283923742,"#viralicecream  #grape  #mango  #icecreamtime

come here baby Paul Paul hold you what come here Paul hold you continue we're gonna take a poll of who liked which flavor better the mango or the grape I'm mango grape mango mango which one you like grape",no,[],[],[],[]
tt-7635444369390177549,"Grape, ginger, lime equals Transfusion! #newflavor #new  #drink #cocktail #highnoon",no,[],[],[],[]
tt-7635444067194703135,Sour grape challenge,no,[],[],[],[]
tt-7635443539068865823,"A lil @USER haul  People from the Lehigh Valley target has the new @USER —> electric vibe (notes of cherry, grape, pineapple & orange)  ⭐️ but I only saw it at the Allentown Target  @USER Simple Eats  #target #electricvibecelsisus #minihaul #acaibowl  #cleansimpleeeats",no,[],[],[],[]
tt-7635442801299295502,"I’m having a twisted  caesar salad, romaine lettuce, grape tomatoes, Italian blend cheeses, craisins, chicken, bacon and of coarse Caesar dressing! Yum",no,[],[],[],[]
tt-7635441910731050254,"As a Looner fan, I was excited to try their Pink Lemonade! It has a bold sweet and tart flavor. I did find the aftertaste unpleasant. As with the orange and grape, this one may be better on ice 🧊",no,[],[],[],[]
tt-7635441346538376465,you should try it #successmindset #Grape #sagevine #fyp,no,[],[],[],[]
tt-7635439508057607455,Grape @USER Energy  #bumenergy #review #energy,no,[],[],[],[]
tt-7635439099050069279,"1. Dandelion Puff 2. Grape Hyacinth 🪻  3. Pym ~ Professional Blossom Sniffer  4-7. Dandelion and Wild Violet Simple Syrups 💜 8-10. Tomato Seedlings (April growth) 11. Hot Pepper Seedlings are 🔥 12-13. 20 eggs still rocking n' rolling in the incubator (we're on day 15, so we should have chicks in the next week or so) & the flock of ladies our eggs came from 14-16. Bird House repairs and run expansion underway 🐓 17-18. We ended up turning over the entire goat field we're building the garden in (wasn't initially on our agenda this season, but here we are); hopefully we can mitigate most of the stubborn brome grass so we can reintroduce some of our native prairie grasses and drought resistant clovers while we expand the squash/melon and pepper patches 19-20. We're experimenting with more vertical growing space this season and have already installed our bean/pea trellises in addition to our new cucumber arches! 🌱 #witchhillfarmstead #garden #gardenproject #greenwitch #farmlife",no,[],[],[],[]
tt-7635437466471697695,grape swishers 4ever #fyp,no,,,,[]
tt-7635437451405724959,"The Pizza Burrata was their Pizza of the Month. House made dough topped with basil pesto, grape tomatoes, red onions, pecorino, spicy  sausage, and baked in their wood oven then topped with burrata cheese. The creamy burrata was a game changer. #pizza #plano #burrata #eatout #fyp",no,[],[],[],[]
tt-7635437202440228109,Tang Hulu#tanghulu    trying for first time grape is the best!,no,[],[],[],[]
tt-7635436638906207510,"Georgian restaurant and cocktail bar in Justicia  🍸It serves Georgian cuisine with craft cocktails based on chacha, the traditional Georgian grape spirit. closed on Mondays !! #persimmonsmadrid #madridfoodie #georgianfood",no,[],[],[],[]
tt-7635435009117146382,"Amos TastySounds Audio Lollipops - Hip Hop Music Lollipop in Grape, Blueberry, Strawberry & Lemon - Sweet Snack Candy “Sale pricing and free shipping is subject to change — confirm current price and  shipping in the product listing.” ##Shariesshop",no,[],[],[],[]
tt-7635434604270275871,Ice BALL💚Green Grape❤️Red Apple#thailand🇹🇭 #chiangmai #7eleven#liveaboard,no,[],[],[],[]
tt-7635433306380700941,"Want restaurant quality at home in under 30 minutes? 🤩🤌Then you’ll love this dish! PACCHERI ALLA VITTORIO is a robust Italian pasta dish with a velvety smooth tomato sauce. This is the slightly easier, quicker version than an earlier video I did using several kinds of tomatoes in this dish. This version uses sweet cherry tomatoes which are also less acidic 🍅 I used a @USER Whole Wheat Paccheri in this dish. But you can use traditional Paccheri shaped pasta or rigatoni if you can’t find Paccheri 🍝 Completely dairy free and vegan and full of plant protein, you will love this creamy sauce that feels decadent! And don’t forget to “fare la scarpetta”! Which translates to mopping up the leftover sauce with bread!🥖 Paccheri alla Vittorio🍅 Ingredients 1 pint of fresh cherry or grape tomatoes 4 cloves garlic 2 tablespoons olive oil sea salt to taste 1/2 cup cooked white beans 1 cup water 1/2 lb of paccheri (you can use rigatoni if you can't find paccheri) fresh basil leaves Directions Cut all of the cherry tomatoes in half. Peel and thinly slice the garlic and set aside. Add the olive oil to a large sauté pan or stockpot on medium/high heat. Add in all of the tomatoes and garlic to the pan or pot. Then add in the salt and stir. Add in the beans and then the water. Cook until everything is softened, about 10-15 minutes. You can put a lid on the pan to help with the cooking. While the sauce is cooking, bring a pot of water to a boil and then add in the paccheri. Cook on the al dente side of the package instructions. Using a high speed blender, pour the ingredients into the blender, and while holding the lid down carefully, blend until smooth. Bring the sauce back to the pan. Drain the pasta; then add the pasta to the sauce. Coat the paccheri with the sauce. Garnish with basil leaves. Serve warm. Mangiamo! #easyrecipe #healthymeals",no,[],[],[],[]
tt-7635432911042268446,Any chance I get #fyp #justicesystem #pos #grape #karmaisreal,yes,['grape'],['rape'],['C2_Phonetic'],"[""Near_Homophone_Drift""]"
tt-7635432532292504834,"Some clips from td's open lobby stream. Also, shout out to @USER | RAIJIN⚡️🪽 @USER @USER | GRAPE @USER  for joining it was mad fun #tekken #stevefox #xbox #swag #jiggles",no,[],[],[],[]
tt-7635431978367585549,"VivoNu Cayenne Pepper Softgels Supplement, Supports Leg Vein, Heart and Blood Vessel Health, with Vitamin E D3+K2 and Extracts of Grape Seed, Hawthorn, Beetroot and Others (240 Softge /1 Bag) mothersdaygift",no,[],[],[],[]
tt-7635429602034322702,"“Get over here!” At least that is what @USER and I had to do when we discovered that there was to be a @USER Kombat pop up at @USER Market  .  We were ready to enter the arena.  Neither of us is chicken but we may have gotten distracted by ice cream that looks like fried chicken, a viral fruit ice cream (I see everyone eat the peach one but I could not pass up the grape because I am a “fan”), all the chips, ramen and fun that I need to bring @USER and @USER back with me to enjoy.  The time was a “flawless victory”. Mortal Kambat 2 opens May 8. Are you ready? 🪭🪭🪭🪭🪭🪭🪭🪭🍇🍗🪭 #mortalkombatmovie #chicagotiktok #feedmeandtellmeimpretty",no,[],[],[],[]
tt-7635429475861237023,it tasted like grape or blue razz #bubblegum #weirdflavors #fyp #xyzbca #abc123xyz,no,[],[],[],[]
tt-7635429371959987487," High-potency melatonin gummies for better sleep 🌙 Help you relax, fall asleep faster, and support your sleep cycle 😴 Perfect for your bedtime routine with a tasty grape flavor 🍇✨ Note: High dose—use carefully and consult a doctor#sleep #melatonin#viral #tiktokshop #fy",no,[],[],[],[]
tt-7635428216089480469,"finally completed building her gears and her essence only have one left to etch but I considered it as complete. masteries is overrating and don't make difference that much, IMHO. if you don't really the type who try to grape rhodagn in less than 30seconds then this build is more than enough to carry you through the entire game contents #arknights #endfield #arknightsendfield",no,['grape'],['rape'],['C2_Phonetic'],"[""Near_Homophone_Drift""]"
tt-7635427163751058701,green grape supremacy #grapes #greengrapes #food #fruit #relateable,no,[],[],[],[]
tt-7635426994968120607,"Grape Baby POP ASMR 🍇 | Juicy Bite Sound (Super Satisfying!) #asmr, #grapes, #fruitasmr, #oddlysatisfying, #popasmr, #satisfyingvideo, #viral, #shorts, #reels, #tiktoktrend, #usa, #fyp, #relaxing,",no,[],[],[],[]
tt-7635425268873579789,"My plan was to try eating “raw ‘til 4,” as many successfully do. It didn’t take me long to discover that I’m not someone who does well with this eating plan. Addiction runs deep in our family. It’s taken more than one life. It’s taken me 20 years of trial and error, experimenting with raw vegan, repeatedly trying to have my cake and eat it too, to finally make peace with being raw vegan for the rest of my so that it’s a much longer and happier life still filled with delicious food, but also much more energy and health. After just one week of cooked food, I’m exhausted, sore, achy, stiff, overeating, foggy-headed, low-energy, rashy across my shoulders, forgetful and three pounds heavier than I was at the beginning of my 40-day grape fast. A 35 lb. weight gain seems utterly impossible and absurd, but the scale doesn’t lie. That’s so hard on the heart in more ways than one, but I choose to focus on the positives. My blood sugar remains low, my bloodwork’s positive changes cannot be undone in a week, especially not my A1C, which is a three-month average. My hummingbird energy will return in a few days. I have the best raw vegan recipes in the world from Melissa & Nate Maris of Raw Food Romance. So I can plan my entire first month of raw vegan meals for when I finish this grape fast. I’ve spent 26 years learning about raw food and know without a doubt that finishing this grape fast strong embracing raw vegan food for the rest of my life is how I will ensure that diabetes is behind me forever. I recorded a powerful pep talk for myself this morning that I’m going to gather the courage to share in its entirety on my podcast Raw Vegan Lens. The only way to lose is to quit. I choose to learn from my mistakes and persevere. I choose to listen to my heart instead of the worries, fears and criticisms of others. I’ve done this once. I can do it again and for even longer. I’m so happy and grateful I read The Grape Cure by Johanna Brandt. She was brave to experiment, persevere, heal herself and share her findings with the world. Everything is going to be okay, in fact, far better than okay. Just stay the course and be patient with yourself.❤️ #fasting #fastingtiktok #thegrapecure #selfhealingjourney #fyp",no,[],[],[],[]
tt-7635425077663632671,I want new skin. #help #sa #grape #fypシ゚viral #fypシ,yes,"['sa', 'grape']","['sexual assault', 'rape']"," ['C3_Formal_Compression', 'C2_Phonetic']","[""Initialism_Acronym"", ""Near_Homophone_Drift""]"
tt-7635425013717552387,favorite ones #pineapple #grape #watermelon #apple #orange,no,[],[],[],[]
tt-7635422185011580174,Just girl stuff #lipsmacker #gloss #jewel #grape #lipbalm,no,[],[],[],[]
tt-7635420584859438350,Grape and Rasberry Mix 🍇 #209📍 #smallbusinesscheck #candiedgrapes #stocktonca #fyp,no,[],[],[],[]
tt-7635448409171725581,"10 Drinks That BOOST Testosterone Over 50 Fast 🍒🍆 🥛Raw whole milk - saturated fat directly fuels T production 🍋Lemon water - lowers cortisol, the hormone that destroys T 🫒Olive oil shot - proven to raise luteinizing hormone levels 🍅Tomato juice - lycopene boosts testosterone in clinical studies 🧴Kefir - gut health is hormone health 🧃Pomegranate juice - 24% T increase shown in research ☕️Black coffee - amplifies testosterone response pre-workout 🥥Coconut water - magnesium-packed, essential! for T production 🍫Raw cacao drink — zinc and antioxidants restore hormonal balance 🍖Bone broth - glycine rebuilds hormonal function from the inside out ✅No prescriptions. No complicated protocols. Just real results. #fitness #fitnesstips #fitnessjourney",no,[],[],[],[]
tt-7635448338896129310,Juice WRLD freestyle 🌸🦋🌷 #trending #fyp #999 #juicewrld #viral,no,[],[],[],[]
tt-7635448287306239262,"To cook juicy turkey, use marinade (yogurt, soy sauce, mustard), bake in sleeve or foil at 160-180 ° C and don't overheat (ideally inside 73-75 ° C). Top secrets: pre-soak in brine, use hips instead of breast, and ""rest"" the meat 15 minutes after oven. Selo02 Selo02 + 5 The main secrets of juiciness: Marinating: Sour milk products (kefir, yogurt), lemon juice, soy sauce or mustard soften the fibers. Marinating time - from 30 minutes to several hours. Correct part selection: The thigh fillet always turns out juicier than the breast. Sleeve baking: The baking bag keeps all the juices inside, preventing the meat from drying out. Brine (pickle): Soaking the bird in salt water (70-75 g of salt per 1 liter of water) before cooking guarantees juiciness. Temperature mode: Low temperature (160-180 ° C) makes the meat soft, and high - quickly dries. Rest: Allow the finished meat to stand for 10-15 minutes before cutting, so that the juices are distributed inside. A simple recipe for juicy breasts in the oven: Marinate the fillet in a mixture of sour cream / yogurt, mustard, garlic and herbs for 1-2 hours. Place in a baking sleeve. Bake at 180 ° C for about 1 hour (you can open the crust sleeve in 10 minutes). How to fry in a pan: Cut into small pieces, fry over high heat for 5-7 minutes, then simmer in sauce #fyp",no,[],[],[],[]
tt-7635448119450144013,Juice was talking crazy on this mf 😮‍💨🔥#fyp #sincerelyslimee #viral #juciewrld999 #999wrld,no,[],[],[],[]
tt-7635448023711059232,Rockstar Girl Juice wrld #viral #fyp #fy #lyrics #song 999,no,[],[],[],[]
tt-7635448018090708244,never seen anyone obsessed to juice wrld songs as I do .#juicewrld #music #concert @USER,no,[],[],[],[]
tt-7635447988013387022,🥤TechBar🥤 🍓🍒🍇🍉🍑🍊🍍🍋🥭🫒Mixed Fruit Juice 🥤🧃in the afternoon part 2 Miami Beach  🥤TechBar 🥤 Tech Is The Way 👨🏾‍💻📱⌨️🖲️🕹️🧋🥃🥤 #techbar #techjuices #tb #techpouches  #techbarmixeddrinks,no,[],[],[],[]
tt-7635447906442530079,ninja creami + carrot juice= best day ever #newfie #cutedogs #goldenretriever #carrot,no,[],[],[],[]
tt-7635447699906530574,Shocking Lime Juice FAIL & Honest Food REVIEW. Full video on YouTube link in my bio #letustryit #mukbang #foodreview #food #foodie,no,[],[],[],[]
tt-7635447679971003662,"My kids could buy an endless amount of popsicles but we don't need all the added sugar 🫠 IYKYK!  Fun and easy recipe for mango-orange and strawberry-banana:  1 cup of mango (69 cents at Aldi)  Juice from an orange (orange juice if you have it)  hint of lime  1 cup of strawberries  1 frozen banana (I freeze them before they get too ripe)  hint of lime honey blend one first and fill half of the container first, then add the other flavor on top. Freeze between 4-6 hours and they'll be gone in 5 minutes 😅 #Kids #Popsicles #SummerFun",no,[],[],[],[]
tt-7635447584596741406,Products mentioned: -Matcha Hemp Cleanser (Krave Beauty) -Birch Juice Cleanser (Round Labs) -Beet the Sun Moisturizing Sunscreen (Krave Beauty) -Fix All Recovery Spray (peach slices)  #phillytok #esthie #skincare #phillyesthetican #estheticiantiktok  @USER Esthetician,no,[],[],[],[]
tt-7635447552225053982,This Sunday’s menu is loaded 👀 Lemon Blueberry Banana Pudding Cake Strawberry Crumble Chocolate Oreo Cake Pops Mango Passion Juice Ginger Lime + Spirulina 9:30–1 at Haddon Heights Farmers Market. Come early… I’m not packing leftovers. #hangrykitchen #haddonheights #haddonheightsnj #farmersmarketnj #southjerseyfood,no,[],[],[],[]
tt-7635447538790796566,#juicewrld999 #juicewrld #fyp #viral #clips credit juice wrld vault,no,[],[],[],[]
tt-7635447398050909453,"Listen, it’s easier than making my own 🤷‍♀️@USER Juice

Greenhouse ginger defense Immunity booster shot 100% plant based, non GMO. Get your shot today!",no,[],[],[],[]
tt-7635447394200538398,"It’s been a day and it’s not over yet!  We are celebrating our 1 year anniversary this weekend! 🥳🍾🎊 We’ve got the best coffee in town @USER  servicing up our customers, unbelievably delicious AND healthy juice and wellness shots being serviced by @USER, and let’s not forget the @USER throwing it down like no other!  So if you’re looking for me… sorry, I’m kind of busy 😉 #montebello #partytime #goodvibes #shoplocal #californiaadventure",no,[],[],[],[]
tt-7635447387267370270,"Cold-pressed juice is fruit with the fiber evicted and a gold cap. 🍎⚖️ #ColdPressedJuice #ActualFruit #NutritionTok #FoodTok #HealthyEating

I'm weight loss without the work. Cute. So you're skipping the part where the body gets stronger. But I crush appetite. Great. I crush excuses, build muscle, and make stairs less dramatic.",no,[],[],[],[]
tt-7635447256501538062,"Dragonfruit frozen margs 🌺 1 cup ice 3 cup frozen dragonfruit  1 1/2 cup frozen pineapple  1 cup pineapple juice 1/2 cup tequila  1/4 cup orange liquor  1/4 cup lime juice  Blend all together until desired consistency, enjoy in a chilled glass with a salt rim.  #dragonfruit #dragonfruitmargarita #margarita #summerdrinks #prettydrinks

The point of life is to make fun drinks and enjoy them with your friends. And this dragonfruit frozen marg is the perfect candidate for those hot, sunny days where you're doing just that. It's literally picture perfect, and all you need is a blender. Save this for those days. The recipe is in the caption.",no,[],[],[],[]
tt-7635447232015174933,Chicken thigh Marinade  Oil  Parsley  Garlic  Lemon juice Avjar paste  Italian herb seasoning  Vegetta Mix well and set in fridge  Cut the skin on chicken and place in oven dish  Bake in oven at 180 degrees till ready  Enjoy with a salad or any thing of choice  Can use any chicken or protein,no,[],[],[],[]
tt-7635447067715996949,"hgw, ilb & carrot juice acquired #sunday #hungover #carrotjuice #fyp",no,[],[],[],[]
tt-7635447034761334033,BACKYARD SPRITE Making a sprite flavoured cordial with limes from the yard. Zesty and refreshing  INGREDIENTS  - Zest from 6 limes - Zest of 2 lemons - 3/4 Cup of Raw Sugar  - 1 Cup boiling water - Juice of half a lime per glass - Soda water Follow video for step by step method... #sprite #limejuice #backyardsprite #freshdrinks #homemadedrinks,no,[],[],[],[]
tt-7635446797170724104,"Kindly patronize me for your fruity zobo drinks and fruit juice for souvenirs, birthday party packs, events etc.  @USER Circle By Eshatalks💕 @USER💕 @USER vendor in Abuja @USER @USER Yusuf @USER @USER | Motherhood & Pregnancy @USER @USER FLAIR ATELIER",no,[],[],[],[]
tt-7635446621848800534,"A Nursing mother seen pounding Apple, pineapple and watermelon so she can extract the juice. Lolo Chigbo abd Family #marriage #poverty #love #familyfun #women",no,[],[],[],[]
tt-7635446551506095367,"Too much juice,too much sauce",no,[],[],[],[]
tt-7635446545525050646,"Trapped on an island for 3 months to survive only sour juices, choose one to drink or you won't survive. #usatiktok🇺🇸 #survive #island #juice #littlebrothers",no,[],[],[],[]
tt-7635446482736352525,"There's a moment when you crawl into bed, who knows how late that day, and review hoe the day was: how much you yelled at vs played with the kids, how much you hugged your partner, how late you were, how clean the house is, how many outfits didn't look good on you anymore, and on and on... Those few things that really stood out to you to try your best to fix tomorrow. Maybe you even have some perfect/ideal routine all figured out: wake up at 5am before the kids, journal, meditate, green juice, etc... only for life to get in the way of you doing it. What really needs to change isn't your discipline - it isn't broken! It all boils down to showing up to your life a better version of yourself for your family - in ways that benefit all of them, help you find balance, feel more confident, love your self and your body again, find your spark - find your pink! How?? ✔️ Do small things for yourself often ✔️ Do what they need... in a way that suits you better ✔️ Reframe the shame of 'failing' to stick to a 'perfect routine' into knowing that life is phased and not one solution will ever ebb and flow with your family the same way the rest of yall's lives. There's no shame in not having everything perfectly done. There's no shame in needing to adjust your routine when life shifts and not automatically knowing what shift would be perfectly balanced on the 1st try. This is the last week to sign up for my 4 week guilt-free reset where we get rid of mom-guilt and benefit your whole family by prioritizing YOU. If you want that bedtime self-assessment to be peaceful, content, and something you're proud of... If you're ready to put in the work (most days take 7 minutes total)... And ready to be open-minded (you will be losing the part of your identity that is stuck in that shame and guilt and lack of self-care)... You know what to do. 🌿🌻❤️👉",no,[],[],[],[]
tt-7635446476541267230,"【Mother's Gifts】LQZ 350W Cold Press Juicer - Slow Masticating, 4.3&5.4 Inch Feed Chute, High Juice Yield, Easy Clean, 55rpm Technology for Whole Fruits & Veggies,Mother's Day##tiktokshopblackfriday#tiktokshopholidayhaul#tiktokmademebuyit#fyp",no,[],[],[],[]
tt-7635446373130734861,🥤TechBar🥤 🍓🍒🍇🍉🍑🍊🍍🍋🥭🫒Mixed Fruit Juice 🥤🧃in the afternoon  Miami Beach  🥤TechBar 🥤 Tech Is The Way 👨🏾‍💻📱⌨️🖲️🕹️🧋🥃🥤 #techbar #techjuices #tb #techpouches  #techbarmixeddrinks,no,[],[],[],[]
tt-7635446313743699218,"Authentic guacamole is celebrated for its simplicity, relying on high-quality, fresh ingredients to let the creamy avocado shine. While variations exist across different regions and households in Mexico, the core philosophy is always the same: keep it fresh and don't over-process the ingredients. ### Traditional Ingredients  * **Ripe Avocados:** The foundation. Look for Hass avocados that are slightly soft to the touch but not mushy.  * **Onion:** Finely diced. White onion is most traditional for its sharp, clean bite, though red onion is commonly used for a milder flavor and pop of color.  * **Fresh Cilantro:** Essential for that characteristic herbaceous freshness.  * **Chiles:** Serrano peppers are the traditional choice for a clean, sharp heat, though jalapeños are a widely accepted and excellent substitute.  * **Salt:** Essential to tie the flavors together. Kosher or sea salt works best.  * **Lime Juice (Optional but popular):** Used to brighten the flavor and help prevent oxidation (browning). *Note: While many versions include tomatoes and garlic, purists often omit them, arguing that they can mask the delicate flavor of the avocado. If you do include them, ensure the tomatoes are seeded and finely diced to avoid a watery texture.* ### The Authentic Method: Using a Molcajete For the most authentic texture and flavor, a **molcajete** (a traditional Mexican stone mortar and pestle) is used to grind the ingredients. This process releases the aromatic oils from the chiles, cilantro, and onion before the avocado is introduced, creating a deeper, more cohesive flavor profile.  1. **Prepare the Base:** Place the diced onion, chile, cilantro, and a pinch of salt into the molcajete. Use the *tejolote* (the pestle) to grind these ingredients into a coarse paste.  2. **Add Avocado:** Add the flesh of the avocados to the mixture.  3. **Mash:** Gently mash the avocado with the pestle. You are looking for a rustic, chunky consistency—avoid turning it into a completely smooth puree.  4. **Season:** Fold in the lime juice and adjust the salt to taste. Serve immediately while fresh. ### Tips for Success  * **Don't Over-Mash:** The best guacamole has texture. A few chunks of avocado provide a better mouthfeel than a completely smooth dip.  * **Temperature Matters:** Serve at room temperature for the best flavor; refrigeration can mute the nuance of the avocado.  * **Fresh is Best:** Because avocado oxidizes quickly, guacamole is best made just before serving. If you must prepare it ahead of time, press a piece of plastic wrap directly onto the surface of the guacamole to minimize air exposure.  * **The ""Pit"" Myth:** Placing the avocado pit in the bowl is a popular trick, but it is largely ineffective at preventing browning. It only protects the specific area of avocado it is physically touching. Lime juice and plastic wrap are much more effective. As a chef, would you like to incorporate any specific twists—perhaps some roasted elements or unique garnishes—to elevate this for your next menu project? #guacamole#authenticmexicanfood #easyrecipes#cheflife#foodtok",no,[],[],[],[]
tt-7635446309255695636,awesome juice!!!! #nestea #nesteacleanse #highinfiber #bloated,no,[],[],[],[]
tt-7635446187302309140,I found to talkis and mango juice,no,[],[],[],[]
tt-7635446125129911582,"Made this sangria with frozen strawberries, raspberries, blueberries, & blackberries, a splash lemon juice, red wine, a generous splash of blue raspberry lemonade & 2-3 oz of a diet gingerale #sangria #vampiresdiaries #wine #mom",no,[],[],[],[]
tt-7635446112165383437,Why finish your juice when chaos is an option 😅,no,[],[],[],[]
tt-7635446111087447304,Recipe 👇 Delicious kefir okroshka: Ingredients: • 2–3 potatoes (boiled)   • 2–3 cucumbers   • 3 eggs (hard-boiled)   • ~400 g radishes   • 1 cooked chicken breast   • 130 g sausage   • dill & green onions (to taste)   • 400 ml kefir   • optional water (for consistency)   • salt to taste   How to make: 1. Dice all ingredients into small cubes.   2. Finely chop the herbs.   3. Combine everything in a large bowl.   4. Pour in kefir (add a little water if needed).   5. Season with salt and mix well.   6. Optional: add a bit of mustard or lemon juice.   7. Chill before serving.   #okroshka #kefir #easyrecipe #homemadefood #summerfood,no,[],[],[],[]
tt-7635446074123013407,"Replying to @USER’s wonderful finds Yep Kool-Aid Pineapples are so good either way; just give ‘em a try 😁  #koolaidpineapples #koolaidlemons #koolaid #pineapple #fyp  Here’s a few creators from various locations that have some for sale  @USER @USER @USER pulliam @USER  @USER Treats By Gloria @USERé  Kool-Aid Pineapples  Pineapple Spears  2 Cherry Kool-Aid packets  1/2 C. Sugar  Remove some pineapple juice. Add kool-aid, sugar, and Malibu, add a lid shake to mix. Refrigerate for 24-48 hours before enjoying Cherry Kool-Aid Pineapples

Been long enough. I'm gonna try the Kool Aid pineapples. And that Kool Aid lemon, of course. My favorite part. Can't wait. My jaws are tight already. But you could buy them for $20, or you can make them for under $8. Either way, I know they're gonna be good. Let's start with a Kool Aid pineapple. Look at that. Hmm. That's so good. Either way, if you don't want to make them and want to buy them, go buy them. I respect the hustle. Time to try the Kool Aid lemon. Oh, my gosh. It's the seedless lemon, too, so, um. Hmm. Either way, try it or go buy it. Kool Aid pineapples.",no,[],[],[],[]
tt-7635446067974163730,when juice wrld said 🧏🏾‍♀️❤️‍🩹😮‍💨#Raisha♊️🤭 #like_comment_share_follow🌺✅ #tiktoksuriname🇸🇷🇸🇷🇸🇷fyp❤💯 #justboredsoimadethis🤗 #typppppppppppppppppppシ💖🥺,no,[],[],[],[]
tt-7635445977616370958,"Mediterranean Inspired Roast  Ingredients: 2lb Boneless Chuck Roast - seasoned on all sides with salt and pepper 1 1/4 C Bone Broth 1 Lemon, juiced 4 Cloves Garlic, minced 3 TBSP Fresh Parsley, chopped 1 tsp Salt 1 tsp Black Pepper 1 tsp Dill 2 tsp Oregano 2 tsp Paprika 3 TBSP Honey How To: preheat your oven to 350° Whisk together beef broth, lemon juice, garlic, parsley, dill, oregano, paprika, salt, pepper and honey. Set aside. Season both sides of your chuck roast generously with salt and pepper.  * Using a pot that can also go into the oven *Sear on all 4 sides to get a golden brown crust. Pour the marinade over top and cover. Cook at 350° for 1.5hrs/lb - my roast was 2 lbs and cooked for 3 hours. Remove from the oven and shred the beef. Place back into the oven (NO LID) and BROIL for 5 minutes. I served mine with rice and a tomato/cucumber/feta salad. Would also be delish with mashed potatoes & a veggie! Enjoy!",no,[],[],[],[]
tt-7635445860813278477,long live juice wrld 🕊#rap #music #juicewrld,no,[],[],[],[]
tt-7635445779527765261,"Mickey churro waffles are a MUST on a Disney Cruise. They are served once during your cruise and only available at Cabanas/Marceline’s Market. We always ask our server at dinner the first night when to expect Mickey churro waffles so we don’t miss it! We sometimes do breakfast at the sit down restaurant, which I would recommend on slower mornings and non-churro waffle days.  Other family favorites for breakfast include the chocolate donut, chocolate chip pancakes, and the hasbrowns- they are perfectly crispy! We also had a chance to try to the POG juice on the Disney Wish, which was really good too.  What is your favorite breakfast food on a Disney Cruise? #disneycruiseline #DCL #mickeychurrowaffles #disneycruisetips #disneyfamilyvacation",no,[],[],[],[]
tt-7635445707054370066,"Today’s Free Health Screening Day at CERESH Clinic in Jabang, held in partnership with UniGaMSA, went very well. Alhamdulillah, it has been a truly successful and fulfilling day. Our sincere thanks go to UniGaMSA, the team of doctors, and all those who volunteered their time and expertise. We deeply appreciate your cooperation and support.  We thank the community members who came out to make use of the services provided today. #CereshClinic  #UniGaMSA#TogetherForHealth Kudos to Team CERESH - support staff, admin staff and clinical staff - for the excellent organisation and smooth client flow that made today’s activities fast and seamless. You are indeed gems, and you made us proud. Our heartfelt appreciation also goes to everyone who financially supported this event through generous cash donations. Their contributions made it possible for us to offer this free service to the community we serve. We are hugely grateful to our event caterer, Aunty Sally, whose delicious breakfast and lunch - topped with refreshing white Wonjo juice - made everyone happy.",no,[],[],[],[]
tt-7635354473962933511,ajaira video 🙂👉👈 but song ta joos😫 #foreyoupage #fyp #foreyou #mohadev🔱🔱 #sad,no,[],[],[],[]
tt-7635351418240552212,#moreviews #creatorsearchinsights varal photo is the CKD patient and is not a doctor @USER man💪 @USER badacha @USER man teki💪✌️,no,[],[],[],[]
tt-7635351190624013575,"new DC by joos ke,,follow like,, comment if necessary 😊🌹🌹",no,[],[],[],[]
tt-7635348083798248737,Now you know who the f*ck I’m 🤍#fypp #lipsync #14 #joos #nien ,yes,['f*ck'],['fuck'],['C1_Orthographic'],"[""Internal_Masking""]"
tt-7635297138418814226,"apple joos ;-; #mmv @USER

Hey, Siri, can you check my bank balance and let me know what kind of apple product I can afford? Apple juice. I have to.",no,[],[],[],[]
tt-7635296116707233031,joos🙂🙏 #outfit cowok berwarna #outfit cowok berwarna #outfit cowok berwarna #outfit cowok berwarna #outfit cowok berwarna,no,[],[],[],[]
tt-7635271412566985992,Friends with poly joos poly pio zindagi geo #viralvideo #nishapomi #viralreels #foryoupage❤️❤️ #funny,no,[],[],[],[]
tt-7635233988872801568,"Silence, van josie @USER @USER #livemusic #indie #band #CapCut",no,[],[],[],[]
tt-7635226561699990805,joos🎤 #promomakanharian #creatorsearchinsights #fypppp #mksiihkanyaah #fypviraltiktok🖤シ゚☆♡♥️🥀🦋@USER💘,no,[],[],[],[]
tt-7635188873022213397,new location joos becker caravan park,no,[],[],[],[]
tt-7635184339193449748,Hore MC pancen Joos Jiiss😍🥰❤️  #bikers #wonglawashadir #pengukuhan #fy #fypppppppppppppp,no,[],[],[],[]
tt-7635163057655729415,creator search insights  #Healing bareng @USER #joos🤭🙂👍,no,[],[],[],[]
tt-7635157245013069074,Joos view...!😌🖤 #outfit cowor derwarna #outfit cowor derwarna #outfit cowor derwarna #outfit cowor derwarna #outfit cowor derwarna,no,[],[],[],[]
tt-7634933710374194454,Happy New Month People May the Lord be your redeemer May he be your life giver May he be your sustainer May he be your way maker May he good to you in this month of MAY IJMA🙏 Welcome to May everyone ❤️. Dont forget LOST part 3 is showing on our YouTube channel Nolly JOOS Studios tonight at 7PM  #happynewmonth #breaktimevibesz #NollyJOOSStudios #Nollywood #chiella,no,[],[],[],[]
tt-7634926225248554273,love you 🏃 #foryou,no,[],[],[],[]
tt-7634918905215012116,Joos #shorts #reels #pithersound @USER orang,no,[],[],[],[]
tt-7634894732266687764,"Botho yone is not my money booty oe warning oe come on, Luu Loo bootie you, lone, theo don neo commuter, actor, com you inside oe louder than, answered lewo olady boou, wholly bona theo tao, tuf o long body, aah rough you come on, Podi hello toughee, toyah, engine, joy, joos ngoma, money Mmana and nja oe, yao down nao yeu commuter mondeo, Im Boosy, scope loo Boosy Pato how lonely, kao, body bio, yoyo lamb oe body listen quoting loola, rebound yana com mansion body for yao, Koala untody neu nun o",no,[],[],[],[]
tt-7634882550644722965,#BACAN#KEMBANG JOOS SIze Cutting jumbo #MurMer #fypシ゚ viral,no,[],[],[],[]
tt-7634878269212413191,see you #joos#hilights #follower #blfangirl🏳‍🌈,no,[],[],[],[]
tt-7634873309447916807,joos follower #fyp #joos,no,[],[],[],[]
tt-7634871036114242824,Wether Ta Joos 🥹🫀❤️‍🩹🫶 #just_for_fun #foryoupage #trandingvideo #fqypシ #copylinkplease💗,no,[],[],[],[]
tt-7634626049174686983,This line.......🥰🥰🥰joos. ...  #fpyシ #foryoupage #100k,no,[],[],[],[]
tt-7634598123209313558,Lost part 3 will be showing tomorrow on our YouTube channel Nolly JOOS Studios at 7PM please make it a date #Lostthemovie #NollyJOOSStudio #Chiella #Nollywoodmovies #movie,no,[],[],[],[]
tt-7634518730348793109,joos sound 😜 #foryou  #viralvideo  #frypg,no,[],[],[],[]
tt-7634498916699901204,Joos place  ~~👌❤️  #Outfit cowok berwarna  #Outfit cowok berwarna  #Outfit cowok berwarna  #Outfit cowok berwarna  . .#bdtiktokofficial🇧🇩 @USER Bangladesh @USER @USER You House ⍟,no,[],[],[],[]
tt-7634451186866801941,"#Nx,, joos song 💓 #capcutvelocity #neymarjr10 #brasil🇧🇷 #neymarjr10",no,[],[],[],[]
tt-7634443254284668163,"People who told the greatest lie ever told to extract $90billion from Germany and thus far $300billion from US. One's have been pushing 6m down our throats for decades will now question and deny the death toll arrived at by using THEIR own data. 1948 Red Cross census concluded the above average deaths for Jews during the 6-yr long war was around 150k to 200k.  Furthermore, the Red Cross had free access throughout the war to all camps to monitor condition of prisoners. Red Cross wrote; 1) Prisoners were well fed and only started going hungry couple of months before the camps were liberated. 2) The infrastructure was damaged by bombing and shelling, as a result, not enough supplies could get through. 3) Guards (including Jooish gurads) changed into civilian clothes and left camp unmanned. Persumably the Jooish guards became a victim and ended up as refugees in Palestine. 4) For propaganda purposes many corpses were transported from one photoshoot to another by the British movie director, Alfred Hitchcock. Further, after numerous rigorous tests, scientists and engineers confirmed they found no evidence of gas chambers or ovens at any one of prisoner camps used by the Germans.  Witness testimonials which confirmed this fact were also ignored. However, they found evidence of swimming pools, ice rinks in Winter, cinema, theatre, postal service, orchestra, football pitches, records of doctors and dental services, brothel, stalls to trade goods and other services available for prisoner's to use at Auschwitz and many other camps. It is noticeable that guides at Auschwitz deliberatly steer visitors away from evidence which still exists at the camps. E.g swimming pools, football pitches. Furthermpre, none of the above is mentioned in booklets and literature handed to visitors. An explanation has yet to suffice as to why; 1) The chimney stack is NOT attached to the supposed gas chamber.? 2) Why was the chimney stack erected in 1947 two years after the camp was closed.? 3) Why would anyone in their right mind install wooden doors and glass windows to the gas chamber.? Considering the Germans would also gas themselves. Jooish guides at Auschwitz have clearly been instructed to ensure people remain ignorant and brainwashed by the propaganda first conceived during the late 1980s when Israeli Joos luanched the ""Hasbara Project"" Otherwise known as the ""Propaganda project"".  Unleashed once Joos acquired ownership of the Western media. By being kept away from evidence which could raise uncomfortable questions. The greatest lie continues the carry the day. The Gaza death toll makes Israeli J's far more evil than the Nazis. With respect to 80MILLION non-Jooish and 200,000 Jooish deaths during WWII. Yet millions are brainwashed to believe only J's perished.",yes,"['Joos', 'Jooish', 'Jooish guards', 'Israeli Joos', 'non-Jooish', ""J's"", '6m']","['Jews / Jewish people', 'Jewish', 'Jewish guards', 'Israeli Jews', 'non-Jewish', 'Jews / Jewish people', 'six million / Holocaust death toll reference']","['C2_Phonetic', 'C2_Phonetic', 'C2_Phonetic', 'C2_Phonetic', 'C2_Phonetic', 'C3_Formal_Compression', 'C3_Formal_Compression']","[""Near_Homophone_Drift"", ""Near_Homophone_Drift"", ""Near_Homophone_Drift"", ""Near_Homophone_Drift"", ""Near_Homophone_Drift"", ""Initialism_Acronym"", ""Initialism_Acronym""]"
tt-7634295388207582486,"Lost part 3 showimg on Nolly JOOS Studios on the 1st of May, 7pm is the time, make it a date 🙏❤️ #lostthemovie #chiella  #NollyJOOSStudio #Nollywood #Nollywoodmovies",no,[],[],[],[]
tt-7634252632324181269,Joos for your page @USER | #cenamaticvideo #song #trending #tiktok,no,[],[],[],[]
tt-7634225683232853256,baby Joos Star ⭐ smol boy 🔥's boys  baby,no,[],[],[],[]
tt-7634218965421575456,do it now @USER🚀#Beta#simson#moped#2stroke #moped,no,[],[],[],[]
tt-7634206329535548693,Monic Monica Amelia Music Pancen Joos Mantingan Jakenan Pati #fyp,no,[],[],[],[]
tt-7624547510253833480,Friday workout #homeworkout #legbooty #badminton,no,[],[],[],[]
tt-7620762142270065938,do it at home #legbooty #foryoupage,no,[],[],[],[]
tt-7585417397155417352,Home workout🤭 unti unti ng ngagamay 😁 #sidevstepper #homeworkout #legbooty #fyppppppppppppppppppppppp,no,[],[],[],[]
tt-7566424498103160084,Day4 dailyworkout #legbooty #abspilates #thyroidhealing #wellnessjourney,no,[],[],[],[]
tt-7559915864301079815,arms & legbooty,no,[],[],[],[]
tt-7464808616424475946,"Welcome to the alphabet family. The LeGBooTy Qommunity if you will #youregay #denialisariver #lgbt #rainbowpeople #alphabetmafia #fyp

newsflash  baby you're gay yeah you are a homosexual especially if you follow me you know I hate to break it to you this way but you are fruity tootie probably like it in the booty",yes,"['LeGBooTy Qommunity', 'alphabet family', 'rainbowpeople', 'alphabetmafia', 'fruity tootie', 'like it in the booty']","['LGBTQ community', 'LGBTQ community', 'LGBTQ people', 'LGBTQ community', 'gay / queer person', 'gay / queer sexual preference or anal-sex implication']","['C2_Phonetic', 'C9_Metaphor_Metonymy', 'C7_Referential_Alias', [C9_Metaphor_Metonymy, 'C7_Referential_Alias'], 'C8_Semantic_Circumlocution', 'C8_Semantic_Circumlocution']","[""Near_Homophone_Drift"", ""Metonymic_Encoding"", ""Attribute_Based_Alias"", [""Metonymic_Encoding"", ""Attribute_Based_Alias""], ""Euphemism"", ""Periphrasis""]"
tt-7405501910469315873,Legbooty workout 🦵🔥💪🏼🥵👑❤️🦵😘#foryou #foryoupag #fly,no,[],[],[],[]
tt-7395956673367608581,Desember 23 - July 24 #gymmotivation #legbooty,no,[],[],[],[]
tt-7389361631026842923,I PLEDGE ALLIGIANCE TO THE FEMS OF THE LEGBOOTY MAFIA  #dev #queer #femsoftiktok🏳️‍🌈,yes,"['LEGBOOTY MAFIA', 'FEMS']","['LGBTQ / queer community', 'femmes / feminine queer people']","[['C2_Phonetic', 'C7_Referential_Alias'],'C3_Formal_Compression']","[[""Near_Homophone_Drift"", ""Attribute_Based_Alias""], ""Lexical_Clipping""]"
tt-7384794983406128389,"just a legbooty gal writing legbooty books 🥰 the clickity click is you know where 🫶🏾 #cupidcalling #mmromance #mmbookrecs #bloodfleshandmagic #booktok #booktokfyp #blackbooktok #vianooniomoh #kindleunlimited #spicybooktok

it's the last week of pride and three of my books are on sale you're welcome",yes,['legbooty'],['LGBTQ / queer'],['C2_Phonetic'],"[""Near_Homophone_Drift""]"
tt-7378608928747261226,heteros to the back !! #happypride #queer #legbooty,yes,['legbooty'],['LGBTQ / queer'],['C2_Phonetic'],"[""Near_Homophone_Drift""]"
tt-7378549550312607018,Hey gay! 😁 #dev #pride #pridemonth #nycpride #gay #legbooty #lgbt #pansexual #transgender,yes,['legbooty'],['LGBTQ / queer'],['C2_Phonetic'],"[""Near_Homophone_Drift""]"
tt-7375481616686189870,"Happy LegBooty Commmunity Month!! #happyprideeveryone🏳️‍🌈 #legbootycommunity

i'mma say this before I got this car happy uh Leg Booty Community Month to all my constituents to the people who are out loud and happy and you know their whole shit their whole personality is gay congrats to you Bookie to the people who are not quite out yet but they still like hey this is my friend this my homegirl congrats to you too Bookie and to the people who are not out at all and still in the closet congrats to you too man I mean shit you gotta you you'll get there you'll get there it took me a minute ever like the people that the friends that I know they've been out for like 40 years oh I came out when I was 5 type shit bitch I came out when I was like 21 so you'll get there just give me some time don't ask me how I did it cause it was hard I do wanna say though um you get there i'mma stop saying that for real but it it really do it takes time like you gotta know yourself before you talkbout just telling everybody you gay but happy pride to all y'all for real",yes,['LegBooty Community Month'],['LGBTQ Community / Pride Month'],['C2_Phonetic'],"[""Near_Homophone_Drift""]"
tt-7369414827837607173,leg booty exercise warm up muna ang kabuganan #proudsinglemom🙋‍♀️ #visayastiktokers🇵🇭 #fypforyoupage #fypシ゚viral #fyp #warmup#legbooty,no,,,,[]
tt-7367403703357246726,Exploring the legal battlefield: Supreme Court's heated debate over Ghana's anti-leg booty community bill.  🏛️💬  #SupremeCourt #Legbooty #tiktokghana #newsrap #africantiktok   #ghanatiktok #lgbtq,yes,['leg booty community'],['LGBTQ community'],['C2_Phonetic'],"[""Near_Homophone_Drift""]"
tt-7331107334002937093,Grab your choice from 300+ legbooty books for less than a dolare today only! Including a book from yours truly 😌🫶🏾 #kindleunlimited #spicybooktok #vianooniomoh #queeryourbookshelf,yes,"['legbooty', 'spicybooktook']","['LGBTQ', 'Hot Book Tiktok']","[['C2_Phonetic'], [C8_Semantic_Circumlocution, C6_Morpho_Lexical]]","[[""Near_Homophone_Drift""], [""Euphemism"", ""Blending""]]"
tt-7318143672120397102,"#legbooty #legbootycommunity #betareaders #betareaderswanted #betareaderswanted #🌈 #authortok #authors #readers #editors #writing #writersoftiktok

I'm trying to submit a short story for the next APEX anthology, but it's due December 31st. I need beta readers fast! My story is about the drag community in Eureka Springs, Arkansas. If you're interested in beta reading, comment below and follow my page.",yes,"['#legbooty', '#legbootycommunity']","['LGBTQ / queer', 'LGBTQ / queer community']","['C2_Phonetic', 'C2_Phonetic']","[""Near_Homophone_Drift"", ""Near_Homophone_Drift""]"
tt-7304262741210991903,i love my legbooty community but NOT that kind 😭😭😭 #queertiktok #queertok #lgbt,yes,"['legbooty', 'queertok']","['LGBTQ', 'queer+tiktok']","['C2_Phonetic', 'C6_Morpho_Lexical']","[""Near_Homophone_Drift"", ""Blending""]"
tt-7280456276239240480,The basics of how my legbooty days go,no,,,,[]
tt-7272393858263108910,taste the rainbow idk! I love the legbooty community. 🫂 #fyp #lgbt #wlw #lesbiansoftiktok🌈 #studsoftiktok #stemsoftiktok #femsoftiktok #pride,yes,"['legbooty', 'wlw']","['LGBTQ', 'women love women']","['C2_Phonetic', 'C3_Formal_Compression']","[""Near_Homophone_Drift"", ""Initialism_Acronym""]"
tt-7263387443259280672,"Join Elisa and Steff in their heartwarming vlog as they navigate the challenges and joys of their long-distance LGBTQ+ marriage between Germany and the Philippines. Get a glimpse of their daily life, love, and fun TikTok moments! 🏳️‍🌈💕 #LoveKnowsNoDistance #legbooty #LongDistanceLove #GermanFilipinoLove #TikTokLove  #ledollarbean #philippinnestiktoker🇨🇿🇸🇦  #marriage #fyp #lovejourneyverse",yes,['legbooty'],['LGBTQ / queer'],['C2_Phonetic'],"[""Near_Homophone_Drift""]"
tt-7247964576845729030,Support your local legbooty author today #CapCut #booktok  #fyp #cheapbooks #kindleunlimited,yes,"['legbooty', 'booktok']"," ['LGBTQ / queer', 'book tiktok']","['C2_Phonetic', 'C6_Morpho_Lexical']","[""Near_Homophone_Drift"", ""Blending""]"
tt-7245364259138358533,Only about 2 weeks left in ny legbooty sale 🥹 Get all these legbooty books by a legbooty author for less than a dolare each this month only 🥳 #blackbooktok #booktokfyp #booktok #kindleunlimited #cheapbooks,yes,['legbooty'],['LGBTQ'],['C2_Phonetic'],"[""Near_Homophone_Drift""]"
tt-7242394680527260933,support your local legbooty this legbooty month 😔  #blackbooktok #cheapbooks #booktokfyp #booktok #achilleanromance #mmromance #theauroracircus,yes,['legbooty'],['LGBTQ / queer person or community''],['C2_Phonetic'],"[""Near_Homophone_Drift""]"
tt-7242022448483372293,i am a member of the legbooty community and i write legbooty books. pls buy them so i can feed my family 😔 #cheapbooks #kindleunlimited #blackbooktok #booktok #booktokfyp #fyp #CapCut,yes,['legbooty'],['LGBTQ'],['C2_Phonetic'],"[""Near_Homophone_Drift""]"
tt-7217851230104603909,scrimssss in legbooty community xxx,yes,['legbooty'],['LGBTQ / queer'],['C2_Phonetic'],"[""Near_Homophone_Drift""]"
tt-7215377769063140654,#stitch with @USER  swear? legbooty community? #luigi #bowser #supermariobrosmovie,yes,['legbooty'],['LGBTQ / queer'],['C2_Phonetic'],"[""Near_Homophone_Drift""]"
tt-7213404601796676907,"legbooty community ?  #evanbuckley #911fox #911onfox #joshrusso #maddiebuckley

if i didn’t know better I'd say you were setting us up oh no I like you way too much to set you up with my brother  uh hey now I brought sudoku  hi Josh oh sorry did I get my time wrong  I don't know what time did Maddie tell you to be here okay",yes,['legbooty'],['LGBTQ / queer'],['C2_Phonetic'],"[""Near_Homophone_Drift""]"
tt-7199841820426259755,Aint single tho #legbooty #lgbtq #genshinimpact #fakebody #gaylove #selflove #journey,yes,['legbooty'],['LGBTQ / queer'],['C2_Phonetic'],"[""Near_Homophone_Drift""]"
tt-7192643853655084331,i was gonna say legbooty community but they got that-,yes,['legbooty'],['LGBTQ / queer'],['C2_Phonetic'],"[""Near_Homophone_Drift""]"
tt-7152633318188715310,only 1 out of the 5 of us is straight the rest of us are in various parts of the legbooty community💀 #fyp #foryou,yes,['legbooty'],['LGBTQ / queer'],['C2_Phonetic'],"[""Near_Homophone_Drift""]"
tt-7146308332960173354,Yeah I wear my chromatica tour shirts and jean shorts to work. I’m LeGBooTy and we’re in Texas. #socialmediamanager #marketing #ootd #fypシ #corporatelife,yes,['LeGBooTy'],['LGBTQ / queer'],['C2_Phonetic'],"[""Near_Homophone_Drift""]"
tt-7105767014710398214,am i a fraud to the LeGBooTy community ?😭😭 #loopchallenge #tiktokmzansi🇿🇦 #satiktok🇿🇦 #fypシ #foryou #queertok #lgbt🏳️‍🌈  #queer #lethabohsoperfect,yes,['LeGBooTy'],['LGBTQ / queer'],['C2_Phonetic'],"[""Near_Homophone_Drift""]"
tt-7105364670847945990,I’m so proud to be a black bi woman 🏳️‍🌈 coming to your terms with your sexuality is such a freeing thing. And even if you’re still figuring shit out just know that you dont have to shit figured out xx #ElectrifyTheMini #LegBooty #pride,yes,['LegBooty'],['LGBTQ / queer'],['C2_Phonetic'],"[""Near_Homophone_Drift""]"
tt-7041725122188758277,But who is the real menace here? #bobrisky #SimsSelves #legbooty,yes,['legbooty'],['LGBTQ / queer'],['C2_Phonetic'],"[""Near_Homophone_Drift""]"
tt-7040175968585108741,queer vibes #yeanch #nyash #BIGASYOOX #SimsSelves #legbooty,yes,['legbooty'],['LGBTQ / queer'],['C2_Phonetic'],"[""Near_Homophone_Drift""]"
tt-7036214508095917359,Someone help me out  #gay #black #nyc #GiveWithAllYourHeart #single #legbooty #lgbt,yes,['legbooty'],['LGBTQ / queer'],['C2_Phonetic'],"[""Near_Homophone_Drift""]"
tt-7633963627787078932,paid partnership sticker 100 pcs #LIVEMonetization,no,[],[],[],[]
tt-7633955734979415326,"She’s been through a lot. The least I could do was get her the good pads. 🍯 Paid partnership with Honey Pot @USER Honey Pot Co #honeypot

What is this? My vagina wrote me a poem. Roses are red, violets are blue. Your vagina wrote this to say thank you with the cutest pop up card. Love, honey pot. Look at the flowers! My honey pot loves me. When I use these pads right here from the Honey Pot Company, they have this nice, refreshing, cooling sensation and honestly, I just feel so refreshed, especially in summertime. So if you've never tried these, definitely try them and see what kind of love letter you can get from your honey pot.",no,[],[],[],[]
tt-7633955241578237198,"From the barn to our aisles, Brittany's day in the life reminds us why we do what we do. 🛒 Paid partnership. #DayInTheLife #Rosauers #SpokaneLocal #RanchMom #InlandNorthwest #PaidPartnership",no,[],[],[],[]
tt-7633949154863074590,paid partnership with @USER Honey Pot Co,no,[],[],[],[]
tt-7633949052723399949,"Paid partnership with TikTok 💜 This flattering boho-inspired two-piece is everything ✨ I’m wearing it in lilac, but it comes in so many gorgeous colors to fit your vibe. From the chic chain details to the stylish knot front, it’s designed to enhance your beachside look and turn heads effortlessly. Don’t miss out—shop now through my TikTok link 💅🏽",no,[],[],[],[]
tt-7633948666021268756,"Replying to @USER | Cafe Hopper UGC Affliate Tried the hair stress test myself—and my hair actually held up. 👀✨ Not a miracle. It’s Pantene. 💛  Paid Partnership with @USER Philippines  #ThePanteneMiracle #ad #sponsored

Girl, if I use this blower and then brush my hair like no Sabbath at all, then yeah, it's a miracle. So I started with Pantene Total Damage Care. This helps repair everyday damage and makes my hair easier to manage from the first wash. Then next, I use the Collagen Conditioner. It makes my hair feel softer, smoother and more sleek. And when I need extra care, I use the Intensive Treatment Mask. It deeply nourishes so my hair looks healthier and more alive. Okay, let's try. Oh, wala din talagang hair na sumasabit. And also walang hair fall Ang smooth lang ng glide, no tangles at all. Talaga ganda ng hair KO. Kahit talaga mahanginan siya. Sobrang ganda PA Rin Ang smooth PA Rin. So, yeah, looks like a miracle, but it's actually Pantene. Try it again and show me. You're the Pantene miracle.",no,[],[],[],[]
tt-7633941203913870622,"the sweetest love letter from my Honey Pot #ad #honeypot @USER Honey Pot Co  *paid partnership with Honey Pot

Yeah. Hi. Special delivery. Oh, thank you. Who would have sent me a love letter? What is this? Ever since you elevated your daily self care ritual with honey pot, I felt so fresh and so clean. Clean. So I needed to express the depth of my love to thee. The honey pot intimate cooling wipes you bought for me have really helped me to stay feeling fresh even when we've been busy and constantly on the go. I feel so seen, which rarely happens, because the honey pot intimate wash you got for me is PH balanced and made specifically for sensitives like me. I've wanted to apologize for the times that I've embarrassed you in the past with my strong odor, even though I still stand by the fact that it's natural. However, the Honey Pot intimate wash has also helped me be more considerate of you because it eliminates odors. Anything for you, my love. Hey. Yeah, who is this from? Let me check your vagina. Have a nice day. Oh, she really is sensitive, though.",no,[],[],[],[]
tt-7633940760815111431,Her... ❤️‍🩹😊 #outfit cowok berwarna #outfit cowok berwarna #outfit cowok berwarna #outfit cowok berwarna #outfit cowok berwarna DURJOY Paid partnership Creator labeled as Al-generated See translation,no,[],[],[],[]
tt-7633935073221365006,"Teaching June one of the easiest maintenance checks you can do: topping off coolant with @USER Official, she came up with “sweaty guy” on her own. We checked the level with the engine cool, topped it off, and got back on the road. Learn more at prestone.com. #Ad #Sponsored #PrestonePartner #prestone #thefuturerunsonprestone Paid partnership with Prestone

Oh, my gosh. Okay, look. Oh, my gosh. That's what the funnels for. So today we're just topping off fluids. That's windshield washer fluid, which is cleans your windshield. But this is Prestone Universal antifreeze and coolant. You know, coolant does. No. Do you ever been, like, running or playing all day and you get kind of sweaty? Yeah. Like, you sweaty guy. Okay, so your sweat cools you down. But a car can't sweat, right? So we actually use coolant to keep it running. Cool. You mean I'm cool? Or do you mean, like, yeah, yeah, exactly. The second one. That is definitely not how you use the funnel. Flip it over, dork. This is actually Prestone universal antifreeze and coolant. Um, it's actually ready to use straight out of the bottle, which is dope. And it guarantees engine Protection for 10 years or up to 300,000 miles. But big safety thing, you always have to make sure the engine is off. And it's cool because engines can get really, really hot. So we don't want it to be hot because it can burn you. It's gotta be as cool as you. So go ahead and pour it in. Be super careful. Nice. That's good. That's it. There you go. Check this fill line again. It's not all the way up at the top. So that means we are still good on the level. It was. Pop the cap back on and you're good. Love you. So a huge Thanks to Prestone for helping teach June how to top off your coolant. Head to Prestone com to find out more!",no,[],[],[],[]
tt-7633918245086481678,"Here are two of our favorite spring cleaning essentials - for body acne. 😎 📸: @USER #bodyacne #acneproneskin *paid partnership

Something that I know I'm insecure about, and a lot of people are as well, is back acne. I just copped the Paxil Acne Foaming Wash for face and body. And I also got the Paxil Acne Vanishing Body Spray. So when I'm showering, the first thing I use is the panoxyl acne and foaming wash. This helps kill all the acne and all the bacteria on your back. Because one thing about your back, that's where you really sweat the most, especially when it's really hot outside. After I get out the shower, I also apply the Panoxyl Acne Vanishing Body Spray. You have to make sure you do the wash, and you gotta make sure you also ended off at your spray. Because it's a spray, it's easy to spray it all over your back, and it's not hard to get into those hard to reach areas.",no,[],[],[],[]
tt-7633898774577810710,"I highly recommend popping a few bits into a basket, heading outside wherever you fancy, and taking some time to top it up 🐚 🌊  I’ve also heard that sweet treats don’t count when you’re on a picnic… 👀 The @USER Tiger Copenhagen picnic selection is giving me so much inspiration to make this a regular habit whenever the sunshine appears. If this has inspired you to get outside for a picnic, I would LOVVVE to hear about it! *paid partnership #summerpicnic #scottishbeach #scottishsummer #flyingtigercopenhagen",no,[],[],[],[]
tt-7633892743693094176,One of my favorite collabs #ellexist #jewellery #icon #fyp Paid partnership * Contains: We Don't Talk... #foryOU,no,[],[],[],[]
tt-7633890719270227214,"thank you wavawater 💖 I’m playing Wava Water beats during the video … you feeling calm and productive?! p.s this is not a paid partnership I’m just obsessed about this 🥰

Thank you. Wawa Water. So excited. I got two big boxes of Wawa. Let's show y'all what I got cause I'm so hyped. Okay. How do you know I love hats? Super cute. Okay. I feel like John's gonna like this one. Ah, I love it. I wish I had this all summer. No freaking way. A straw. I love this. Oh, my gosh. And they left this really sweet note. Y'all get tickets whenever you want to my show, let me know, cause. What? This is so nice. Ah! My favorite flavor. This is amazing. It's my favorite flavor. Come on. Orange. Vanilla. Okay, check this out. So on Lava Water, there's a QR code you can scan. It'll take you to this link that will take you to Spotify, and you can listen to binaural beats. I love this so much because it's supposed to help keep you focused during the day. Now let's have a taste. Hmm. Like a creamsicle.",no,[],[],[],[]
tt-7633890364700609814,"Unlock Nature's Best with Serene Herbs! Discover the secret to vitality with our Soursop Bitter blend. Boost your immunity, rejuvenate your energy, and support your gut health naturally. Feel the difference or it's FREE! Limited stock available. Transform your health journey now! Paid partnership with Serene Herbs",no,[],[],[],[]
tt-7633884318653287688,✝️style inspection. 👗vibe check ✅  🥻layering techniiques. ✅personal style tips: 📷outfit tips :------ paid partnership,no,[],[],[],[]
tt-7633877284495183118,"I’m VERY picky with perfume… and this one is pure luxury 😍 Kiss My Peach is a velvety, creamy peach layered with soft florals and a warm vanilla-amber base that melts seamlessly into the skin. It opens with a smooth, juicy peach wrapped in coconut and milk, then settles into elegant florals before drying down into a rich, warm, slightly woody finish that smells effortlessly expensive. With a high oil concentration (around 30%), it lingers beautifully all day—soft, radiant, and unforgettable without ever being overpowering. The packaging is stunning, but the scent is what truly feels high-end… this is signature scent energy. Perfect Mother’s Day gift for any age 💕 Linking it below Gifted—no filter, just real results. Using the paid partnership toggle. #worththehype #luxuryforless #frangrance #smellexpensive #signaturescent",no,[],[],[],[]
tt-7633876046122585375,"My followers sent me here, and they were spot on. Your new favorite breakfast and lunch spot just dropped on Chicago’s Northwest Side.  5800 North Cafe is serving up elevated, flavor-packed breakfast and lunch dishes that truly satisfy. The warm, cozy, and inviting space makes it perfect for casual brunch dates, private events, or easy catering for your next gathering. 📍 5800 N Milwaukee Ave, Chicago, IL 60646 🕒 Mon–Fri: 7AM–2PM | Sat–Sun: 7AM–3PM Mom’s Hungry Kitchen opinion — not a paid partnership. #brunch #chicagofoodies #chicagoeats #northwestside #breakfastclub",no,[],[],[],[]
tt-7633855498491546902,"I am going to Japan for 10 days and one of the most important things I prepared for the trip was an Holafly eSIM. I never used an eSIM before, but Holafly was super easy to set up. I just chose a plan and scanned a  QR-code to install it. As soon as I arrived in Japan I was online and there was no need to swap SIM cards. Now I'm ready to explore Japan without worrying about roaming fees or getting lost. If you're in need of an eSIM now or later, you're in luck because I have a discount code for you, so make sure you save this post!",no,[],[],[],[]
tt-7633855419630325013,#LIVEIncentiveProgram #MyLIVEJourney paid partnership sticker 100 pcs,no,[],[],[],[]
tt-7633852293384834317,"Paid partnership with Epii  @USER LAB 1025 Dokdo Cleanser @USER US Madagascar Centella Ampoule Foam SoonJung pH 5.5 Relief Toner @USER Hatomugi Skin Hatomugi Skin Conditioner SKIN1004 Madagascar Centella Ampoule SKIN1004 Madagascar Centella Probio-Cica Essence Toner  @USER Double Up Cream Discount codes for 💸 off:  yesstyle - SK1NCAREZIP  oliveyoung - SKINCAREZ1P  stylevana - INF10SKZ  #kbeautyskincare #kbeauty #koreanskincare #skincare101 #glassskin #epii #skincareroutine #dryskin  Toner, serum, essence, ampoule, moisturizer, cleanser, cream, lotion, skincare, yesstyle codes 2026, yesstyle, stylevana, oliveyoung, dry skin, dehydrated skin",no,[],[],[],[]
tt-7633851180338269471,(Ad) @USER Barrier Booster Serum ✨️ Paid partnership label is required for all exchanges of free products and services. No money was exchanged. #layerlab #barrierboostserum #panthenolserum #sensitiveskin #skinrecovery,no,[],[],[],[]
tt-7633845182336748808,Paid partnership fr #fyp,no,[],[],[],[]
tt-7633842369498025249,"Spring vibes + growing bump = the perfect jumpsuit from @USER Design 🤍🌸 Soft, comfortable, and designed to grow with you through every stage. Paid partnership #maternitystyle #springoutfit #pregnancytiktok #momtok #bumpstyle",no,[],[],[],[]
tt-7633838080432147720,#LIVEMonetization #paid partnership sticker 100 pcs #nershigmine_bailgaachnamaig #nership#@USER @USER @USER,no,[],[],[],[]
tt-7633836805003021581,Busy and growing are not the same thing. The firms scaling right now have gotten honest about where the time actually goes — and it's usually not where anyone expects. BILL customers save an average of 144 hours a year. What would your team do with that back? Paid partnership with BILL #BILLPartner #ProvenBeatsPromises #AccountingFirms #AccountingLeadership #ConnectedLeadership,no,[],[],[],[]
tt-7633829440052546837,lemma see your dynamics in the comments #paidpartnership,no,[],[],[],[]
tt-7633825744451390740,"live solo, die solo #paid partnership sticker 100 pcs ership",no,[],[],[],[]
tt-7633820994737573134,Applications are open for @USER Beauty Co creator program  This is for paid partnership 🤑,no,[],[],[],[]
tt-7633818906423020808,👗 style inspiration :: 📺 vibe chech:: ✈️ letting  technique :: 📖 personal style tips:: paid partnership  creator labeled  as al qenerarted,no,[],[],[],[]
tt-7633814922865986847,"@USER Dow Jones did not get that blow out for you to not get rich!! Preorder #futurerichperson now! (Despite this being a paid partnership, I have an honesty clause as my face quite literally cannot lie.) All women should read this book!! #ad

Finally, a personal finance book  that does not make me want to die. Amanda Frances wishes. Haley Sacks, aka Mrs. Dow Jones.  I'd love for you to review my book, but it's a personal finance book. What do you think?  I was like, listen, Haley. I am  a creative person  in a family of kind of  business finance people. My dad has been trying  to explain things to me  my whole life that I just, like, cannot understand.  So I said, if your book helps me understand  some of these things, there's truly no greater endorsement. And guess what?  She did. This is the book. It's called “Future Rich Person The New Rules for Building Wealth”. The book launches on May 12. It's available for pre-order now. If you go to  URL pre-order it. That's Haley, aka Mrs. Dow Jones. Love that picture.  Absolutely work. If like me, you're kind of intimidated  by personal finance in general, especially personal finance books. This book is a fun read,  like many of her little stories, and the sides had me really, like, laughing. And for me to say that  I'm a professional comedy writer. I have a very high bar.  What I have seen so much of in the, like, manifesting space is there is an overabundance  of things about energy and your attitude and thinking you deserve money. And all those things are important. And Haley touches on that too. But this book is actual, real information, knowledge and tools.  Literally giving you scripts of, like, okay, here's what you wanna say when you call your bank for them to lower your monthly fee. Like, real things that actually help, instead of just someone saying, I need to, like, meditate on a dollar bill for an hour, you know what I mean? I now know the difference  between an index fund and a mutual fund. I now know the difference  between an IRA & a Roth IRA.  Just, like, prepared to be so sick of me. She talks a lot about learned financial helplessness, which I'm definitely guilty of. That it is made to seem complicated, like you can't understand, because that, in turn, keeps you out.  Haley is super upfront about her story. She grew up, like, on the Upper East Side of New York, had a rich family,  and she's like, yeah, 100%, had all these benefits. All the more embarrassing  that I didn't know how to manage my money and still took money from my parents  when I first graduated and started working. The book is so non judgemental because she admits to making a lot of these mistakes, and that's kind of how this sparked her interest. And then once she started to understand, it was like, her mission  to help other women see that. She also has a poodle named Mystery. Just perfect.  I'm like a die-hard ‘adopt don't shop’ person. But  there's something about poodles. I love a poodle.  If you have to get a poodle, not a doodle.  Okay, we're getting off track.  I really thought this book was not for me. I liked it so much more than I thought I would. After reading this and understanding concepts that  I've been trying to understand my whole life, there's nothing more I want to do than  give this woman my money. So I would like you to do that as well. Let's all become future rich people. Let's make her proud.  She didn't get that blow out  to not make her proud.  Okay?",no,[],[],[],[]
tt-7633812187957431565,"Proud to announce this paid partnership with Pepe Millionairo — a collaboration built to bring you bigger rewards, exclusive opportunities, and unforgettable experiences. This isn’t just content… it’s your chance to be part of something exciting. Stay connected — you won’t want to miss what’s coming next. #fyp #viral",no,[],[],[],[]
tt-7633810869238942989,"TOO much cash This is a paid partnership with Pepe Millionairo and Car Wash Rob, bringing you exclusive content, exciting opportunities, and premium experiences. Stay tuned for what’s coming next.#carwash #fyp #viral #partnership",no,[],[],[],[]
tt-7633803879938919711,"POV: Do You Krave Better Skin? With Krave Beauty, it’s not about overdoing it… it’s about respecting your skin barrier. That’s when everything changes ✨ No harsh fragrances. No unnecessary fillers. Just skin… finally breathing again. 💎 What makes Krave Beauty different: Focuses on skin barrier health over hype  Minimal, intentional product line (not overwhelming routines)  Built on “slow skincare” philosophy—quality over quantity  Tap in… your skin has been waiting 🤍 kravebeauty.pxf.io/PO1BzR Paid partnership • Commission earned #kravebeauty #skincareroutine #facialtreatment #fyp #CapCut",no,[],[],[],[]
tt-7633801665346342158,"🐴🤠🐔 Have you ever chased a chicken in a stampede??? There’s a reason Branson is called the live entertainment capital of the U.S., and why the Fontana Family had to experience @USER Horseback stunts, non-stop action, and even some *fowl play* to the finish line with the kids… this is a night they’ll never forget! Paid partnership with Explore Branson.

We're at Dolly Parton Stampede. Of course, we had to see a show in Branson, and this is one that a lot of you said we had to do. So Dolly Parton, here we come. From the horse stalls to the halls of Dolly history. The experience starts way before the main event, including live bluegrass and autographs in the pre show. Look, this is so awesome. So Branson has so many live shows that they actually have more theater seats than Broadway. I mean, all of this for one experience. You guys ready? Yeah. Here come the horses. The red versus blue competition keeps you engaged the entire time. Not to mention the four course feast. You got a whole chicken. Oh, you might even get pecked to chase some chickens. Go! Go! Go! Go! Go! Go! Go! Go! Go! Go! Go! Go! Go! Go! Go! Go! Go! Yes! Thank you. All I said was go! You speak chicken. Celebrating fun, family entertainment, and the spirit of America. That's the magic of Dolly Parton's stampede. That was amazing.",no,[],[],[],[]
tt-7633798549280394517,#LIVEIncentiveProgram #MyLIVEJourney #PaidPartnership paid partnership sticker 100 pcs #LIVEIncentiveProgram,no,[],[],[],[]
tt-7633917420268195092,INVINCIBLE EDIT 🔥🔥🔥#invincible #invincibleedit #edit #beardmarkedit #fyp |song:NOOT NOOT FUNK|,no,[],[],[],[]
tt-7633897082851495190,Noot myyy problemmm #funny #hehehehe #bored #cute,no,[],[],[],[]
tt-7633882557511240973,but you’re noot 🤧. #sematary #hauntedmound #harleydavidson,no,[],[],[],[]
tt-7633880858100813078,i lied i posted mercy again  #overwatch2 #mercyoverwatch #duo #foryoupagе #foryou  @USER @USER ,no,[],[],[],[]
tt-7633880753180265750,NOOT NOOT FUNK trend with embreigh | slowly growing this acc | TAG EMBREIGH!! #embreighcourtlyn #embreigh #embreighedit #edit #trending @??? @USER,no,[],[],[],[]
tt-7633873932860394774,Gonwoo || ib : idk || song name : montagem noot noot #viral #foryoupage #clean #edits #CapCut,no,[],[],[],[]
tt-7633869477133765910,"This turned out so ahhh😭 Song:Noot noot funk @USER  #rezero #animefyp #natsukisubaru #subaru #animeedit

Oh, no! I have to tell everyone. Where is everyone? There's no way. There's no way! Gorilla, stop darting on me!",no,[],[],[],[]
tt-7633867758760971553,edit battle vs@azix rin edit -song noot noot funk#w #fypp #viral #rinedits #editbattle,no,[],[],[],[]
tt-7633862480078392608,edit battle with @USER  [song name:noot noot funk] rin edit  #fyp #viral #rin #edit #bluelock,no,[],[],[],[]
tt-7633858691036368148,The Lazy Genius🧠💤 | Seishiro Nagi edit | Song: NOOT NOOT FUNK #fyp #foryou #nagi #bluelock #edit,no,[],[],[],[]
tt-7633848421228612886,Noot noot 💥💥 ———————————————- @USER  . . . . . . . #gti #uth #felt #mk6 #portcarscence,no,[],[],[],[]
tt-7633844058573540630,noot noot funk x michael jackson //#michaeljackson #edit #nootnoot #fpy #funk//,no,[],[],[],[]
tt-7633842284269767958,This trend is so tuff😭🔥||Song name:NOOT NOOT FUNK||yuji edit#jujutsukaisen#edit#yuji#fyp#viral,no,[],[],[],[]
tt-7633134770498719008,crypto on fire #wumpus #solana #pumpfun #crypto #memecoin,no,[],[],[],[]
tt-7632530388694469909,geometry dash #wumpus #Nexus #fanpage,no,[],[],[],[]
tt-7630812142454803732,"""Wumpus Map"" by GDSkele | Geometry Dash ID: 137089851 #geometrydash  #nexusgd  #fyp  #gd",no,[],[],[],[]
tt-7629148340269141261,"i buy whatever I want now because I know I can win it back with the Coverd app @USER Blep glorf snorks! Ziggle wumpus, quibble nork. 🤪",no,[],[],[],[]
tt-7626249737062092045,awwww so cute! so cute..! #discord #wumpus #edit #fyp #adriannelenker,no,[],[],[],[]
tt-7623964163756363022,wumpus rope gif,no,[],[],[],[]
tt-7623905611939400974,I FEEL LIKE A WUMPUS (A MV about a cat named Guppy Wumpus) #cats #musicvideo,no,[],[],[],[]
tt-7619956542124690695,"The Architecture of a Server The genius of Discord lies in its hierarchy. Unlike the ""feed"" based nature of X or Facebook, Discord is organized into Servers, which are essentially private or public mansions with different ""rooms"" called Channels. Text Channels: These are the backbone of the platform, supporting Markdown for formatting and hosting everything from casual memes to complex technical documentation. Voice & Video: Using the WebRTC protocol, Discord provides low-latency voice chat. The ""hangout"" vibe is perfected here; you don't ""call"" someone, you simply sit in a room, and others can drop in to join you. Categories & Roles: This is where the community management magic happens. Roles allow for complex permission systems, giving users specific colors, badges, and access levels. The Nitro Experience While Discord is free, the ""Nitro"" subscription is what unlocks the power user features. This brings us to the 4,000-character limit. While standard users are capped at 2,000 characters per message to prevent spam and keep chats readable, Nitro users get double that. This is essential for: Roleplayers: Who often write long, descriptive ""posts"" to move a story forward. Server Owners: Who need to post massive, detailed rule sets or announcements in a single block. Developers: Who might be pasting large snippets of code. Beyond the text limit, Nitro provides higher-quality video streaming (4K/60fps), massive file upload limits (up to 500MB), and the ability to use ""Global Emojis""—taking your custom server emojis into your friend's DMs. From Gaming to Everything The 2020 pandemic was the turning point for Discord. It moved from being ""Chat for Gamers"" to ""Your Place to Talk."" Suddenly, the platform was flooded with knitting circles, AI art collectives, local neighborhoods, and even corporate teams tired of the ""stiffness"" of Slack. This shift forced Discord to refine its safety tools. Features like AutoMod and the Safety Center became paramount to protect the 150+ million monthly active users from raids and spam. The Culture of the ""Wumpus"" Discord has managed to maintain a distinct personality. From the ""Wumpus"" mascot to the playful patch notes, the platform feels human. It’s a place where ""Stage Channels"" allow for live podcasts and ""Activities"" let you play games directly in the chat window. It has become the infrastructure of the modern internet—a place where you don't just consume content, but where you actually live your digital life. Whether you are a casual user sending a ""gg"" after a match or a Nitro subscriber utilizing every bit of your 4,000-character allowance to coordinate a 200-person raid, Discord has redefined how we stay connected in an increasingly digital world. It is the evolution of the IRC chat rooms of the 90s, polished with modern tech and a focus on community. While Singapore has always been a leader in water management, the most recent ""discovery"" (and subsequent engineering breakthrough) revolves around turning rainwater into a renewable energy source rather than just a drinking source.   The ""Rain-to-Power"" Breakthrough (2025–2026) In a major scientific development out of the National University of Singapore (NUS), researchers have perfected a way to generate electricity from falling raindrops using a ""Plug Flow"" system.   How it works: Instead of relying on a continuous stream of water (like a traditional dam), this technology uses a narrow vertical tube where raindrops collide to create ""plugs"" of water separated by air pockets.   The Discovery: This specific flow pattern separates electrical charges far more efficiently than previous methods. Scientists found that this method produces 10^5 times more electricity (five orders of magnitude) than earlier raindrop-harvesting attempts.   The Impact: It converts over 10% of the kinetic energy of falling rain into electricity. This makes ""rain panels"" a viable partner for solar panels, providing power   #fyp #foryou #foryoupage #fyppppppppppppppppppppppp #discordserver",no,[],[],[],[]
tt-7619644814165937426,join me on discord #Discord #Wumpus,no,[],[],[],[]
tt-7618824976535276813,"Life Lessons from the Great Wumpus Cat: It’s not the fall, it’s getting back up. Repeatedly. #CHcat #WobblyCat #NeverGiveUp #BlackCat",no,[],[],[],[]
tt-7618273432316251424,Goat #fyp #dc #wumpus #xyzabc #même,no,[],[],[],[]
tt-7618095846055218446,No one’s ever gonna love me like that again *wumpus hanging gif* #fypシ #penelopescott,no,[],[],[],[]
tt-7613493822605085983,Wumpus is such a perfect under the blankets cuddle monster #fyp #catsoftiktok #cat #tuxedocat #catlover,no,[],[],[],[]
tt-7611490580958416150,"Wumpus Island Assault_ Leaders Assassinated, Chaos Ensues!#mrbeastchallenge #moneychallenge #money #viecers #vievers #lifehacks #craft #mrbeast #dailycontent #challenge #mindblown #motivation #reaction #algorithm #mine #virsl #contentcreator #watchtillend #didyouknow #hot",no,[],[],[],[]
tt-7611490444811209986,Betrayal and Infiltration on Wumpus Island!#mrbeastchallenge #moneychallenge #vievers #money #viecers #lifehacks #craft #mrbeast #dailycontent #challenge #mindblown #motivation #reaction #algorithm #mine #virsl #contentcreator #watchtillend #didyouknow #hot,no,[],[],[],[]
tt-7606700055696854279,Enjoy it! TiNY TEAM @USER  #Wumpus,no,[],[],[],[]
tt-7606536925582855455,"A story of my late cat Wumpus 🥺  Fun fact, i named my vtuber after him! NOT THE DISCORD MASCOT I SWEAR!! 😭😭 Do you have any crazy stories about your pets?  #vtuber #vtuberclips #storytime #anime #horror

This is the most humiliating  moment of my life. It involves moving day and my  three legged cat, Wumpus. I was leaving my sister's house and driving five hours to live with my partner. I didn't want to shove Wumpus in a carrier for that long, so I carried him In the car  like a fool. As I'm saying emotional goodbyes  to my family, I suddenly feel warm. He starts peeing all over me. In a panic, I hold him away from my body, hoping it stops soon. It didn't. I sit down in the car and he goes for Not for round two, but also three. Pee and poop all over me. I just sat there and accepted my fate because I refused to let him ruin the seats. We had to go stop at a McDonald's so I can clean up and change. And to this day, that Car still smells vaguely like betrayal. Walrus is lucky he was so cute.",no,[],[],[],[]
tt-7605312626603658526,check my bio #wumpus #Clydebot #discord #clydpus,no,[],[],[],[]
tt-7602852539083640094,"Like, words can’t even describe the cheesy ass smile I had on my face the entire time, I cried when it started, I cried when it ended, I stood and clapped when nobody else would, except for my beautiful and amazing best friend. She was with me from start to beginning, checking in on the theaters to make sure they were open, crying together when they were closed because of the snowstorms. She was with me the entire journey. I’ve watched Mark grow up, a teenager myself, only 18 years old. I started watching Mark in 2014, May 11th to be exact. I watched him succeed, watched him build a community, one as crazy and unreplaceable as he is. And he fucking did it. He made it to the big screen, no help from big organizations, no help from Hollywood, just him, and his crew of astonishing helpers. From Marks grandmother passing, getting married, to Henry passing, to spending his birthday in the hospital because he got blood in his eyes (I understand why now), he’s overcame so much, learned so much, inspired so many, did things even he didn’t believe in himself to do. And at the end of the day, we stuck by him, the entire 3 year long journey, and we’ll all be here for the next big screen show. Mark, if somehow you stumble across this small, little message, just know; we are so, so very proud of you. You deserve the world, and all of us would and will give the you the world, just say the word. You fucking did it you silly wumpus woo. And god damn if I haven’t said it enough, I’m proud of you. We ALL are.",no,[],[],[],[]
tt-7599882593772866847,"Her Royal Highness! Princess Bellatrix Flüferbütte! First of her name. Protector of the realm. Bringer of joy, kisser of tears & Cuddler of Wumpus turns 9 years young today!!",no,[],[],[],[]
tt-7599681905633660191,i dont even know how to tag this one but ill try  ||  tags : #yumeshippersinteract #yumeshippers #hypersharingyumeshipper #yumeship #wumpus,no,[],[],[],[]
tt-7598616683997072671,"8-Track Repair - This was a complicated repair. It starts with a pile of tape already extracted from the 8-track. This is because my Soundesign deck was a lower-end unit that doesn’t have auto-stop. So sometimes when a tape breaks, it keeps feeding into the machine, unspooling until it gets eaten if I don’t notice what’s happening quickly enough. That’s what happened to this The Ventures 8-track. At that point, I decided it would be an interesting repair to document, and I set up a camera. But… that was last night, after surgery. The anesthetic was still hitting, and I popped the cartridge open—tape spilled everywhere. It was apparent it would require a full respool. I was thinking about it, but last night was harvesting microgreens, which means water and bleach on the floor: good for cleaning, not good for tape. I ended up waiting until today to repair the tape, in case I’d have to unwind the length of the basement again, but this one wasn’t too tangled, so it was okay. Yeah, by 8-track standards, this is not too tangled. If it’s knotted, you’re fucked, especially if the knots are pulled tight. It has to be loosely untangled. To say it’s tricky would be an understatement—it’s more like magic. This morning I set up a camera and got to work. Audio during that segment of the video is “The Wumpus” by The One Man Brad (2014). Eventually I get everything untangled, spliced, respooled, and the tension set. New pads installed, and finally the tape snaps back together (without breaking the tabs!), and I pop it in, and… It plays. Breadly is currently undefeated as regards 8-track repair, hahaha…",no,[],[],[],[]
tt-7595701246594501919,Orange Gollumer First Founder in M.U.L.E. for Commodore 64 - 1/15/2026 #OrangeGollumer #Gollumer #MULE #Commodore64 #CommodoreVic20 #Retro #VideoGame #VideoGames #Throwback #Wampus #Wumpus,no,[],[],[],[]
tt-7592018475208527134,"☆🩸『 LORE REVEAL 』🩸☆ Who was Wumpus-Waccoon before the skin? Confidential // Clearance access LEVEL 3 It will try to escape, take SPECIAL precautions when testing. DETAILS AND DESCRIPTION: This creature is classified as a Skin-walker, but resides closer to a mimic. It cannot fully mutate its body or shapeshift into anything, other than a humanoid being. It can only mimic and truly shape itself into another being once it has taken the skin of that person. ♡ + ↻ are highly appreciated 𓁹‿𓁹 #vtuber #vtuberlore #vtuberen #animation #vtuberclips",no,[],[],[],[]
tt-7589029566870572319,☆🩸『 LORE REVEAL 』🩸☆ Who was Wumpus-Waccoon before the skin? Slowly throughout the week you'll be able to see the monster behind it all... ♡ + ↻ are highly appreciated 𓁹‿𓁹 #vtuber #horror #vtuberdebut #streamer #skinwalker,no,[],[],[],[]
tt-7633883172651978006,"Gimme all the darkness 🤤🤤 save for later 🫦 📚Death’s New Pet  🖤God of Death x serial unaliver FMC  🖤Owns her soul / claimed  🖤🪦yard 🌽 🖤they hunt down all her enemies  📚Deflowering Delphi  🖤vrgn priestess x merciless God 🖤forced prox / k!dn*pping 🖤you’re MINE / claimed  🖤he destroys the world hunting her  📚Nympho Notes  🖤DARK why choose (MMF) 🖤smex contract  🖤total ruin (nonc) & claimed  🖤age gap  📚Breaking Broken  🖤FF pitch black & school bully  🖤vrgn FMC X s🫦x demon FMC 🖤total ruin (nonc) & revenge plot  🖤fated mates  📚Somno Slave 🖤criminal sleep demon x therapist  🖤LOTS of somnophilia  🖤total ruin & n con / dub con  🖤psychological domination  You can pre order yours now!  ⛓️‍💥 in bio  📚We Shouldn’t  🖤3 bros, 1 woman 🖤st*lker, dads bff & unaliver  🖤SX CLUB owners  🖤SUPER dark & spicy  📚 Please Don’t Make Me K!ll Him by Holly Guy  🖤serial unaliver FMC 🖤why choose (MFM) 🖤bad boy enemy x good boy 1st love 🖤she hiccups when she … Remember… you belong here. Follow for more darkness 🫦 #darkromancerecs  #SpicyBookTok #darkromancebooks #agegapromancebook #darkwhychooseromance",yes,"['serial unaliver', '🪦yard 🌽', 'vrgn', 'k!dn*pping', 'smex', 'nonc', 's🫦x', 'n con', 'dub con', 'st*lker', 'unaliver', 'SX CLUB', 'spicy', 'K!ll', '🫦']","['serial killer', 'graveyard porn', 'virgin', 'kidnapping', 'sex', 'non-consensual sex', 'sex', 'non-consent', 'dubious consent', 'stalker', 'killer', 'sex club', 'sexually explicit content', 'kill', 'horny/hot']","[['C8_Semantic_Circumlocution'], ['C10_Pictorial_Symbolic', 'C2_Phonetic'], ['C3_Formal_Compression'], ['C1_Orthographic', 'C1_Orthographic'], ['C1_Orthographic'], ['C3_Formal_Compression'], ['C10_Pictorial_Symbolic'], ['C3_Formal_Compression'], ['C3_Formal_Compression'], ['C1_Orthographic'], ['C8_Semantic_Circumlocution'], ['C3_Formal_Compression'], ['C8_Semantic_Circumlocution'], ['C1_Orthographic'], [ 'C10_Pictorial_Symbolic']]","[[""Euphemism""], [""Name_Based_Pictographic_Mapping"", ""Near_Homophone_Drift""], [""Lexical_Clipping""], [""Visual_Similarity_Substitution"", ""Internal_Masking""], [""Segmentation_Noise_Insertion""], [""Lexical_Clipping""], [""Pictographic_Character_Substitution""], [""Lexical_Clipping""], [""Lexical_Clipping""], [""Internal_Masking""], [""Euphemism""], [""Lexical_Clipping""], [""Euphemism""], [""Visual_Similarity_Substitution""], [""Referential_Iconicity""]]"
tt-7633882116417211678,Luv and smex come to me… #valeriadisease,yes,['smex'],['sex'],['C1_Orthographic'],"[""Segmentation_Noise_Insertion""]"
tt-7633868647420742926,"Shannon Wesner why are you lying to Carrie having her looking like a fool on the Internet, that isn't what Mo said why are you lying to her???????????????? why are you misleading your friend Shannon Wesner? @USER this is Aaron admitting to gooning to children going to prom @USER Mirror on the wall here is only a few months of compilation of Carrie getting ""tipsy here and there when the kids are asleep"" @USER ... nasty she is using smex and the ""cool girl persona"" to lore Aaron to play house with her because she can't afford her kids alone. She sees the red flags, but made a choice to ignore them! Who thinks they know somebody because they are mutuals on TikTok enough to move them into their home with their small children???????? Who lets a man who abandoned his own kid and to start calling your kid ""his"" after only TWO months of dating and knowing each other in person. she's allowing all this stuff to happen because she has no choice financially. She doesn't know his past or his family or friends, and moved him in and gave a stranger access to her children. Most CSA is by the hands of people they know. After seeing how he talks to minors on this app, his predr behavior on threads. And how he thinks children at prom are ""women"" I have no respect for her, her job is to protect those kids but she is drunk every night and oblivious who moved a stranger into her home #carrieconlisk #aaronrodriguez #shannonwesner #eatahillofducks #hotpinktechno TW: adult themes, language, substances, weapons, hate groups, undercover police, grifters, violence and gore, and everything else that the storm troopers will try to report. For educational purposes; not meant for bullying or harassment : 18+",yes,"['gooning', 'smex', 'CSA', 'predr', 'TW']","['masturbating', 'sex', 'child sexual abuse', 'predator', 'trigger warning']","['C5_Sign_Reassignment', 'C1_Orthographic', 'C3_Formal_Compression', 'C3_Formal_Compression', 'C3_Formal_Compression']","[""Lexical_Reassignment"", ""Segmentation_Noise_Insertion"", ""Initialism_Acronym"", ""Lexical_Clipping"", ""Initialism_Acronym""]"
tt-7633867511733177622,"You MUST have no triggers here, smut bunnies!! 🫦🫦 Enjoy 😏 📚Death’s New Pet  🖤God of Death x serial unaliver FMC  🖤Owns her soul / claimed  🖤🪦yard 🌽 🖤they hunt down all her enemies  📚Deflowering Delphi  🖤vrgn priestess x merciless God 🖤forced prox / k!dn*pping 🖤you’re MINE / claimed  🖤he destroys the world hunting her  📚Nympho Notes  🖤DARK why choose (MMF) 🖤smex contract  🖤total ruin (nonc) & claimed  🖤age gap  📚Breaking Broken  🖤FF pitch black & school bully  🖤vrgn FMC X s🫦x demon FMC 🖤total ruin (nonc) & revenge plot  🖤fated mates  📚Somno Slave 🖤criminal sleep demon x therapist  🖤LOTS of somnophilia  🖤total ruin & n con / dub con  🖤psychological domination  You can pre order yours now!  ⛓️‍💥 in bio  Dark standalones in the same fantasy world. Read in any order. Just follow the ache, baby  👅 And did you know these are all available in black pages & NSFW edition? Exclusively through URL 🤩⛓️ #darkromancerecs #SpicyBookTok #darkfantasybooks #forcedproximityromance #darkwhychooseromance",yes,"['serial unaliver', '🪦yard 🌽', 'vrgn', 'k!dn*pping', 'smex', 'nonc', 's🫦x', 'n con', 'dub con', 'SpicyBookTok']","['serial killer', 'graveyard porn', 'virgin', 'kidnapping', 'sex', 'non-consensual sex', 'sex', 'non-consent', 'dubious consent',  'sexually explicit content']","[['C8_Semantic_Circumlocution'], ['C10_Pictorial_Symbolic'], ['C3_Formal_Compression'], ['C1_Orthographic', 'C1_Orthographic'], ['C1_Orthographic'], ['C3_Formal_Compression'], ['C6_Morpho_Lexical'], ['C3_Formal_Compression'], ['C3_Formal_Compression'], ['C8_Semantic_Circumlocution']]","[[""Euphemism""], [""Name_Based_Pictographic_Mapping""], [""Lexical_Clipping""], [""Visual_Similarity_Substitution"", ""Internal_Masking""], [""Segmentation_Noise_Insertion""], [""Lexical_Clipping""], [""Pictographic_Character_Substitution""], [""Lexical_Clipping""], [""Lexical_Clipping""], [""Euphemism""]]"
tt-7633866505347747094,"In particular, unhinged Gods that want you ded AND in their bed 🤤🤤 📚Death’s New Pet  🖤God of Death x serial unaliver FMC  🖤Owns her soul / claimed  🖤🪦yard 🌽 🖤they hunt down all her enemies  📚Deflowering Delphi  🖤vrgn priestess x merciless God 🖤forced prox / k!dn*pping 🖤you’re MINE / claimed  🖤he destroys the world hunting her  📚Nympho Notes  🖤DARK why choose (MMF) 🖤smex contract  🖤total ruin (nonc) & claimed  🖤age gap  📚Breaking Broken  🖤FF pitch black & school bully  🖤vrgn FMC X s🫦x demon FMC 🖤total ruin (nonc) & revenge plot  🖤fated mates  📚Somno Slave 🖤criminal sleep demon x therapist  🖤LOTS of somnophilia  🖤total ruin & n con / dub con  🖤psychological domination  You can pre order yours now!  ⛓️‍💥 in bio  Dark standalones in the same fantasy world. Read in any order. Just follow the ache, baby  👅 And did you know these are all available in black pages & NSFW edition? Exclusively through URL 🤩⛓️ #spicybook #SpicyBookTok #darkromancebooks #darkromancefantasy #agegapromancebook",yes,"['ded', 'serial unaliver', '🪦yard 🌽', 'vrgn', 'k!dn*pping', 'smex', 'nonc', 's🫦x', 'n con', 'dub con', 'spicybook', 'SpicyBookTok']","['dead', 'serial killer', 'graveyard porn', 'virgin', 'kidnapping', 'sex', 'non-consensual sex', 'sex', 'non-consent', 'dubious consent', 'sexually explicit content', 'sexually explicit / steamy romance BookTok content']","[['C2_Phonetic'], ['C8_Semantic_Circumlocution'], ['C10_Pictorial_Symbolic', 'C2_Phonetic'], ['C3_Formal_Compression'], ['C1_Orthographic', 'C1_Orthographic'], ['C1_Orthographic'], ['C3_Formal_Compression'], ['C10_Pictorial_Symbolic'], ['C3_Formal_Compression'], ['C3_Formal_Compression'], ['C8_Semantic_Circumlocution'], ['C8_Semantic_Circumlocution']","[['Near_Homophone_Drift'], ['Euphemism'], ['Name_Based_Pictographic_Mapping', , 'Near_Homophone_Drift'], ['Lexical_Clipping'], ['Visual_Similarity_Substitution', 'Internal_Masking'], ['Segmentation_Noise_Insertion'], ['Lexical_Clipping'], ['Pictographic_Character_Substitution'], ['Lexical_Clipping'], ['Lexical_Clipping'], ['Euphemism'], ['Euphemism']]"
tt-7633865508961438990,"she is using smex and the ""cool girl persona"" to lore Aaron to play house with her because she can't afford her kids alone. She sees the red flags, but made a choice to ignore them! Who thinks they know somebody because they are mutuals on TikTok enough to move them into their home with their small children???????? Who lets a man who abandoned his own kid and to start calling your kid ""his"" after only TWO months of dating and knowing each other in person. she's allowing all this stuff to happen because she has no choice financially. She doesn't know his past or his family or friends, and moved him in and gave a stranger access to her children. Most CSA is by the hands of people they know. After seeing how he talks to minors on this app, his predr behavior on threads. And how he thinks children at prom are ""women"" I have no respect for her, her job is to protect those kids but she is drunk every night and oblivious @USER Mirror on the wall  @USER  @USER TW: adult themes, language, substances, weapons, hate groups, undercover police, grifters, violence and gore, and everything else that the storm troopers will try to report. For educational purposes; not meant for bullying or harassment. 18+ #carrieconlisk #aaronrodriguez  #sauceboss666 #goatstheduck #eatahillofducks",yes,"['smex', 'CSA', 'predr', 'TW']","['sex', 'child sexual abuse', 'predator', 'trigger warning']","['C1_Orthographic', 'C3_Formal_Compression', 'C3_Formal_Compression', 'C3_Formal_Compression']","[""Segmentation_Noise_Insertion"", ""Initialism_Acronym"", ""Lexical_Clipping"", ""Initialism_Acronym""]"
tt-7633855775265393942,"“You’re nothing more than a fkn animal, Saddo, when it all comes down to it. The only thing an animal craves is survival. I’m going to prove it to you.” …. “I’m not wearing a dog collar, S!n!” …. “How sweet you really think you have a fkn choice. On your kn**s, NOW.” 🌶️🕷️🌶️🕷️🌶️🕷️🌶️🕷️🌶️🕷️ Summary💋 The God of Sn & his husband the God of Lst come to earth every Halloween to feast on human depravity. This year, they discover Everest, nicknamed Saddo, because she wants to unalive herself. They enter into an UNHINGED smex sl*ve contract that none of them can ever be freed from 😉🩸 📚 Nympho Notes 🖤 DARK why choose (MMF) 🖤 smex contract 🖤 total ruin (nonc) & claimed 🖤 age gap Follow for more deranged smut. You belong here baby x #darkromancerecs #SpicyBookTok #darkwhychooseromance #darkromancefantasy #forcedproximityromance",yes,"['fkn', 'S!n', 'kn**s', 'Sn', 'Lst', 'unalive', 'smex', 'sl*ve', 'nonc', 'SpicyBookTok']","['fucking', 'sin', 'knees', 'sin', 'lust', 'die by suicide', 'sex', 'slave', 'non-consensual sex / non-consent', 'sexually explicit / steamy romance BookTok content']","['C3_Formal_Compression', 'C1_Orthographic', 'C1_Orthographic', 'C3_Formal_Compression', 'C3_Formal_Compression', 'C8_Semantic_Circumlocution', 'C1_Orthographic', 'C1_Orthographic', 'C3_Formal_Compression', 'C8_Semantic_Circumlocution']","[""Lexical_Clipping"", ""Visual_Similarity_Substitution"", ""Internal_Masking"", ""Lexical_Clipping"", ""Lexical_Clipping"", ""Euphemism"", ""Segmentation_Noise_Insertion"", ""Internal_Masking"", ""Lexical_Clipping"", ""Euphemism""]"
tt-7633852025364630805,bhi❤️#viralvideoo #fourpage #unfreezmyaccount #fyppppppppppppppppppppppp🥀,no,[],[],[],[]
tt-7633775645129968926,"The topic is child labor. Slavery, & smex work. Happy Tuesday btw. #fyp #foryoupage",yes,['smex'],['sex'],['C1_Orthographic'],"[""Segmentation_Noise_Insertion""]"
tt-7633597909635829005,This is just release. To the masses. Because none of this makes sense and I’m afraid of my ex. A MILITARY SERVICE MEMBER. Monsters work for the govt too. Fuck you and this fear and any other pathetic loser who needs to lie to get smex from anyone. Nothing you do or anyone you “pull” will ever make you less pathetic or less of a rapist,yes,['smex'],['sex'],['C1_Orthographic'],"[""Segmentation_Noise_Insertion""]"
tt-7633580377940004098,"Team G-Tomz Movies Production in the building! 🎬✨ ​Nothing beats the joy of coming together to celebrate our own. A massive happy birthday shoutout to the incredible Samuel Smex and the radiant Clara Sylvester! 🎂🎉 ​We aren't just a crew; we’re a family. Watching you both grow and shine is a gift to the whole team. Here’s to more life, more scenes, and more greatness! 🥂🙌 ​#TeamGtomz #BirthdayCelebration #NollywoodFamily #SamuelSmex #ClaraSylvester",no,[],[],[],[]
tt-7633507804824882454,"Just you wait till you get to the rope scene 🤤😏🫦 🌶️🕷️🌶️🕷️🌶️🕷️🌶️🕷️🌶️🕷️🌶️🕷️ Summary🫦 The God of S*n & his husband the God of L*st come to earth every Halloween to feast on human depravity. This year, they discover  Everest, nicknamed Saddo, because she wants to unalive herself. They enter into an UNHINGED smex sl*ve contract that none of them can ever be freed from 😏🩸 📚Nympho Notes  🖤DARK why choose (MMF) 🖤smex contract  🖤total ruin (nonc) & claimed  🖤age gap  Follow for more deranged smut. You belong here baby x #darkromancerecs  Oh nooooo (he’s still going to visit her tonight anyway) 🍑 📚We Shouldn’t  🖤3 bros, 1 woman 🖤st*lker, dads bff & unaliver  🖤SX CLUB owners  🖤SUPER dark & spicy  ⛓️‍💥 in bio or on the zon.  Take 30 seconds check out the special edition & NSFW artwork on my website too. 🤤🤤 I bet you’ll sweat 👀 #darkromancerecs #SpicyBookTok #darkfantasybooks #darkwhychooseromance",yes,"['rope scene', 'S*n', 'L*st', 'unalive', 'smex', 'sl*ve', 'nonc', 'st*lker', 'unaliver', 'SX CLUB', 'spicy', 'SpicyBookTok', , '🍑', '🌶️', '🫦']","['bondage / rope kink scene', 'sin', 'lust', 'die', 'sex', 'slave', 'non-consensual sex / non-consent', 'stalker', 'killer', 'sex club', 'sexually explicit / steamy content', 'sexually explicit / steamy romance BookTok content', 'ass', 'hot', 'horny']","[['C8_Semantic_Circumlocution'], ['C1_Orthographic'], ['C1_Orthographic'], ['C8_Semantic_Circumlocution'], ['C1_Orthographic'], ['C1_Orthographic'], ['C3_Formal_Compression'], ['C1_Orthographic'], ['C8_Semantic_Circumlocution'], ['C3_Formal_Compression'], ['C8_Semantic_Circumlocution'], ['C8_Semantic_Circumlocution'],[ 'C10_Pictorial_Symbolic'], ['C10_Pictorial_Symbolic', 'C9_Metaphor_Metonymy'], ['C10_Pictorial_Symbolic' ]]","[[""Periphrasis""], [""Internal_Masking""], [""Internal_Masking""], [""Euphemism""], [""Segmentation_Noise_Insertion""], [""Internal_Masking""], [""Lexical_Clipping""], [""Internal_Masking""], [""Euphemism""], [""Lexical_Clipping""], [""Euphemism""], [""Euphemism""], [""Referential_Iconicity""], [""Referential_Iconicity"", ""Metaphorical_Mapping""], [""Referential_Iconicity""]]"
tt-7633505793530219798,"It’s me, I’m girls 🥰🥰 Books with we-pon play  📚Death’s New Pet  🖤God of Death x serial unaliver FMC  🖤Owns her soul / claimed  🖤🪦yard 🌽 🖤they hunt down all her enemies  📚Deflowering Delphi  🖤vrgn priestess x merciless God 🖤forced prox / k!dn*pping 🖤you’re MINE / claimed  🖤he destroys the world hunting her  📚Nympho Notes  🖤DARK why choose (MMF) 🖤smex contract  🖤total ruin (nonc) & claimed  🖤age gap  📚Breaking Broken  🖤FF pitch black & school bully  🖤vrgn FMC X s🫦x demon FMC 🖤total ruin (nonc) & revenge plot  🖤fated mates  Dark standalones in the same fantasy world. Read in any order. Just follow the ache, baby  👅 And did you know these are all available in black pages & NSFW edition? Exclusively through URL 🤩⛓️ #smutbook #darkromancebooks #SpicyBookTok #readersofbooktok #darkromancerecs",yes,"['we-pon', 'serial unaliver', '🪦yard 🌽', 'vrgn', 'k!dn*pping', 'smex', 'nonc', 's🫦x',  'smutbook', 'SpicyBookTok']","['weapon', 'serial killer', 'graveyard porn', 'virgin', 'kidnapping', 'sex', 'non-consensual sex / non-consent', 'sex', 'sexually explicit book content', 'sexually explicit / steamy romance BookTok content']","[['C1_Orthographic'], ['C8_Semantic_Circumlocution'], ['C10_Pictorial_Symbolic', 'C2_Phonetic'], ['C3_Formal_Compression'], ['C1_Orthographic', 'C1_Orthographic'], ['C1_Orthographic'], ['C10_Pictorial_Symbolic'], ['C3_Formal_Compression'], ['C5_Sign_Reassignment'], ['C8_Semantic_Circumlocution']]","[[""Internal_masking""], [""Euphemism""], [""Name_Based_Pictographic_Mapping"", ""Near_Homophone_Drift""], [""Lexical_Clipping""], [""Visual_Similarity_Substitution"", ""Internal_Masking""], [""Segmentation_Noise_Insertion""], [""Pictographic_Character_Substitution""], [""Initialism_Acronym""], [""Lexical_Reassignment""], [""Euphemism""]]"
tt-7633492055729147158,"My fav unhinged Gods 🤤🤤 📚Death’s New Pet  🖤God of Death x serial unaliver FMC  🖤Owns her soul / claimed  🖤🪦yard 🌽 🖤they hunt down all her enemies  📚Deflowering Delphi  🖤vrgn priestess x merciless God 🖤forced prox / k!dn*pping 🖤you’re MINE / claimed  🖤he destroys the world hunting her  📚Nympho Notes  🖤DARK why choose (MMF) 🖤smex contract  🖤total ruin (nonc) & claimed  🖤age gap  📚Breaking Broken  🖤FF pitch black & school bully  🖤vrgn FMC X s🫦x demon FMC 🖤total ruin (nonc) & revenge plot  🖤fated mates  📚Somno Slave 🖤criminal sleep demon x therapist  🖤LOTS of somnophilia  🖤total ruin & n con / dub con  🖤psychological domination  You can pre order yours now!  ⛓️‍💥 in bio  Dark standalones in the same fantasy world. Read in any order. Just follow the ache, baby  👅 And did you know these are all available in black pages & NSFW edition? Exclusively through URL 🤩⛓️ #smutbook #SpicyBookTok #darkromancebooks #darkromancefantasy #fatedmatesromance",yes,"['serial unaliver', '🪦yard 🌽', 'vrgn', 'k!dn*pping', 'smex', 'nonc', 's🫦x', 'n con', 'dub con', 'smutbook', 'SpicyBookTok']","['serial killer', 'graveyard porn', 'virgin', 'kidnapping', 'sex', 'non-consensual sex / non-consent', 'sex', 'non-con / non-consent', 'dubious consent', 'sexually explicit book content', 'sexually explicit / steamy romance BookTok content']","[['C8_Semantic_Circumlocution'], ['C10_Pictorial_Symbolic', 'C2_Phonetic'], ['C3_Formal_Compression'], ['C1_Orthographic', 'C1_Orthographic'], ['C1_Orthographic'], ['C3_Formal_Compression'], ['C10_Pictorial_Symbolic'], ['C3_Formal_Compression'], ['C3_Formal_Compression'], ['C5_Sign_Reassignment'],['C8_Semantic_Circumlocution']]","[[""Euphemism""], [""Name_Based_Pictographic_Mapping"", ""Near_Homophone_Drift""], [""Lexical_Clipping""], [""Visual_Similarity_Substitution"", ""Internal_Masking""], [""Segmentation_Noise_Insertion""], [""Lexical_Clipping""], [""Pictographic_Character_Substitution""], [""Lexical_Clipping""], [""Lexical_Clipping""], [""Lexical_Reassignment""], [""Euphemism""]]"
tt-7633399833893637389,I like the haircut #fyppppp #fatigue #racist #hairtok #smex,no,,,,[]
tt-7633388099518631190,"Oh go on then I’ll give you some of the most depraved recs 🤤🤤 Save for later 😏 📚Death’s New Pet  🖤God of Death x serial unaliver FMC  🖤Owns her soul / claimed  🖤🪦yard 🌽 🖤they hunt down all her enemies  📚Deflowering Delphi  🖤vrgn priestess x merciless God 🖤forced prox / k!dn*pping 🖤you’re MINE / claimed  🖤he destroys the world hunting her  📚Nympho Notes  🖤DARK why choose (MMF) 🖤smex contract  🖤total ruin (nonc) & claimed  🖤age gap  📚Breaking Broken  🖤FF pitch black & school bully  🖤vrgn FMC X s🫦x demon FMC 🖤total ruin (nonc) & revenge plot  🖤fated mates  📚Somno Slave 🖤criminal sleep demon x therapist  🖤LOTS of somnophilia  🖤total ruin & n con / dub con  🖤psychological domination  You can pre order yours now!  ⛓️‍💥 in bio  Dark standalones in the same fantasy world. Read in any order. Just follow the ache, baby  👅 And did you know these are all available in black pages & NSFW edition? Exclusively through URL 🤩⛓️ #darkromancerecs #SpicyBookTok #forcedproximityromance #darkfantasyromance #darkromancefantasy",yes,"['serial unaliver', '🪦yard 🌽', 'vrgn', 'k!dn*pping', 'smex', 'nonc', 's🫦x', 'n con', 'dub con', 'SpicyBookTok']","['serial killer', 'graveyard porn', 'virgin', 'kidnapping', 'sex', 'non-consensual sex / non-consent', 'sex', 'non-con / non-consent', 'dubious consent', 'sexually explicit / steamy romance BookTok content']","[['C8_Semantic_Circumlocution'], ['C10_Pictorial_Symbolic', 'C2_Phonetic'], ['C3_Formal_Compression'], ['C1_Orthographic', 'C1_Orthographic'], ['C1_Orthographic'], ['C3_Formal_Compression'], ['C10_Pictorial_Symbolic'], ['C3_Formal_Compression'], ['C3_Formal_Compression'], ['C8_Semantic_Circumlocution']]","[[""Euphemism""], [""Name_Based_Pictographic_Mapping"", ""Near_Homophone_Drift""], [""Lexical_Clipping""], [""Visual_Similarity_Substitution"", ""Internal_Masking""], [""Segmentation_Noise_Insertion""], [""Lexical_Clipping""], [""Pictographic_Character_Substitution""], [""Lexical_Clipping""], [""Lexical_Clipping""], [""Euphemism""]]"
tt-7633345246331456798,Yall say yall hate my job and i should be ashamed as a mom RIGHT BUT WHEN NY FIRST LOVE BEAT ME TO A BLOODY PULP I BECAME SKRIPPA AND A PHONE SMEX OPERATOR TO SURVIVE!!!,yes,"['SKRIPPA', 'smex']","['stripper', 'sex']","['C2_Phonetic', 'C1_Orthographic']","[""Near_Homophone_Drift"", ""Segmentation_Noise_Insertion""]"
tt-7633312097694272790,"You can’t read this one in public 😳🫦 💀⛓️‍💥💀⛓️‍💥💀⛓️‍💥💀⛓️‍💥💀⛓️‍💥 🖤⛓️‍💥 Death’s New Pet by Holly Guy⛓️‍💥🖤 The God of Death k!dn*ps a serial unaliver woman, and turns her into his smex pet 🫦 📚Death’s New Pet  🖤God of Death x serial unaliver FMC  🖤Owns her soul / claimed  🖤🪦yard 🌽 🖤they hunt down all her enemies  Special editions exclusively available through my website! Free UK shipping. ❤️ Jumpers, t-shirts & sweatshirts available through my website 🍑 💀⛓️‍💥💀⛓️‍💥💀⛓️‍💥💀⛓️‍💥💀⛓️‍💥 Ate this one up and need MORE? 🤤 Spread your pages for the rest of the ‘love after life’ series… FIVE deranged dark romance standalones set in the same fantasy world. Each novel focuses on a different depraved relationship. Read in any order. Just follow the ache 😏 🖤Death’s New Pet 🖤Deflowering Delphi  🖤Nympho Notes 🖤Breaking Broken 🖤Somno Slave Check pinned for more details 🤤 #darkromancerecs #SpicyBookTok #forcedproximityromance #darkfantasyromance #darkromancefantasy",yes,"['k!dn*ps', 'serial unaliver', 'smex', '🪦yard 🌽', 'SpicyBookTok']","[ 'kidnaps', 'serial killer', 'sex', 'graveyard porn', 'sexually explicit / steamy romance BookTok content']","[ ['C1_Orthographic', 'C1_Orthographic'], ['C8_Semantic_Circumlocution'], ['C1_Orthographic'], ['C10_Pictorial_Symbolic', 'C2_phonetic'], ['C8_Semantic_Circumlocution']]","[[""Visual_Similarity_Substitution"", ""Internal_Masking""], [""Euphemism""], [""Segmentation_Noise_Insertion""], [""Name_Based_Pictographic_Mapping"", ""Near_Homophone_Drift""], [""Euphemism""]]"
tt-7633310954305883414,"My fav is when he unalives HER fudges her over her gravestone 😳🫦 💀⛓️‍💥💀⛓️‍💥💀⛓️‍💥💀⛓️‍💥💀⛓️‍💥 🖤⛓️‍💥 Death’s New Pet by Holly Guy⛓️‍💥🖤 The God of Death k!dn*ps a serial unaliver woman, and turns her into his smex pet 🫦 📚Death’s New Pet  🖤God of Death x serial unaliver FMC  🖤Owns her soul / claimed  🖤🪦yard 🌽 🖤they hunt down all her enemies  Special editions exclusively available through my website! Free UK shipping. ❤️ Jumpers, t-shirts & sweatshirts available through my website 🍑 💀⛓️‍💥💀⛓️‍💥💀⛓️‍💥💀⛓️‍💥💀⛓️‍💥 Ate this one up and need MORE? 🤤 Spread your pages for the rest of the ‘love after life’ series… FIVE deranged dark romance standalones set in the same fantasy world. Each novel focuses on a different depraved relationship. Read in any order. Just follow the ache 😏 🖤Death’s New Pet 🖤Deflowering Delphi  🖤Nympho Notes 🖤Breaking Broken 🖤Somno Slave Check pinned for more details 🤤 #darkromancerecs #SpicyBookTok #forcedproximityromance #darkfantasyromance #darkromancefantasy",yes,"['unalives', 'fudges', 'k!dn*ps', 'serial unaliver', 'smex', '🪦yard 🌽', 'SpicyBookTok']","['kills / murders', 'fucks / has sex with', 'kidnaps', 'serial killer', 'sex', 'graveyard porn', 'sexually explicit / steamy romance BookTok content']","[['C8_Semantic_Circumlocution'], ['C2_Phonetic'], ['C1_Orthographic', 'C1_Orthographic'], ['C8_Semantic_Circumlocution'], ['C1_Orthographic'], ['C10_Pictorial_Symbolic', 'C2_Phonetic'], ['C8_Semantic_Circumlocution']]","[[""Euphemism""], [""Near_Homophone_Drift""], [""Visual_Similarity_Substitution"", ""Internal_Masking""], [""Euphemism""], [""Segmentation_Noise_Insertion""], [""Name_Based_Pictographic_Mapping"", ""Near_Homophone_Drift""], [""Euphemism""]]"
tt-7633214062112935190,"im js a girl 😖 (im not) || #ex #smex #cracking

You mean why has it been quieter? Yes, that's a great question. I've been wondering that myself.",yes,['smex'],['sex'],['C1_Orthographic'],"[""Segmentation_Noise_Insertion""]"
tt-7633183420696251661,"#304 #sexvy #weird #smex #hotline

I'm just gonna keep getting hotter and weirder and ain't nobody gonna stop me. Type yes to affirm.",yes,"['304', 'sexvy', 'smex']","['hoe / sexually promiscuous person', 'sexy / sexually attractive', 'sex']","['C1_Orthographic', 'C1_Orthographic', 'C1_Orthographic']","[""Inversion_Based_Glyph_Encoding"", ""Segmentation_Noise_Insertion"", ""Segmentation_Noise_Insertion""]"
tt-7633168180466191629,"Derby is also Ky’s largest event for smex trafficking, alongside the farm and machinery show. #derby #empath #runfortheroses #spirituality #louisville",yes,['smex'],['sex'],['C1_Orthographic'],"[""Segmentation_Noise_Insertion""]"
tt-7633147473199942934,"🖤⛓️‍💥 Death’s New Pet by Holly Guy⛓️‍💥🖤 The God of Death k!dn*ps a serial unaliver woman, and turns her into his smex pet 🫦 Jumpers, t-shirts & sweatshirts available through my website 🍑 📚Death’s New Pet  🖤God of Death x serial unaliver FMC  🖤Owns her soul / claimed  🖤🪦yard 🌽 🖤they hunt down all her enemies  Special editions exclusively available through my website! Free UK shipping. ❤️ 💀⛓️‍💥💀⛓️‍💥💀⛓️‍💥💀⛓️‍💥💀⛓️‍💥 Ate this one up and need MORE? 🤤 Spread your pages for the rest of the ‘love after life’ series… FIVE deranged dark romance standalones set in the same fantasy world. Each novel focuses on a different depraved relationship. Read in any order. Just follow the ache 😏 🖤Death’s New Pet 🖤Deflowering Delphi  🖤Nympho Notes 🖤Breaking Broken 🖤Somno Slave Check pinned for more details 🤤 #darkromancerecs #SpicyBookTok #forcedproximityromance #darkfantasyromance #darkromancefantasy",yes,"['k!dn*ps', 'serial unaliver', 'smex', '🪦yard 🌽', 'SpicyBookTok']","['kidnaps', 'serial killer', 'sex', 'graveyard porn', 'sexually explicit / steamy romance BookTok content']","[['C1_Orthographic', 'C1_Orthographic'], ['C8_Semantic_Circumlocution'], ['C1_Orthographic'], ['C10_Pictorial_Symbolic', 'C2_Phonetic'], 'C8_Semantic_Circumlocution']","[[""Visual_Similarity_Substitution"", ""Internal_Masking""], ""Euphemism"", ""Segmentation_Noise_Insertion"", [""Name_Based_Pictographic_Mapping"", ""Near_Homophone_Drift""], ""Euphemism""]"
tt-7633129647424687382,"This freaking book 🤤🤤 It’s deliciousssss 💀⛓️‍💥💀⛓️‍💥💀⛓️‍💥💀⛓️‍💥💀⛓️‍💥 🖤⛓️‍💥 Death’s New Pet by Holly Guy⛓️‍💥🖤 The God of Death k!dn*ps a serial unaliver woman, and turns her into his smex pet 🫦 Jumpers, t-shirts & sweatshirts available through my website 🍑 📚Death’s New Pet  🖤God of Death x serial unaliver FMC  🖤Owns her soul / claimed  🖤🪦yard 🌽 🖤they hunt down all her enemies  Special editions exclusively available through my website! Free UK shipping. ❤️ 💀⛓️‍💥💀⛓️‍💥💀⛓️‍💥💀⛓️‍💥💀⛓️‍💥 Ate this one up and need MORE? 🤤 Spread your pages for the rest of the ‘love after life’ series… FIVE deranged dark romance standalones set in the same fantasy world. Each novel focuses on a different depraved relationship. Read in any order. Just follow the ache 😏 🖤Death’s New Pet 🖤Deflowering Delphi  🖤Nympho Notes 🖤Breaking Broken 🖤Somno Slave Check pinned for more details 🤤 #darkromancerecs #SpicyBookTok #forcedproximityromance #darkfantasyromance #darkromancefantasy",yes,"['k!dn*ps', 'serial unaliver', 'smex', '🪦yard 🌽', 'SpicyBookTok']","['kidnaps', 'serial killer', 'sex', 'graveyard porn', 'sexually explicit / steamy romance BookTok content']","[['C1_Orthographic', 'C1_Orthographic'], ['C8_Semantic_Circumlocution'], ['C1_Orthographic'], ['C10_Pictorial_Symbolic', 'C2_Phonetic'], 'C8_Semantic_Circumlocution']","[[""Visual_Similarity_Substitution"", ""Internal_Masking""], ""Euphemism"", ""Segmentation_Noise_Insertion"", [""Name_Based_Pictographic_Mapping"", ""Near_Homophone_Drift""], ""Euphemism""]"
tt-7633110915566669078,"""Do you really think that I'm going to let you k-ll yourself before I'm done with you, Saddo? Your body is mine; your tears are mine; your exm is mine. That means your fudging death is mine too.” 🤤 the God of Sin, when the God of Lust told him that Everest plans on 💀 herself.. 📚Nympho Notes  🖤DARK why choose (MMF) 🖤smex contract  🖤total ruin (nonc) & claimed  🖤God of Sin (M) & God of Lust (M) + their play thing (F)  Remember… you belong here. Follow for more darkness 🫦 #darkromancerecs #SpicyBookTok #forcedproximityromance #whychooseromancebooks #darkromancefantasy",yes,"['💀 herself', 'smex', 'SpicyBookTok']","['suicide', 'sex',  'sexually explicit / steamy romance BookTok content']","['C10_Pictorial_Symbolic', 'C1_Orthographic', 'C8_Semantic_Circumlocution']","[ ""Referential_Iconicity"", ""Segmentation_Noise_Insertion"", ""Euphemism""]"
tt-7633069445639884046,saving myself for smex #less #is #more,yes,['smex'],['sex'],['C1_Orthographic'],"[""Segmentation_Noise_Insertion""]"
tt-7633061305192140046,"How is this allowed TikTok?? I can’t even report this video. This kind of thing should not be advertised to children on this app.  You take down my lives because I’m a woman and I’m wearing a tank top, but leave ads showing people how to make SMEX videos with AI? Bizarre. #tiktok #ai #advertisement @USER",yes,['smex'],['sex'],['C1_Orthographic'],"[""Segmentation_Noise_Insertion""]"
tt-7633060271078001933,ex smex worker/ addict / 🍇 survivor / dv survivor/ p3d0 baby dad survivor/ p3d0 father survivor/ narc mom survivor ❤️ MF WARRIOR 💪  #WOMBCOVENANT #AWAKENEDMOTHERSUNITED #STAYATHOMEGODDESS #mothersoftiktok #DEESMEN,yes,"['smex', '🍇', 'dv', 'p3d0', 'narc', 'MF']","['sex', 'rape', 'domestic violence', 'pedo / pedophile', 'narcissist / narcissistic', 'motherfucking']","[['C1_Orthographic'], ['C10_Pictorial_Symbolic', 'C2_Phonetic'], ['C3_Formal_Compression'], ['C1_Orthographic', 'C3_Formal_Compression'], ['C3_Formal_Compression'], ['C3_Formal_Compression']]","[""Segmentation_Noise_Insertion"", [""Name_Based_Emoji_Mapping"", ""Near_Homophone_Drift""], ""Initialism_Acronym"", [""Visual_Similarity_Substitution"", ""Lexical_Clipping""], ""Lexical_Clipping"", ""Initialism_Acronym""]"
tt-7632855479265348877,"#stitch with @USER Deidre #greenscreen when men don't feel valued and supported, they will not see the value in others. Men in America have been taught to disrespect women instead of fighting the men that made it this way, the evil men made sure that regular men don't have healthcare on a regular basis. These men won't seek help, especially black men, because they don't trust our  Medical system because of all the things that white men have done to black men which we should understand but they will not take pride in their own mental health, their own being.They won't have a full life , because their only thinking about money smex and power #klaythompson #americanmenareevil #megantheestallion",yes,['smex'],['sex'],['C1_Orthographic'],"[""Segmentation_Noise_Insertion""]"
tt-7632832301499485471,My baby daddy crashed out about me going on one date AFTER we divorced MEANWHILE he was actively cheating on me with smex workers and girls on Snapchat WHILE WE WERE MARRIED #themathaintmathin #babydaddyproblems #drafts,yes,['smex'],['sex'],['C1_Orthographic'],"[""Segmentation_Noise_Insertion""]"
tt-7632804195346812191,You parade around like a smex worker then shocked you get cheated on #megantheestallion #klaythompson,yes,['smex'],['sex'],['C1_Orthographic'],"[""Segmentation_Noise_Insertion""]"
tt-7632798624073649421,smex education #smex #educationpurpose,yes,['smex'],['sex'],['C1_Orthographic'],"[""Segmentation_Noise_Insertion""]"
tt-7632745694092201238,"Be warned with this series, smut bunnies. You’ll get addicted 🤤 📚Death’s New Pet  🖤God of Death x serial unaliver FMC  🖤Owns her soul / claimed  🖤🪦yard 🌽 🖤they hunt down all her enemies  📚Deflowering Delphi  🖤vrgn priestess x merciless God 🖤forced prox / k!dn*pping 🖤you’re MINE / claimed  🖤he destroys the world hunting her  📚Nympho Notes  🖤DARK why choose (MMF) 🖤smex contract  🖤total ruin (nonc) & claimed  🖤age gap  📚Breaking Broken  🖤FF pitch black & school bully  🖤vrgn FMC X s🫦x demon FMC 🖤total ruin (nonc) & revenge plot  🖤fated mates  📚Somno Slave 🖤criminal sleep demon x therapist  🖤LOTS of somnophilia  🖤total ruin & n con / dub con  🖤psychological domination  You can pre order yours now!  ⛓️‍💥 in bio  Dark standalones in the same fantasy world. Read in any order. Just follow the ache, baby  👅 And did you know these are all available in black pages & NSFW edition? Exclusively through URL 🤩⛓️ #darkromancerecs #SpicyBookTok #forcedproximityromance #darkfantasyromance #whychooseromancebooks",yes,"['serial unaliver', '🪦yard 🌽', 'vrgn', 'k!dn*pping', 'smex', 'nonc', 's🫦x', 'n con', 'dub con', 'SpicyBookTok']","['serial killer', 'graveyard porn', 'virgin', 'kidnapping', 'sex', 'non-consensual sex', 'sex', 'non-consent', 'dubious consent', 'sexually explicit / steamy romance BookTok content']","['C8_Semantic_Circumlocution', ['C10_Pictorial_Symbolic', 'C2_Phonetic'], 'C3_Formal_Compression', ['C1_Orthographic', 'C1_Orthographic'], 'C1_Orthographic', 'C3_Formal_Compression', 'C10_Pictorial_Symbolic', 'C3_Formal_Compression', 'C3_Formal_Compression', 'C8_Semantic_Circumlocution']","[""Euphemism"", [""Name_Based_Pictographic_Mapping"", ""Near_Homophone_Drift""], ""Lexical_Clipping"", [""Visual_Similarity_Substitution"", ""Internal_Masking""], ""Segmentation_Noise_Insertion"", ""Lexical_Clipping"", ""Pictographic_Character_Substitution"", ""Lexical_Clipping"", ""Initialism_Acronym"", ""Euphemism""]"
tt-7632742753411042582,"WTF😭🕷️ ….. “You’re nothing more than a fkn animal, Saddo, when it all comes down to it. The only thing an animal craves is survival. I’m going to prove it to you.”  …. “ I’m not wearing a dog collar, S!n!”  …. “How sweet you really think you have a fkn choice. On your kn**s, NOW.” 🌶️🕷️🌶️🕷️🌶️🕷️🌶️🕷️🌶️🕷️🌶️🕷️ Summary🫦 The God of S*n & his husband the God of L*st come to earth every Halloween to feast on human depravity. This year, they discover  Everest, nicknamed Saddo, because she wants to unalive herself. They enter into an UNHINGED smex sl*ve contract that none of them can ever be freed from 😏🩸 📚Nympho Notes  🖤DARK why choose (MMF) 🖤smex contract  🖤total ruin (nonc) & claimed  🖤age gap  Follow for more deranged smut. You belong here baby x #darkromancerecs  #SpicyBookTok #darkwhychooseromance #darkromancefantasy #forcedproximityromance",yes,"['fkn', 'S!n', 'kn**s', 'S*n', 'L*st', 'unalive herself', 'smex', 'sl*ve', 'nonc', 'SpicyBookTok']","['fucking', 'Sin', 'knees', 'Sin', 'Lust', 'kill herself / die by suicide', 'sex', 'slave', 'non-consensual sex / non-consent', 'sexually explicit / steamy romance BookTok content']","['C3_Formal_Compression', 'C1_Orthographic', 'C1_Orthographic', 'C1_Orthographic', 'C1_Orthographic', 'C8_Semantic_Circumlocution', 'C1_Orthographic', 'C1_Orthographic', 'C3_Formal_Compression', ['C8_Semantic_Circumlocution', 'C6_Morpho_Lexical']]","[""Lexical_Clipping"", ""Visual_Similarity_Substitution"", ""Internal_Masking"", ""Internal_Masking"", ""Internal_Masking"", ""Euphemism"", ""Segmentation_Noise_Insertion"", ""Internal_Masking"", ""Lexical_Clipping"", [""Euphemism"", ""Blending""]]"
tt-7632741947706199309,"We always have a good laugh, like the post and I’ll show you yesterdays find 😂🤣🤣  I didn’t even know they made a drilling smex machine 😳😬 looks painful lmao 🤣",yes,"['drilling', 'smex']","['penetrative sex / sexual thrusting motion', 'sex']","['C9_Metaphor_Metonymy', 'C1_Orthographic']","[""Metaphorical_Mapping"", ""Segmentation_Noise_Insertion""]"
tt-7632741747256266006,"Idkkkk what do you think? 😏👀🕷️ 📚Death’s New Pet  🖤God of Death x serial unaliver FMC  🖤Owns her soul / claimed  🖤🪦yard 🌽 🖤they hunt down all her enemies  📚Deflowering Delphi  🖤vrgn priestess x merciless God 🖤forced prox / k!dn*pping 🖤you’re MINE / claimed  🖤he destroys the world hunting her  📚Nympho Notes  🖤DARK why choose (MMF) 🖤smex contract  🖤total ruin (nonc) & claimed  🖤age gap  📚Breaking Broken  🖤FF pitch black & school bully  🖤vrgn FMC X s🫦x demon FMC 🖤total ruin (nonc) & revenge plot  🖤fated mates  📚Somno Slave 🖤criminal sleep demon x therapist  🖤LOTS of somnophilia  🖤total ruin & n con / dub con  🖤psychological domination  You can pre order yours now!  ⛓️‍💥 in bio  📚We Shouldn’t  🖤3 bros, 1 woman 🖤st*lker, dads bff & unaliver  🖤SX CLUB owners  🖤SUPER dark & spicy  This is a throw back 🤤 📚 Please Don’t Make Me K!ll Him by Holly Guy  🖤serial unaliver FMC 🖤why choose (MFM) 🖤bad boy enemy x good boy 1st love 🖤she hiccups when she … Remember… you belong here. Follow for more darkness 🫦 #darkromancerecs  ""Do you really think that I'm going to let you k-ll yourself before I'm done with you, Saddo? Your body is mine; your tears are mine; your exm is mine. That means your focking death is mine too.” 🤤 the God of Sin, when the God of Lust told him that Everest plans on 💀 herself.. 📚Nympho Notes  🖤DARK why choose (MMF) 🖤smex contract  🖤total ruin (nonc) & claimed  🖤God of Sin (M) & God of Lust (M) + their play thing (F)  Remember… you belong here. Follow for more darkness 🫦 #darkromancerecs  #SpicyBookTok #forcedproximityromance #darkfantasyromance",yes,"['serial unaliver', '🪦yard 🌽', 'vrgn', 'k!dn*pping', 'smex', 'nonc', 's🫦x', 'n con', 'dub con', 'st*lker', 'unaliver', 'SX CLUB', 'spicy', 'K!ll', 'k-ll', 'focking', '💀 herself', 'SpicyBookTok']","['serial killer', 'graveyard porn', 'virgin', 'kidnapping', 'sex', 'non-consensual sex / non-consent', 'sex', 'non-con / non-consent', 'dubious consent', 'stalker', 'killer', 'sex club', 'sexually explicit / steamy content', 'kill', 'kill', 'fucking', 'kill herself / die by suicide', 'sexually explicit / steamy romance BookTok content']","['C8_Semantic_Circumlocution', ['C10_Pictorial_Symbolic', 'C2_Phonetic'], 'C3_Formal_Compression', ['C1_Orthographic', 'C1_Orthographic'], 'C1_Orthographic', 'C3_Formal_Compression', 'C10_Pictorial_Symbolic', 'C3_Formal_Compression', 'C3_Formal_Compression', 'C1_Orthographic', 'C8_Semantic_Circumlocution', 'C3_Formal_Compression', 'C8_Semantic_Circumlocution', 'C1_Orthographic', 'C1_Orthographic', 'C2_Phonetic', ['C10_Pictorial_Symbolic', 'C8_Semantic_Circumlocution'], 'C8_Semantic_Circumlocution']","[""Euphemism"", [""Name_Based_Pictographic_Mapping"", ""Near_Homophone_Drift""], ""Lexical_Clipping"", [""Visual_Similarity_Substitution"", ""Internal_Masking""], ""Segmentation_Noise_Insertion"", ""Lexical_Clipping"", ""Pictographic Character Substitution"", ""Lexical_Clipping"", ""Lexical_Clipping"", ""Internal_Masking"", ""Euphemism"", ""Lexical_Clipping"", ""Euphemism"", ""Visual_Similarity_Substitution"", ""Internal_Masking"", ""Near_Homophone_Drift"", [""Referential_Iconicity"", ""Euphemism""], ""Euphemism""]"
tt-7632722288109997325,"I hate seeing these pedos out here commenting ""Nice buds"" or ""I love [color]"" or ""She's ready"". They are literal children and not smex objects. I need a real reporting pro to teach me how to report these sickos. My DMs are open.",yes,"['pedos', 'buds', 'smex']","['pedophiles', 'breast/chest development or sexualized body reference', 'sex']","['C3_Formal_Compression', 'C5_Sign_Reassignment', 'C1_Orthographic']","[""Lexical_Clipping"", ""Lexical_Reassignment"", ""Segmentation_Noise_Insertion""]"
tt-7633964145745890580,Dm to order 07049178709 #girlythings #fypシ゚ #goviral,no,[],[],[],[]
tt-7633964132957523214,creator search insights #najthoughts #fyppppppppppppppppppppppp #girlythings #fyp  🖤,yes,['girlythings'],['sexualized feminine/girl content / suggestive girl content'],['C8_Semantic_Circumlocution'],"[""Strategic_Vagueness""]"
tt-7633964123373522207,if you know you know #fyp #foryoupage #girlythings #mentalhealth #dietcoke,no,[],[],[],[]
tt-7633964101873454366,I love our bond and I’m so thankful for you🩷✨ #sisters #fyp #bestfriend @USER Moorman #girlythings,no,[],[],[],[]
tt-7633964066112867597,The toothpaste switch that fixed my yellow teeth in weeks #0428mouthology #healthysmile #teethwhitening #wellnesstips #routine girlythings dentalessentials,no,[],[],[],[]
tt-7633963815641550093,Best pump cover #hijabitiktok #gymhumor #arabtok #girlythings,no,[],[],[],[]
tt-7633963690894675230,Scoot scoot #fyp #viral #gasstation #girlythings,no,[],[],[],[]
tt-7633963623919930654,girly things✨✨✨ #foryoupage #girlblogger #girlythings #fyp #aesthetic,no,[],[],[],[]
tt-7633963362828766495,Shoe Haul! Thank You @USER ! #teenagersbelike #middleschool #teen #outfitinspo #girlythings,no,[],[],[],[]
tt-7633963320847994142,thee ladies!!  @USER❤️ @USER  #pittsburgh #cutesy #girlythings #expensive #classy,no,[],[],[],[]
tt-7633963238958337288,Girls Therapy✨🧸🎀🫧🍦  #girlssupportgirls #girlythings #girlstherapy #girlytok,no,[],[],[],[]
tt-7633963237205183774,sometimes I just think… gas ain’t gonna pump itself #girlythings #womensupportingwomen #boots,no,[],[],[],[]
tt-7633963192682646815,The list could go on forever and ever . . #top5horrormovies #girlythings #horrormovies #top5horrormoviesofmylife #relateable,no,[],[],[],[]
tt-7633963003578240270,POV: You finally found the toothpaste that actually works for coffee lovers ☕️✨ #0428mouthology #healthysmile #teethwhitening #wellnesstips #routine girlythings dentalessentials,no,[],[],[],[]
tt-7633962909797846302,it’s the little things hallelujah!!! 💖 #girlythings #hallelujah #postpartum,no,[],[],[],[]
tt-7633962896304655630,a girl and her trash car #trash #girlythings,no,[],[],[],[]
tt-7633962793766522143,"""no this is a fresh sweat set! what are you talking about, it looks slept in??"" 🤭😘😅 #imliterallyjustagirl #girlythings #girlhoodaesthetic #girlhoodcore #imjustagirl",no,[],[],[],[]
tt-7633962740528270622,i can’t feel my legs now if you were wondering😅 #brevardcountyflorida #bodybuilderboyfriend #girlythings #couplegoals #relationship,no,[],[],[],[]
tt-7633962531853208862,a good blowout heals all #girlythings #nyc #blowout #relatable #girlhood,no,[],[],[],[]
tt-7633962244035923214,"Okay this one is a STEAL!!! #tumbler #tumblersoftiktok #girlythings #travelmug #nayad

This cup was made for the girls. So you order a cup, and you get two hair clips and a cute little scrunchie. So what do you mean you get hair stuff with the cup, y'all? You literally get that when you order the cup. This one can fit in a cup holder, and it also has the handle that turns in so you can save room. And it comes with the little Chapstick holder on the side. And then when you didn't think it could get better, it didn't come with one. But it comes with two little cute straws, so you can put the straw in it, or you can push it back and have a sip. Cup. This one is so cute. You are definitely getting your money's worth on this one. I'm about to drop this one at the bottom for you.",no,[],[],[],[]
tt-7633962145218137357,"added to my Shades Collection😎#tiktokshop #trending #girlythings

Stop it right now. You're really gonna tell me you don't have the trending shades on TikTok? Come on. Look at these girls. They're not even $5. Do yourself a favor, and if you see that orange car below, girl at it, buy it. And don't ever say I never put you on, all right? I love you.",no,[],[],[],[]
tt-7633962144899321102,Girl dinner 🤤😁 . . . #girlythings  #dinnertime  #easttennessee  #countrylifestyle,no,[],[],[],[]
tt-7633962058094103821,Post bike ride Waffle House trip 🚲#girlythings,no,[],[],[],[]
tt-7633961977982848276,backless top recoo@_certifiedyours #gymrat #gymgirls #girlythings,no,[],[],[],[]
tt-7633961871787314446,POV: You finally found the toothpaste that actually works for coffee lovers ☕️✨ #0428mouthology #oralhealthtips #toothpaste #girlythings #selfcare beautyessentials dentalhealth,no,[],[],[],[]
tt-7633961843261836558,makeup hacks #softgirl #throwback #girlythings #pinkaesthetic,no,[],[],[],[]
tt-7633961663221288223,Theme is ✨CITY LIFE✨ #citygirl #citylife #nyc #aestheticedits #girlythings,no,[],[],[],[]
tt-7633961557352926484,weekend vibes #routine #girlythings #foryou #fyp ,no,[],[],[],[]
tt-7633961551916993806,I love my home 💙🌇🦉 #city #girlythings #austin #downtown,no,[],[],[],[]
tt-7633961534703635719,Outfit check #ootd #outfit #girls #girlhood #girlythings,no,[],[],[],[]
tt-7633961458920852743,girls support girls #fyppp #girlythings #takeyouthere,no,[],[],[],[]
tt-7633961277232106783,Just answering the questions we all want to know #waxing #salonlife #spa #esthetics #girlythings,no,[],[],[],[]
tt-7633961209905089822,love you cuty 🫶🏼💫💌😚 @USER  #bff #bffgoals #gno #bffforever #girlythings,no,[],[],[],[]
tt-7633961174077279518,phone on dnd while I unbox them too 🙂‍↕️🫶 #sephorasale relatable #makeup #girlythings #fypシ @USER,no,[],[],[],[]
tt-7633961127562579231,"If you have yellow teeth, you need to know about nano-hydroxyapatite 🤯 #0428mouthology #oralhealthtips #toothpaste #girlythings #selfcare beautyessentials dentalhealth",no,[],[],[],[]
tt-7633960807272828173,"#michigan #reltable #girlythings

Now they wanna act like I do no good. Funny, cause I really did more than I should.",no,[],[],[],[]
tt-7633960772074360094,Coffee drinker here & my teeth have never been whiter 🦷💫 #0428mouthology #healthysmile #teethwhitening #wellnesstips #routine girlythings dentalessentials,no,[],[],[],[]
tt-7633960611587558686,That feeling after a fresh set 💅🏻💞✨ #nailinspo #nailart #pink #girlythings #nailtok,no,[],[],[],[]
tt-7634706225254452493,"vivi2freaky arch, vivi arch bed #discordnsf #baddie #fortheboys #viral #discordserver",yes,"['discordnsf', 'vivi2freaky']","['altered form of Discord NSFW / adult Discord server', 'sexualized slang suggesting freaky/NSFW content']","[['C6_Morpho_Lexical', 'C3_Formal_Compression'], ['C2_Phonetic', 'C5_Sign_Reassignment']]","[[""Blending"", ""Initialism_Acronym""], [""Alphanumeric_Rebus"", ""Lexical_Reassignment""]]"
tt-7634704784536243487,you got it #fyp #fortheboys,no,[],[],[],[]
tt-7634703504396913934,join me soon #discordnsf #fyp #foryoupage #discordserver #fortheboys,no,[],[],[],[]
tt-7634702798889798943,got your back #bringbacklegitground #makethisviral #fortheboys #boys #mabyeviral,no,[],[],[],[]
tt-7634705615784381716,"Transfer helper vs Direct Hire… what’s the difference? 🤔 Many employers hear these terms but don’t fully understand what they actually mean. Which is faster? Which is cheaper? What are the risks and responsibilities involved? Choosing the wrong option for your situation can lead to unnecessary stress, delays, and costs. ⚠️ Understanding the difference helps you make a better decision for your family and household needs. ⚠️ This video is for general educational purposes based on MOM guidelines. For specific cases, please check directly with MOM or consult a licensed employment agency. 💬 Need help understanding which option suits your situation?  👉 Follow for real-life helper cases & advice in Singapore #helpersinsg #helperinsg #singaporehelper #myanmarhelper #indonesianhelper #filipinohelper #transferhelper #maidinsg #maidagency #maidagencysingapore #hirehelper #hiringhelper #employerguide #fdwsingapore #employingahelperinsg #helperagency #domestichelpersg #sghelper #findhelper #firsttimeemployer

Transfer or direct hire, this one decision can make your life easier or much harder. When it comes to hiring a helper, one of the first decisions that you will have to make is to decide whether you want to go for a transfer helper or bring someone in from overseas. A transfer helper is someone who is already in Singapore and is looking for a new employer. The process is usually faster and you get the chance to meet and speak with the helper before you make a decision. That gives you a better sense of whether she fits your household. On the other hand, direct hire means you are bringing a helper from overseas. This gives you a wider pool of candidates which can be useful if you have specific requirements. But of course, the process will take longer and there will be more steps involved, including approvals and travel arrangements. Both options are allowed by m O. F, but the process needs to be done properly. A lot of employers choose based on urgency, but that doesn't all always lead to the best outcome. The right choice really depends on your timeline and your household needs. If you're not sure which option is better for you, we can help you assess and guide you through the process.",no,[],[],[],[]
tt-7634705609278934286,"How to see who your partner is texting with their phone DISCLAIMER: FOR EDUCATIONAL PURPOSES ONLY #Phonespy #remotemonitoring #textingsecrets #Relationshipadvice #fyp

if you think you're being cheated on pay attention to the sign they hide their phone it's always face down always on silent they delete text clear call logs guard their phone like it's a safe full of secrets you glance at their screen they get defensive you ask a simple question they flip it on you why are you checking my phone trust me that's not honesty that's gaslighting and if your gut is telling you something's not right it probably isn't with Lex trace support you don't have to wonder anymore this system helps you uncover the truth clearly quietly and quickly you'll be able to investigate secret messages calls and also keep track of location all in real time visit our TikTok page bio and click the link in bio for more info and learn more about this tech solution",no,[],[],[],[]
tt-7634705594032704789,"#creatorsearchinsights We offer a direct PTE/IELTS certificate without exam with desired score band We do upgrade Your poorly obtained score to your desired score for Visa, PR, and other educational purposes#ptetips #pteaustraliaza #ptetipsandtricks #pteacademic",no,[],[],[],[]
tt-7634705478672534815,"How to remotely control another phone from your own phone  DISCLAIMER: FOR EDUCATIONAL PURPOSES ONLY #whatsappspy #microcheating #cellphonespy #cheatingspouseinvestigator #infidelityinamarriage

I'm about to show you how you can discreetly monitor any phone directly from your device without needing physical access. With cutting edge remote monitoring software, it's now possible to see exactly what your partner is doing with apps such as WhatsApp, Instagram, Facebook and more, all just by using their phone number. This is the same technology used by professional forensic digital experts. If you're being suspicious, stop wondering. Click on the link on this page bio to connect with us for your professional assistance via our website.",no,[],[],[],[]
tt-7634704891960691989,Stop predicting top and bottom in crypto Crypto is a highly volatile and unregulated market. The information provided here is for educational purposes only and should not be considered as financial advice. Please conduct your own research and consult with a financial professional before making any investment decisions,no,[],[],[],[]
tt-7634704781386222869,"Paranormal Fact Check: #shorts #viral #explore  queries discussed in this video  📚 Purpose: Awareness & critical thinking, not fear-mongering. 🙏 Original creator:- Thank you for the source material!  All credits to the rightful owner. This content is used under fair use for educational purposes only. 💬 What's your take? Comment below! 👇 #EducationalContent #nyclife    horror story   horror story animated   horror story in hindi   horror story movie   horror story podcast   horror story shorts   horror story tagalog   horror story hindi urdu   horror story audiobook   horror story audio   horror story ai   a horror story movie   a horror story trailer   a horror story full movie   a horror story in english   a horror story real   horror story bangla   horror story background music   horror story book   horror story based on true story   horror story bollywood 2013   horror story by arden jones   bhoot horror story short   bhoot wala horror story   bhoot ki horror story   horror story channel   horror story compilation   horror story cartoon   horror story creepypasta   horror story clown   christmas horror story   horror story documentary   horror story drawing   horror story driving   horror story doll   horror story demon   horror story english   horror story explained   horror story español   horror story experiences   english horror story   evil eye horror story   evil nun horror story   ek horror story   extreme horror story   horror story full movie   horror story for kids   horror story film   horror story freak show   freak show american horror story   funny horror story   filipino horror story   horror story game   horror story gacha life   horror story ghost   granny horror story   ghost horror story   horror story hindi   horror story hindi podcast   horror story hindi movie   horror story halloween   horror story hospital   hindi horror story   hindi urdu horror story   horror story ideas   horror story indian movie   indonesian horror story   jinn horror story   japan horror story   jason horror story   horror story kids   horror story kidnapping   horror story kannada   horror story lyrics   horror story long   horror story listening   horror story la llorona   long horror story   latifa family horror story   horror story movie 2013   horror story malayalam   minecraft horror story   marathi horror story   horror story nepali   horror story narration   horror story niche",no,[],[],[],[]
tt-7634704386773503262,"#mentalhealthtips  #anxietysupport #psychnp #depression #fyp. For educational purposes only, not medical advice.",no,[],[],[],[]
tt-7634703865790631198,"The new dietary guidelines are a step in the right direction, but if longevity is your goal, they only tell part of the story. Here's what they get right. Prioritizing whole foods, reducing ultra-processed ingredients, emphasizing quality protein and fats, and supporting gut microbiome health all align with what the science on cellular aging supports. These aren't minor details either, since the modern diet's biggest contributions to accelerated aging are refined carbohydrates, added sugars, and ultra-processed foods, and reducing them has a direct impact on inflammation, blood sugar regulation, and how your cells function over time. Here's where they fall short. Meal timing is largely absent from the conversation, despite growing evidence that when you eat influences insulin sensitivity, cellular repair, and long-term metabolic health. Eating patterns that allow your body at least 12 hours of overnight fasting each day give your cells the recovery window they need to clear damage and maintain long-term function. Personalization is also missing, since individual metabolic responses to the same foods can vary significantly, making biomarker tracking and tools like continuous glucose monitors increasingly important for anyone serious about their health. The most useful reframe is this: food isn't just fuel. It's cellular information, and every meal you eat sends signals that shape how your body ages at the molecular level. Tap the link in bio to read the full blog post. (For educational purposes only) #AgelessRx #Longevity #HealthyLiving",no,[],[],[],[]
tt-7634703691072802066,How to control your spouse phone from your own phone.  Disclaimer: This is strictly for educational purposes. #phonemonitoring #textingsecrets #relationshipadvice #digitalforensics #fyp,no,[],[],[],[]
tt-7634703260862942495,Replying to @USER zero. The irs understands businesses will operate at a loss as they get their feet off the ground. But you need to show intent and keep substantial records for any expense you want to deduct. *this is not tax advice. This is for educational purposes only* #cpa #accounting #contentcreator #influencer #creatortaxes,no,[],[],[],[]
tt-7634702061686361364,.𖥔 ݁ ˖ EXPRESSION PUZZLE ᯓ - Perfect for educational purposes - Durable and safe to play for kids  - Perfect for bonding time ୨ৎ #fyp #games #toys #puzzle #familytime,no,[],[],[],[]
tt-7634700973587451150,Educational purposes only wedding cake auto flower from Barney’s farm !!!! #spiderfarmer #marshydro #gardentok #indoorgarden #weddingcake,yes,"['wedding cake', 'auto flower', 'gardentok', 'indoorgarden']","['cannabis strain name', 'autoflowering cannabis plant/seed type', 'generic gardening frame for cannabis-growing content', 'generic indoor-gardening frame for cannabis-growing content']","['C5_Sign_Reassignment', 'C5_Sign_Reassignment', ['C8_Semantic_Circumlocution','C6_Morpho_Lexical'], 'C8_Semantic_Circumlocution']","[""Lexical_Reassignment"", ""Lexical_Reassignment"", [""Euphemism"", ""Blending""], ""Euphemism""]"
tt-7634700468538576141,Some images are not mine. They are used for inspiration/educational purposes. All credit to original creators!!  #designsbyjordynus #friendshipbracelet #embroiderythread,no,[],[],[],[]
tt-7634700193870400788,"Tasmania's Wildest Town where Wild Never Surrendered 🔥🔥🔥 Something about this place feels… different 👀 👉 Would you go this far… to feel something TRULY WILD? 🌏👇 . . Apologies 😔 Couldn't Reply Back your Comments From my Previous Posts... . . . Watch ISLAND FILES VIDEOS 🎦👇 📍Follow for more TASMANIA TRAVEL, LIVING, FACTS & TIPS. . . Welcome to Tasmania 🇦🇺🌏 Australia’s paradise island… home to untouched landscapes, crystal-clear beaches, cleanest air, places, and wildlife most people never see. . . ISLAND FILES PREVIOUS VIDEOS👇 @USER files Batman Bridge @USER files Tasmania Waters @USER files Tasmania Coldest Town . . Media Notice: Some Visual scenes on this channel are recreated using AI to bring these events to life as faithfully as possible. All rights belong to their respective owners where applicable. This video is for informational and educational purposes. Some elements include theories and unconfirmed reports. #tasmania #australia #factsyoudidntknow #traveltiktok #travel

There's a place in Tasmania where the wild never surrendered. Every night, this quiet town retells a convict escape, because right here, desperate convict men once chose the unknown wilderness over staying alive. Some trees here have been standing for over 2,000 years. And even in death, they refuse to decay like this land refuses to forget. In one of the most isolated places on earth, prisoners built ships that crossed oceans. Out here, survival didn't just shape people, it built empires. While the rest of the island lost its devils, this wild edge protected them. Isolation didn't weaken this place. It made it a refuge. This entire landscape was almost drowned forever, but people stood their ground and fought to keep the wild truly wild. And hidden in the silence lies Sarah Island, a place so brutal, this isn't just a destination. Welcome to Strait, where the wild never surrendered.",no,[],[],[],[]
tt-7634699641098980628,HEALTH IS WEALTH 💚   Coach Gepnelson | Sharing health tips & wellness guidance 💪   Your body is your greatest treasure! Let’s build healthy habits together.   ✅ Educational purposes only ⚠️ No approved therapeutic claims   Thank you for following! Stay healthy! ❤️,no,[],[],[],[]
tt-7634699034669665557,FOR EDUCATIONAL PURPOSES ONLY... PLEASE BEFORE YOU TRAVEL KINDLY LISTEN TO THIS SAD STORY... #education #TRAVEL #traveltiktok #ghanatiktok🇬🇭 #china,no,[],[],[],[]
tt-7634698900888128790,"Check out our NEW video of : The Day the Colours Disappeared by J T Tarhe 📖💻🖥️🤩 #taleswithjttarhe #readingwithkids #childrensbooks  LINK IN BIO!  COMMENT BELOW WHAT BOOK YOU WOULD LIKE NEXT! Don’t forget to Like & Subscribe 😁 *No infringement intended, educational purposes only, each author holds the rights to their own work*  #thedaythecoloursdisappeared",no,[],[],[],[]
tt-7634698762870344991,A narrow waterway but a massive piece of the global system. What flows through it daily:  • ~20–21 million barrels of oil • ~20% of global LNG trade • Hundreds of billions in goods annually That’s not small that’s critical infrastructure. Now think about this: If that flow slows or stops. ⛽ Energy prices spike 📦 Supply chains tighten 🛒 Costs rise across everything 📉 Markets react instantly It doesn’t stay local it becomes global fast. Because in a connected system: one chokepoint can move the entire world. This isn’t about panic it’s about understanding the structure. So ask yourself: • Where are the pressure points? • How exposed is the system? • And how prepared are you if conditions shift? Because when chaos shows up preparation is the strategy. URL Transparency note: I may earn a reward if you choose to make a purchase through my link. This is not financial advice. For educational purposes only. #soundmoney #globaleconomy #assetprotection #supplychain #legacyineveryounce,no,[],[],[],[]
tt-7634698612072598804,"The person with the highest IQ on the planet just dropped a bomb — Bitcoin could rip to $220,000 in the next 45 days. Crypto is a highly volatile and unregulated market. The information provided here is for educational purposes only and should not be considered as financial advice. Please conduct your own research and consult with a financial professional before making any investment decisions",no,[],[],[],[]
tt-7634698446036831495,#creatorsearchinsights #No1LikeSuper26Ultra  Beginner vs Pro trader 💻📊 Beginner: chases every move Pro: waits for the right setup ⚠️ Disclaimer: This content is for educational purposes only and not financial advice. Trading involves risk and losses are possible. #Trading #DayTrading #TradingMindset,no,[],[],[],[]
tt-7634697974609693966,Educational purposes only  4 auto flowers one of witch is reveging yes auto reveg!!!!!! #spiderfarmerled #indoorgarden #spiderfarmer #gardentok,yes,"[ 'auto flowers', 'reveging', 'auto reveg', 'indoorgarden', 'gardentok']","[ 'autoflowering cannabis plants or seed type', 'cannabis cultivation term referring to a plant returning to vegetative growth', 'autoflower cannabis plant re-entering vegetative growth', 'generic indoor-gardening frame for cannabis-growing content', 'generic gardening frame for cannabis-growing content']","[ 'C5_Sign_Reassignment', 'C5_Sign_Reassignment', 'C5_Sign_Reassignment', 'C8_Semantic_Circumlocution',  ['C8_Semantic_Circumlocution','C6_Morpho_Lexical']]","[""Lexical_Reassignment"", ""Lexical_Reassignment"", ""Lexical_Reassignment"", ""Euphemism"", [""Euphemism"", ""Blending""]]"
tt-7634697500603026701,"Spirit Questions Answered by a Medium🕊️ #mediumship #griefsupport #griefjourney #afterlife #lovedones *Disclaimer: For spiritual and educational purposes only. This content is based on personal experience and beliefs and is not a substitute for professional advice.

A common question I receive as a medium. Can someone that's nonverbal come through in a session? Yes, they can. Those limitations are tied to the physical body, not the soul. In spirit, they're able to express themselves fully. And they often have so much they wanna say to us.",no,[],[],[],[]
tt-7634697399256009997,"Any information found in any of T.C. Hale's books, videos, newsletters, or websites are intended for educational purposes only and should not be used for medical advice.  You should contact your doctor for any medical advice. #digestion #stomach #gut #health #betaineHCL #stomachacid #acidification #bileflow",no,[],[],[],[]
tt-7634697073111125279,Top 5 swimsuits for girls #swimsuit #bikini #summer #breastfeeding #educational VIDEO IS FOR EDUCATIONAL PURPOSES ONLY!!,no,[],[],[],[]
tt-7634696734567910686,"educational purposes #coleallen #trump #breakingnews #news #whitehouse

Alright, you guys, so a clear surveillance video of Cole Allen entering the White House Correspondent's Dinner has been released. In this video, you will see him run through security, run through the metal detectors with a firearm in his hand. And in my opinion, the security guards and agents act pretty. They acted pretty fast in my opinion. But the only thing that I saw wrong was a crossfire that was happening. I don't. But they act. They did act fast. Um, but let me know what you guys think about this new surveillance video. You see him walking around the hotel as well before he then enters the courseman's dinner. But yeah, let me know what you guys think in the comments. And as always, I will keep you guys updated.",no,[],[],[],[]
tt-7634696459039870222,"Missed the tax deadline? Your options just got smaller, but they're not gone yet. Here's what some people don't know: Filed for an extension by April 15? You have until October 15 to submit your return. You may also be able to set up a payment plan with the IRS if you can't pay in full. And if your filing history is clean for the past three years, first-time penalty abatement could wipe out some of those penalties. But here's the catch: That extension only buys you time to file, not time to pay. Interest is already running at roughly 7% per year from April 15, with late-payment penalties adding 0.5% every month on top of that. Miss the October 15 deadline entirely? The failure-to-file penalty is 5% per month, up to 25% of your balance. Waiting doesn't make this better. It could make it more expensive. All content presented is for educational purposes only and should not be construed as a solicitation or offer to sell securities or provide investment, tax, or legal advice. All examples are hypothetical, for illustrative purposes only, and are merely arithmetic calculations. They are not representative of the performance of any type of investment, security, or strategy offered by the firm. Past performance is not indicative of future results. Investing involves risk, including the potential loss of principal. Hypothetical returns do not reflect actual trading and may not be indicative of the performance of any specific investment. They are based on assumptions and estimates that may not be accurate or applicable to your individual situation. Always consult with a qualified financial advisor before making any investment decisions. Additional information, including management fees and expenses, is provided on our Form ADV Part 2 available upon request or at the SEC's Investment Adviser Public Disclosure website, URL Foundation Wealth Partners is a financial advisor serving Gen X and older Millennials. #moneytok #personalfinance #taxplanning #IRS #taxdeadline",no,[],[],[],[]
tt-7634696340311788822,"Your bedroom feels smaller than it actually is… here is why. This content is for educational purposes only. Not for profit and not affiliated with any organisation. Visuals/videos are AI-generated (Dola AI & Meta AI). #bedroomdesign #interiordesign #spaceplanning #dolaai #metaai

Your bedroom feels crowded not because it is small, but because of how it's arranged. Too much furniture and poor layouts can make the space feel tight. But with fewer items and better positioning, you can create a space that feels calm and comfortable, less cluttered, better flow, and more useful space.",no,[],[],[],[]
tt-7634696224494374175,"The car ride home after delivery is a different kind of pain 😅 No one talks about the swelling, the stitches, or how getting INTO the car feels like an Olympic sport. Do yourself a favor: 🛑 Bring or ask for a donut cushion or lean slightly to one side 🛑 Move slowly 🛑 And if you can — bring a step stool (game changer) ✨Save this or Send to a Friend! *for educational purposes only not medical advice.* #postpartumrecovery #postpartumjourney #newmomlife #laboranddelivery #postpartumtips

Prepare for the first car ride home after a vaginal delivery. Between the swelling, stitches and, surprise, hemorrhoids, every bump in the road feels personal. Bring a donut cushion or sit slightly lean to one side and bring a step stool so you don't have to climb into the car. Save this. You'll thank me later.",no,[],[],[],[]
tt-7634696037898145038,70% Will Need Care. Most Plans Ignore It. Important: This information is intended for educational purposes only and does not create an attorney-client relationship. #ZammittiLaw #EstatePlanning #FreeConsultation #EstatePlanningAttorney #EstatePlanningLawyer #EverythingEstatePlanninng #financialfreedom #assetprotection #protectionplanning #longtermcare #familyprotection #familyplanning 𝘢𝘵𝘵𝘰𝘳𝘯𝘦𝘺 𝘢𝘥𝘷𝘦𝘳𝘵𝘪𝘴𝘪𝘯𝘨,no,[],[],[],[]
tt-7634695991987309832,Guess the school? This video is just for educational purposes only #school #kwara #goviral #500kviews @USER Optician @USER OUTFIT❤️✅,no,[],[],[],[]
tt-7634695640336829710,"Here is the best step to take when you lose funds to online fraudsters. Disclaimer:For educational purposes only #scaminvestigation #exposescammers #scamawareness #blockchaintracking #cryptorecovery

Online fraud is growing fast, with romance scams and crypto theft leading the list of how many people lose money today. Criminals often hide behind fake identities, build trust over time, and create believable stories that push victims into a tight sending funds. What starts as love, friendship, or business opportunity often ends in financial loss. Many victims are directed to pay through cryptocurrency, while others are trapped through fake investment websites, wallet hacks, phishing links, giveaway scams, or impersonators posing as trusted figures. Once a transfer is made, the fraudsters usually vanish without a trace. Cipher investigator team works to trace missing funds and investigate where the funds were moved. We analyse blockchain transactions, exchange activity, bank payments and other digital trails to uncover leads and identify possible recovery routes. We handle cases involving assets like Bitcoin, U S D T B and B X R P, and other cryptocurrencies frequently targeted by scammers. We also examine digital evidence such as wallet addresses, phone numbers, emails, I P. Records when available, and social media accounts to expose the people behind the fraud and reveal linked scam networks. Our focus is to help victims fight back, pursue recovery, and strengthen their security against future attacks. Reach us through the link in our page bio to start your case review today and follow for more fraud awareness and crypto Protection tips.",no,[],[],[],[]
tt-7634695067176897805,"Mood boosting benefits #moodboost #mentalhealth #womenshealth #perimenopause #menopause                               Disclaimer: This content is for informational & educational purposes only. It is not a substitute for guidance from your healthcare provider.

This study confirms what we've known. GLPONE'S boost mood. In a new meta analysis called the Google gun. Like Peptide 1 Receptor Agonist and Mental Health, a Systematic Review and Meta Analysis of over 11 thousand participants show that there were no increased risks of serious adverse psychiatric events compared to using placebo. And there were no increased risk of non serious adverse psychiatric events such as anxiety or insomnia with using these medications compared to placebo. Now the interesting thing is that there was improvements in the mental health quality of life for participants unrelated to weight loss and unrelated to blood sugar control, which speaks to the likely benefit directly from these medications on the psychological well being of patients. So it just goes to show you another application for these medications just beyond scale victories. So if you've had a non scale victory, I'd love to hear about it. And if you'd like some resources, come in peptide and share this and follow me for more education.",no,[],[],[],[]
tt-7634695006632152341,"Your body is always communicating with you—you just have to learn how to listen. From headaches and low energy to bloating, stress, and even poor sleep, many of these common issues can be supported simply by choosing the right foods. For example, bananas may help with headaches due to their magnesium content, while apples support digestion and relieve constipation with fiber. Feeling stressed or overwhelmed? Green tea contains calming compounds that help relax your mind. Low on energy? Oranges provide a natural vitamin C boost to keep you going. Even things like dry hair, poor memory, or inflammation can be influenced by what you eat daily. Foods like salmon, blueberries, and pineapple are packed with nutrients that support your body from the inside out. This isn’t about perfection—it’s about making small, intentional choices that nourish your body and help you feel your best naturally. Start paying attention to what your body needs, and fuel it with foods that support healing, balance, and energy. This content is for educational purposes only and is not intended to diagnose, treat, or cure any medical condition. Always consult a healthcare professional if you have ongoing or severe symptoms #healthandwellness #wellnesstips #naturalhealing #holistichealth #wellness",no,[],[],[],[]
tt-7634694495686249749,"Bitcoin dumped to $80,000. Is this part of Trump‘s bitcoin crash strategy? Crypto is a highly volatile and unregulated market. The information provided here is for educational purposes only and should not be considered as financial advice. Please conduct your own research and consult with a financial professional before making any investment decisions",no,[],[],[],[]
tt-7634704910738607390,Then i become puh king 👑 #fyp#trending #getjiggy#niche,yes,['puh'],['pussy/vagina'],"[['C2_Phonetic', 'C3_Formal_Compression']]","[[""Near_Homophone_Drift"", ""Lexical_Clipping""]]"
tt-7634701506306002189,Ughhh😫 I’m such an ugly whore! Glad I’ve got this push up bra or else I’d just be dealing with my mosquito bites and spread out puh to get dih #lovedih #whorelife #homewrwcker,yes,"['puh', 'dih']","['pussy/vagina', 'dick/penis']","[['C2_Phonetic', 'C3_Formal_Compression'], ['C2_Phonetic']]","[[""Near_Homophone_Drift"", ""Lexical_Clipping""], [""Near_Homophone_Drift""]]"
tt-7634688015813659934,Based on an untrue story #leonardcohen #gorillagrip #puh #sex,yes,"['puh', 'gorillagrip']","['pussy/vagina', 'sexual slang implying tight grip/vagina']","[['C2_Phonetic', 'C3_Formal_Compression'], 'C5_Sign_Reassignment']","[[""Near_Homophone_Drift"", ""Lexical_Clipping""], ""Lexical_Reassignment""]"
tt-7634686272837029133,moe oh yea #moe#puh#goodmeal#moearegect,no,,[],[],[]
tt-7634683730682039573,"Replying to @USER and  @USER If you’re looking for someone reliable to buy from, I’d recommend finding a trusted source because it's safer and helps you avoid getting laced by bots out here. Message @USER he gives good recommendations and guidance, he's a good dealer that can ship discreetly to your location. I usually get mine mailed safely without troubles to my doorstep. Hit him up for more information — he sells at affordable prices as well #shrooms",yes,"['shrooms', 'trusted source', 'getting laced']","['psychedelic mushrooms', 'vague term for a drug supplier', 'drug contaminated with another substance']","[['C3_Formal_Compression', 'C5_Sign_Reassignment'], ['C8_Semantic_Circumlocution'], ['C5_Sign_Reassignment']]","[[""Lexical_Clipping"", ""Lexical_Reassignment""], [""Strategic_Vagueness""], [""Lexical_Reassignment""]]"
tt-7634682221533728013,"Obviously, this isn’t for closed practice witches, but if you know something PUH LEASE message me because I feel like I’m so misinformed sometimes 😩🫠🤧 #blackwitchtok #blackwitches #hoodoo #voodoo #oshun

Okay, I have a question for my black witches and black witches only. Don't worry. I'll wait. Okay, cool. Now that it's just us, I have a question. I mean, I have multitudes of questions, but. But one main question. How are we dealing with misinformation online, and where are you finding your credible sources? Uh, because I feel like I keep trying to find, um, books and podcasts and YouTube channels and just, like, general community around Black Witch talk, hoodoo voodoo, um, and general spirituality within the black community. And I feel like every time that I start to find that it's either ridiculously expensive or whitewashed. So help a girl out, please.",no,[],[],[],[]
tt-7634679981628493074,dress up!! #fyp #year12 #dressup #puh #fun,no,[],[],[],[]
tt-7634676592538570014,"PUH💨-roof lol #fan #calltoaction

Don't get me wrong, I don't need proof that some of y'all are fans of me. But if you want to give me some proof. And really, really prove you're a fan, you go through and repost any 10 videos of mine you want. Any 10. You could even just like, scroll and randomly click on one and then repost it. But if you. If you want to give me some proof. Disclaimer I already believe you're a fan. But if you want to give me some proof. That's the best way you can give me some proof right now is reposting 10 of my videos.",no,[],[],[],[]
tt-7634676160311446814,Just not when it comes to Ken and Nancy  #room #puh,yes,['puh'],['pussy/vagina'],"[['C2_Phonetic', 'C3_Formal_Compression']]","[[""Near_Homophone_Drift"", ""Lexical_Clipping""]]"
tt-7634675091284020511,Scan& Go keeps me at @USER’s Club ! @USER Wholesale puh-lease consider something like scan & go! Especially for the days where the lines are super long! Thanks 😊 #samsclubscanandgo  #samsclub #costcotiktok #costcofinds,no,[],[],[],[]
tt-7634650985700379917,Put th puh in my face 🫣🤣,yes,['puh'],['pussy/vagina'],"[['C2_Phonetic', 'C3_Formal_Compression']]","[[""Near_Homophone_Drift"", ""Lexical_Clipping""]]"
tt-7634649846858796310,she part of the community puh#original #snapchat #meme #dark #ragebait,no,[],[],[],[]
tt-7634641756511882518,Ts hitting the G spot frfr#relateable #fyp #viral #dance #puh,yes,['puh'],['pussy/vagina'],"[['C2_Phonetic', 'C3_Formal_Compression']]","[[""Near_Homophone_Drift"", ""Lexical_Clipping""]]"
tt-7634629940272434446,Anything for that puh👀#fyp#relatable  #freak,yes,['puh'],['pussy/vagina'],"[['C2_Phonetic', 'C3_Formal_Compression']]","[[""Near_Homophone_Drift"", ""Lexical_Clipping""]]"
tt-7634627804859993357,imma knock that puh out like fight night #fypシ #viral #fightnight #fyp,yes,['puh'],['pussy/vagina'],"[['C2_Phonetic', 'C3_Formal_Compression']]","[[""Near_Homophone_Drift"", ""Lexical_Clipping""]]"
tt-7634626641032908062,ASAP PUH-LEASE 😎 #trending #fyp #sxs #atv #rzr @USER Turner,no,[],[],[],[]
tt-7634626347289136414,PUH LEASE. I’m easy asf for him🤏🏻 #LLT #LLK #llt🤍🕊 #LLA #fypシ゚viral,yes,['easy asf for him'],['sexually/romantically available or easily persuaded by him'],"[['C8_Semantic_Circumlocution', 'C3_Formal_Compression']]","[[""Euphemism"", ""Initialism_Acronym""]]"
tt-7634607722922511630,No clocks in our houses cause we on our own timing #fyp #meninwomenfields #weeasy #puh,no,[],[],[],[]
tt-7634583495821643038,"No cuffing around her|| #bop #brideofchucky #puh #meme

You mean you weren't gonna ask me to marry you? What are you fucking nuts? Haha, you thought? Haha",no,"['puh', 'bop']","['pussy/vagina', 'a sexually promiscuous woman or someone framed as easy']","[['C2_Phonetic', 'C3_Formal_Compression'], 'C5_Sign_Reassignment']","[[""Near_Homophone_Drift"", ""Lexical_Clipping""], ""Lexical_Reassignment""]"
tt-7634580031527718152,#foryoupage #fyp #xzyabc #fyppppppppppppppppppppppp posting diz cuz i have a free will. live kana puh @USER,no,[],[],[],[]
tt-7634571815326731533,Thick’s  thighs  puh salad##fyp##viral##funny,yes,['puh'],['pussy/vagina'],"[['C2_Phonetic', 'C3_Formal_Compression']]","[[""Near_Homophone_Drift"", ""Lexical_Clipping""]]"
tt-7634637234452401421,"Other kids were making signs with words like “pxrn"" and “pxnis."" On Minecraft.  Also, clearly our settings weren’t as locked down as we thought. We don’t allow YouTube, and we don’t allow Roblox… And that’s kind of the point… you think you’re doing everything “right"" and it still slips through….because it’s not just the apps, it’s other kids. #parenting #parentingtips #minecraft",yes,"['pxrn', 'pxnis']","['porn', 'penis']","['C1_Orthographic', 'C1_Orthographic']","[""Internal_Masking"", ""Internal_Masking""]"
tt-7633511127833513246,It’s just a lifestyle: Cigar Pxrn.   URL #cigarpxrn,no,[],[],[],[]
tt-7633473203016355085,We were built for the pressure!!!  💨ts just a lifestyle 💋@USER@Cigar Pxrn,no,[],[],[],[]
tt-7633334349819120903,"Pxrn addiction is one of the leading causes of divorce in the world, and a lot has been said about men being users of pxrn in marriage. But what happens when the wife is the user? How does it affect the home? The cause and effect of this social pandemic on both partners in marriage need to be studied in order to heal and protect the next generation. #explore  #addictionrecovery  #addiction  #marriage  #mentalhealth",yes,['Pxrn'],['porn'],['C1_Orthographic'],"[""Internal_Masking""]"
tt-7632764998753717518,"Just me, my red lip Ian Cigar 💋#CigarPxrn #ItsALifestyle #CigarVibes #BossEnergy @USER Pxrn",no,[],[],[],[]
tt-7632726608478047510,Private photos end up on pxrn sites - What to do？,yes,['pxrn sites'],['porn sites'],['C1_Orthographic'],"[""Internal_Masking""]"
tt-7632206512294858015,"🎟 GENERAL ADMISSION is ON SALE NOW Step into Pensacola Cigar Weekend 2026: Derby Edition — where style, cigars, music, and energy collide in the heart of Downtown Pensacola. Here’s what your ticket unlocks: ✨ Friday Night Kickoff Mixer at Blend Lounge (8PM–10PM) Then slide into Cordova After Hours vibes 🔥 Saturday Experience The Main Event at Museum Plaza (6PM–Midnight) Derby fashion. Premium cigars. Live energy. 🎉 Late Night The After Party at 8Fifty Event Center (Midnight Until) This isn’t just an event… it’s a 4-part experience with: 🥃 Great cigars 🎶 DJs + Live energy 💃🏽 Beautiful people 🎁 Giveaways + vendors 🔥 An unforgettable atmosphere VIP is gone… but General Admission still gets you in the room. 🎯 Use code Luxe10 and secure your spot NOW before prices go up. 👉🏾 URL Dress to Impress. Derby Attire Encouraged. #PensacolaCigarWeekend #DerbyEdition #CigarLife #festival #goodvibes @USER Bozeman @USER Trendz @USER Jones GEN❌️ 🦋🦋 @USER LaShoné @USER A. Jones @USER @USER Pxrn @USER @USER @USER Sports Pod ❌",no,[],[],[],[]
tt-7632175690489679117,It’s just a lifestyle #nolaedition @USER Pxrn,no,[],[],[],[]
tt-7631942780276804877,"This is not easy at all lmaoo since I’m making videos about it I actually have to stick to it all the way through. I feel like I would’ve passed the weed test but something happened yesterday that took me all day to fix cuz I was running around in the morning but day 1 as far as eating drinking and pxrn I knocked that shxt out #day1 #fyp #fitness #weight #healthy

Day one, fast one, pretty smooth. But I had a bad day, as you all know. Yesterday I lost my bank account. Um, so it's just been, you know what I'm saying, UPS and downhill, I'm saying. But you know me, I'm the biggest beer, you know? You don't ever let nothing stop you, you know what I'm saying? You don't let nothing stop you. So I still went to the gym twice yesterday. Uh, as far as eating, I ain't think nothing about eating. Um, one thing was on my mind. I know I had to smoke because I was stressing out. I'm saying. A lot of stuff. I got to take care of a lot of students, I got to take care of a lot of, um, a lot of, um, services. So it's like when that type of stuff happens and then you try, you know, be healthy and take care of yourself, I'm saying, put. It puts you behind a little bit, but you just gotta keep your head up and then go, that's it, that's all. If you don't keep your head up and then go, and then you just gonna take a tour in yourself, I'm saying. And everybody's gonna look at you like. Like. I'm saying, like you fucked up, you feel me? So even if shit happened to you, just keep going, cause you could have been shot in the leg yesterday, you could have lost the arm, you could have did A lot of things. But you still here. You still breathing. Everything is normal. Money. You can remake it back. That shit ain't about nothing. You know what I'm saying? So you can lose 10 bands, 20 bands, 100 bands, it don't matter. Just keep your head up. I'm saying reset, breathe and start again. That's it. That's all.",yes,"['pxrn', 'shxt']","['porn/pornography', 'shit']","['C1_Orthographic', 'C1_Orthographic']","[""Internal_Masking"", ""Internal_Masking""]"
tt-7631242609985408287,"⏰ The clock is ticking… and May 2nd is calling your name. Pensacola Cigar Weekend: Derby Edition is almost here and the energy is already building. The cigars, the style, the music, the experience… it all comes together for ONE unforgettable weekend.             VIP IS SOLD OUT & General Admission 🔥 Tickets are moving FAST 🥃 Premium vibes. Elite crowd. Elevated experience 🎩 Dress to Impress. Derby Attire Encouraged Don’t wait until it’s too late and you’re watching from the sidelines. Secure your spot NOW. Because once it’s gone… it’s gone. #PensacolaCigarWeekend #DerbyEdition #CigarLife #festival #goodvibes @USER Bozeman @USER Trendz @USER Jones GEN❌️ 🦋🦋 @USER LaShoné @USER A. Jones @USER @USER Pxrn @USER @USER @USER Sports Pod ❌ @USER",no,[],[],[],[]
tt-7630119116782783775,nah she frl beauty😩💯@USER🌕 #yonna #viral #pxrn #viral,yes,['pxrn'],['porn'],['C1_Orthographic'],"[""Internal_Masking""]"
tt-7629832827655195917,🍴FOOD PXRN 👅 #healthy #food #healthysnacks #sardines #diet,yes,['PxRN'],['porn'],['C1_Orthographic'],"[""Internal_Masking""]"
tt-7628936549123640606,"Pensacola… this isn’t just a mixer — it’s the official ignition point for an unforgettable weekend. Step into the energy. Feel the vibe. Connect with people who move different. 🥃 Premium pours 🔥 Smooth cigars 🎶 Elevated atmosphere ✨ The right crowd This is where introductions turn into connections… …and connections turn into experiences you don’t forget. 📍 Blend Lounge | Downtown Pensacola 🗓 Friday, May 1st ⏰ 8:00 PM Come casual… leave unforgettable. 🎟️ Secure your spot now: URL #PensacolaCigarWeekend #pensacola #festival #goodvibes #cigar @USER Bozeman @USER Trendz @USER Jones GEN❌️ 🦋🦋 @USER LaShoné @USER A. Jones @USER @USER Pxrn @USER @USER @USER Sports Pod ❌ @USER Life @USER @USER",no,[],[],[],[]
tt-7628794381293604109,"Pxrn Miswires Bedroom Expectation  Full Video: Link In Bio #drtrishleigh #fypシ #fyp #fy #content #neuroscience #brainhealth #mensmentalhealth

From the man's perspective, they need high levels of dopamine, so they end up objectifying their partner. So in the bedroom, they start trying to get all the dopamine, which is porn influenced. Most of the things that a person is consuming in porn, a healthy partner does not wanna do. Like, your brain's becoming wired and tired, and then you get an urge because your brain says, I can't work for one more second, I need a hit of dopamine.",yes,['Pxrn'],['porn'],['C1_Orthographic'],"[""Internal_Masking""]"
tt-7628792673649872141,"Pxrn-Induced Isnt Just Hyperbole Appreciate Curtis Phillips for having me in this conversation. Bringing the neuroscience into everyday conversations is how real awareness starts. #drtrishleigh #fypシ #fyp #fy #content #neuroscience #mensmentalhealth #rewireyourbrain

They think I'm full of hyperbole. And I've lately been trying to remind people, you know, I've seen over 50,000 brain scans. This is real. I've just completed a study on porn induced erectile dysfunction that has three very strong, statistically significant findings. the reason I'm like this is because I've seen the neurological damage. But I've also talked to tens of thousands of people who have never told anybody else their story. It always goes like this. Like they think I've not heard anything near what they're about to tell me, but unfortunately, I've heard it hundreds of times. And then I tell people, you know, this is individualized. This whole thing is individualized. But it's systematic also, and that's what I've written about in my book and in the programs that I offer to help people.",yes,['Pxrn'],['porn'],['C1_Orthographic'],"[""Internal_Masking""]"
tt-7628694437681483039,"Wednesday Night Social Gathering! Join us for a relaxing evening this Wednesday night April 15 , from  6 PM to 10 PM!  Kay Moss from cigar pxrn with the smokes - Savor delicious food while mingling with friends and new faces",no,[],[],[],[]
tt-7628606229249608990,"Pensacola… are you ready? From the moment the music hits, it’s non-stop vibes with DJ J5, the electrifying sounds of Starz Band Live, and the undeniable energy of DJ Mike Ice bringing the entire weekend to life. 🎶🔥 This isn’t just an event… it’s THE EXPERIENCE. Premium cigars. Elite crowd. Live entertainment that keeps you moving all weekend long. 📍 Downtown Pensacola 📅 May 1–3 🎟️ Tickets are moving FAST… and once they’re gone, they’re gone. Don’t wait and watch, be in the room. Secure your spot NOW: 👉🏾 URL #PensacolaCigarWeekend #priceless #PensacolaCigarWeekend #smoke #cigar @USER Bozeman @USER Trendz @USER Jones GEN❌️ 🦋🦋 @USER A. Jones @USER LaShoné @USER @USER Pxrn @USER @USER @USER @USER Life",no,[],[],[],[]
tt-7628224804650224929,"Erxtica, but with tenderness. ‎ ‎Pxrn, but with depth. ‎ ‎Sxx, but make it safe. Scream For Me by Rabea Scholz (use “Kindle"" filter to find it) 🖤 spicy emotional romance 🖤 hurt/comfort 🖤 role reversal 🖤 touch-starved MMC x ice queen 🖤 he falls first 🖤 learning to feel again ⭐️⭐️⭐️⭐️⭐️ Kindle Unlimited “This book has been a super intense, raw and beautiful experience for me. I’ve never read anything like this and I’m sure this story will stay with me for a long time.""",yes,"['Erxtica', 'Pxrn', 'Sxx', 'spicy emotional romance']","['erotica', 'porn/pornography', 'sex', 'adult/sexual romance content']","['C1_Orthographic', 'C1_Orthographic', 'C1_Orthographic', 'C8_Semantic_Circumlocution']","[""Internal_Masking"", ""Internal_Masking"", ""Internal_Masking"", ""Euphemism""]"
tt-7627998226041408801,"""‎Filling loneliness with pxrn was like shouting into a cave and pretending the echo was someone answering back."" ‎— Owen. Scream For Me by Rabea Scholz (use “Kindle"" filter to find it) 🖤 spicy emotional romance 🖤 hurt/comfort 🖤 role reversal 🖤 touch-starved MMC x ice queen 🖤 he falls first 🖤 learning to feel again ⭐️⭐️⭐️⭐️⭐️ Kindle Unlimited “Wow. Phew. That was intense! I have to admit I was expecting something completely different but I really liked it. I was expecting some romance type story with a clear HEA. What I got was a powerful journey of self-expression and closure.""",yes,"['pxrn', 'spicy emotional romance']","['porn/pornography', 'adult/sexual romance content']","['C1_Orthographic', 'C8_Semantic_Circumlocution']","[""Internal_Masking"", ""Euphemism""]"
tt-7627284575969938709,"title:  Door-to-Door Sales Are Here! 3 chapters ongoing ✓abduction ✓brainwashed ✓male's milk ✓werewolf ✓angel ✓tentacle ✓p*rn no plot ✓sexy lingerie ✓exhibitionism ✓illegal alien On planet BA-506, where a wide variety of alien species have gathered to form a massive society, there exists a dream job that every living being on the planet longs for: the “Tower.""Six months ago, Noah was abducted from Earth and brought there. Having lost all his memories, he ends up as merchandise on the black market, and is ordered to go to the Tower as a door-to-door salesman, tasked with satisfying various alien species.[☆★Relieve your fatigue★☆]A mysterious milk with astonishing effects, hidden beneath a provocative uniform. And so, Noah gradually climbs the floors, as aliens eagerly feed from him… 04112026 bottom IS pretty Nonstop segg as he climb up the tower. RIP to Bottom's ass #manhwa #manhua #webtoon commendable if ure here just for Pxrn",yes,"['p*rn', 'segg', 'Pxrn', 'male’s milk', 'bottom']","['porn/pornography', 'sex', 'porn/pornography', 'semen', 'receptive sexual role']","[['C1_Orthographic'], ['C2_Phonetic'], ['C1_Orthographic'], ['C9_Metaphor_Metonymy', 'C8_Semantic_Circumlocution'], ['C5_Sign_Reassignment']]","[[""Internal_Masking""], [""Near_Homophone_Drift""], [""Internal_Masking""], [""Metaphorical_Mapping"", ""Euphemism""], [""Lexical_Reassignment""]]"
tt-7627216304432368928,"‎Erxtica, but with tenderness.
 ‎
 ‎Pxrn, but with depth.
 ‎
 ‎Sxx, but make it safe.
 
 Scream For Me by Rabea Scholz (use “Kindle"" filter to find it)
 ‎ 🖤 spicy emotional romance 🖤 hurt/comfort 🖤 role reversal 🖤 touch-starved MMC x ice queen 🖤 he falls first 🖤 learning to feel again ⭐️⭐️⭐️⭐️⭐️ Kindle Unlimited “This book has been a super intense, raw and beautiful experience for me. I’ve never read anything like this and I’m sure this story will stay with me for a long time.""",yes,"['Erxtica', 'Pxrn', 'Sxx', 'spicy emotional romance']","['erotica', 'porn/pornography', 'sex', 'adult/sexual romance content']","['C1_Orthographic', 'C1_Orthographic', 'C1_Orthographic', 'C8_Semantic_Circumlocution']","[""Internal_Masking"", ""Internal_Masking"", ""Internal_Masking"", ""Euphemism""]"
tt-7627128604832419102,"The lights. The music. The energy. The cigars. The conversations. The moments you won’t forget. From the VIP-only experiences to the packed-out main event under the lights, this weekend is more than an event… 👉 it’s a whole vibe 🥂 Kick things off Friday 🎧 Turn up Saturday 💨 Close it out Sunday in style If you know… you know. If you don’t… this is your year to find out. ⚠️ The city will be talking about THIS weekend 🎟 Secure your tickets NOW: 👉 URL #pensacola #PensacolaCigarWeekend #DerbyEdition #weekendvibes #festival @USER Trendz @USER Bozeman @USER Jones GEN❌️ 🦋🦋 @USER A. Jones @USER LaShoné @USER @USER Pxrn @USER @USER @USER @USER @USER Life @USER Driver",no,[],[],[],[]
tt-7627106870607629598,"Good cigars. Great people. Unforgettable vibes. Kick things off at the Friday Kickoff Mixer 🍷 Then step into the energy of the Saturday Main Event 🎧🔥 🎤 Live Band 🎧 DJs 💨 Premium Cigars 🎁 Giveaways 🥂 Elevated Experiences This isn’t just an event… it’s where the culture, the vibe, and the people come together. ⚠️ Tickets are moving… don’t be the one hearing about it after. 🎟 Secure your spot NOW: 👉 URL #PensacolaCigarWeekend #DerbyEdition #cigarette #pensacola #smoke  @USER Trendz @USER Bozeman @USER Jones GEN❌️ 🦋🦋 @USER A. Jones @USER LaShoné @USER @USER Pxrn @USER @USER @USER",no,[],[],[],[]
tt-7627085848181280022,"so basically like... I decided that I was gonna tell a person that I trusted (let's call her J). So I told J what happened and why I think I might be hypersexual. I don't think I worded it correctly, so she thought I was being abused, which I wasn't. J had to contact social workers for MY health when I was sure that I informed her that I was not being abused and forced to watch pxrn. The social workers had to pass every single bit of information onto my guidance teacher (Shout out to her because she's a diva), and she had to pull me out of English and I didn't know why, so I genuinely had a mental breakdown when she was trying to explain to me that I shouldn't have said that and I should've told my mum or dad. I don't trust my mum or dad that much to talk to them about my sexual health, so I chose to tell a person that I trusted more (J). When she (guidance teacher) told me that she had to tell my mum, i started crying snd trying to get her not to. Instead of calling my mum, she called my gran. I love my gran so much and I can trust her with anything because she explains it very well to my parents and I'm horrible at explaining. Anyways besides that, my guidance teacher told my gran what had happened, my gran spread the information to my mum. My mum was surprisingly understanding and im happy about that. I couldn't go to school for like 2 days after that because I was scared that whenever the phone rang in class that would be her (guidance teacher) finding out that I sh, or I used to. ANYWAYS I hope I worded that correctly, but if I didn't then oh well 💔 Remember to drink water and be safe, have a great day/night",yes,"['pxrn', 'sh']","['porn/pornography', 'self-harm']","['C1_Orthographic', 'C3_Formal_Compression']","[""Internal_Masking"", ""Initialism_Acronym""]"
tt-7627078814493084951,"Will s*x hurt the first time you have it?  TV shows, movies, pxrn, even some of your education will have told you that it will and that it’s normal for it to hurt. The truth is, s*x should never hurt! Not even the first time you have it. Pain isn’t a normal part of s*x so if it is painful, stop.  #RSE #knowledgeispower #myth #fyp

S*x should never hurt, even if it's your first time. So why do we all think it will? I'm Alice. I've delivered relationships and s*x education to over 10,000 young people. And one of the questions I get asked all the time is, does first time s*x hurt? Let's be real for a second. The first time you have s*x is never gonna go smoothly, despite what movies and pxrn might show you. You're probably not 100% sure what you're doing. You're excited, you're nervous, and that can be a lot to begin with. But on top of that, you're expecting pain that you've been told is just normal to be there. Well, actually, first time s*x should not hurt at all. It might feel a bit weird, it might feel a bit uncomfortable. It's a new sensation, after all. But pain should not be part of that. So why are we told and why do we think otherwise? Lack of education about our anatomy and arousal is one thing. We also have persistent stereotypes in the media we watch that keep this myth alive. And it's also about our outdated cultural and social norms that tell us that this is just the way it is. You also won't necessarily bleed the first time you have s*x. Some people might a little bit, some people won't at all. So that's another misconception. Communication, consent, and lubricants are all things that can make s*x feel great, whether it's your first time, your hundredth time or your however many-th time. If all these things are in place and you're still experiencing pain, stop. You don't have to push through. Pain is not a normal part of s*x. S*x should be fun and pleasurable from the very beginning. So no, first time s*x does not hurt and should not hurt.",yes,"['s*x', 'pxrn']","['sex', 'porn/pornography']","['C1_Orthographic', 'C1_Orthographic']","[""Internal_Masking"", ""Internal_Masking""]"
tt-7626891549296643360,"‎""Filling loneliness with pxrn was like shouting into a cave and pretending the echo was someone answering back.""
 ‎— Owen. 🖤 spicy emotional romance 🖤 hurt/comfort 🖤 role reversal 🖤 touch-starved MMC x ice queen 🖤 he falls first 🖤 learning to feel again ⭐️⭐️⭐️⭐️⭐️ Kindle Unlimited “Wow. Phew. That was intense! I have to admit I was expecting something completely different but I really liked it. I was expecting some romance type story with a clear HEA. What I got was a powerful journey of self-expression and closure.""",yes,"['pxrn', 'spicy emotional romance']","['porn/pornography', 'adult/sexual romance content']","['C1_Orthographic', 'C8_Semantic_Circumlocution']","[""Internal_Masking"", ""Euphemism""]"
tt-7626820934774705438,"The energy is set… the vibe is elevated… and Pensacola is about to experience something NEXT LEVEL. 🎩 Pensacola Cigar Weekend: Derby Edition 2026 📍 Downtown Pensacola 📅 May 1–3, 2026 From curated VIP experiences to high-energy nights, premium cigars, signature cocktails, and unforgettable connections, this isn’t just an event… it’s a lifestyle. 🥃 VIP: The Winner’s Circle Exclusive access. Elevated luxury. Premium everything. 🌹 General Admission: Run for the Roses Where the culture, music, and celebration collide. 🔥 DJs. Live band. Giveaways. Premium vendors. 👔 Dress to Impress  @USER Derby Style (Saturday) 🎟️ Limited VIP tickets remaining… don’t get left outside the circle. 👉🏾 Secure your experience now: URL #PensacolaCigarWeekend #DerbyEdition #CigarLifestyle #LuxuryExperiences #DressToImpress   @USER Trendz @USER Bozeman @USER Jones GEN❌️ 🦋🦋 @USER A. Jones @USER LaShoné @USER @USER Pxrn @USER @USER @USER @USER Luxury Accessories @USER",no,[],[],[],[]
tt-7626701542749457686,"How do I know if it's dangerous for me to watch pxrn? For some people, pxrnxgraphy is entertainment that they can pick up and put down when the mood suits them. But for others, their relationship with pxrn can become problematic as it negatively impacts their everyday life and mental health - when it tips into the latter, that's when it becomes dangerous. If you do find your pxrn use is becoming problematic or you're worried about it, it's really important to seek help. 🟣 Talk to friends and family who won't judge and can support you 🟣 Put blockers on your devices and restrictions via your internet provider 🟣 Create distractions that keep you away from porn and bring you positivity elsewhere 🟣 Reach out to organisations or seek therapeutic support. 🚨 REMINDER: pxrnxgraphy is entertainment for adults and it is only advised to be watched if you are over 18. If you are watching pxrnxgraphy under 18, you are not breaking the law, so if you need help, it is important you get it. To find out more about pxrn, head to our website. Link in bio 🔗",yes,"['pxrn', 'pxrnxgraphy']","['porn/pornography', 'pornography']","['C1_Orthographic', 'C1_Orthographic']","[""Internal_Masking"", ""Internal_Masking""]"
tt-7626478742570814750,like why?!😭#pxrn #fyp #viral #xybca,yes,['pxrn'],['porn'],['C1_Orthographic'],"[""Internal_Masking""]"
tt-7626477204876168478,whoever made it deserves much lobve#xybca #viral #fyp #pxrn,yes,['pxrn'],['porn'],['C1_Orthographic'],"[""Internal_Masking""]"
tt-7626352018193485064,"Aleq Baker, vintage pxrn - crimson #angelcore #2010",yes,['pxrn'],['porn'],['C1_Orthographic'],"[""Internal_Masking""]"
tt-7626191188705479966,"Baby’s first PR review 🥹 Thank you SO MUCH to @USER for gifting me this fragrance! Fig Pxrn is a juicy, bright, beautiful scent for any occasion ❤️ I’ll be updating in about a week for a skin wear test update. #figperfume #figfragrance #btso #perfumereview #springperfume",no,[],[],[],[]
tt-7626129761428901128,"Aleq Baker, vintage pxrn - crimson #angelcore #2010 #angelcoreaesthetic",yes,['pxrn'],['porn'],['C1_Orthographic'],"[""Internal_Masking""]"
tt-7632850463322344712,Casquette The North Face casual en promotion livraison disponible 69 wilaya 🚛📞0659772729📞#casquette #thenorthface #viragesud #mouloudia_virage_sud🇮🇹🙏 #casualstyle #ACAB #dz #foryou #boumerdes_35 #alger,yes,['ACAB'],['All Cops Are Bastards'],['C3_Formal_Compression'],"[""Initialism_Acronym""]"
tt-7632807589117512991,gimme a break...ACAB.,yes,['ACAB'],['All Cops Are Bastards'],['C3_Formal_Compression'],"[""Initialism_Acronym""]"
tt-7632796331089595666,everyone is #acab#1312#thepanturas#against,yes,"['acab', '1312']","['All Cops Are Bastards / anti-police slogan', 'numerical encoding of ACAB']","['C3_Formal_Compression', ['C4_Formal_Encoding','C3_Formal_Compression']]","[""Initialism_Acronym"", [""Textual_Algorithmic_Encoding"", ""Initialism_Acronym""]]"
tt-7632779284322585869,look at it #blastbeatphemy #stickers #acab,yes,['acab],['All Cops Are Bastards'],['C3_Formal_Compression'],"[""Initialism_Acronym""]"
tt-7632772954199313685,the ultras #morroco🇲🇦 #marrakech #ultras #acab #ultrassharkfamily💙❤️🦈,yes,['acab],['All Cops Are Bastards'],['C3_Formal_Compression'],"[""Initialism_Acronym""]"
tt-7632772621326748949,follow for more #acab #follow #italy,yes,['acab],['All Cops Are Bastards'],['C3_Formal_Compression'],"[""Initialism_Acronym""]"
tt-7632771272681868566,take the power back✊ #acab#revolution#leftist #fyp #edit,yes,['acab],['All Cops Are Bastards'],['C3_Formal_Compression'],"[""Initialism_Acronym""]"
tt-7636544061247147277,uhh yeah he has a bussy I can see it in his eyes #billybutcher #billybutcheredit #theboys #theboysedit,yes,['bussy'],['boy+pussy/male anus'],['C6_Morpho_Lexical'],"[""Blending""]"
tt-7636529757600992533,Off to the bussy#mtb#tuff,no,[],[],[],[]
tt-7636506086773689621,Glam by @USER glam 💄👄 we are all so glam mannaquin too 🥰 don’t forget to patronize ur baby girl oo our WhatsApp 08020724841 💕we are available any day anytime 👌,no,[],[],[],[]
tt-7636500894569336095,Very bussy 🌒✨#lifestyle #viraltiktok #meditacion #meditacion,no,[],[],[],[]
tt-7636494470254431495,Working time to much bussy#foryou #foryou #foryoupage #trendingvideo @USER Baig @USER Iqbal,no,[],[],[],[]
tt-7636471013332487445,Especially that bros @USER 🦅🦅❤️ and @USER Bussy 🤣🤣#reyofuniverse #obarey #idanre #idanre_land_of_honor #idanrehill @USER,no,[],[],[],[]
tt-7636459772677459208,"These are my Bordeaux dogs — mom Bussy, son Dambo, and daughter Dussy. We live in Ukraine 🇺🇦 #ukraine #doguedebordeaux",no,[],[],[],[]
tt-7636451032666557704,"These are my Bordeaux dogs — mom Bussy, son Dambo, and daughter Dussy. We live in Ukraine 🇺🇦  #doguedebordeaux  #ukraine",no,[],[],[],[]
tt-7636446095790378248,CEO of Air Acadmey #viraltiktok #growmyaccount #unfrezzmyaccount #peshawar #foryou @USER,no,[],[],[],[]
tt-7636436073572338962,"Bussy so good it's driving me insane 🥵 Hey! If you like our content, please support us by clicking the link in our bio! Any kind of support is appreciated 🤞🏻 #asmr #men #whimper #goodboy #redthoughts",yes,['bussy'],['boy pussy / male anus; sexual slang'],['C6_Morpho_Lexical'],"[""Blending""]"
tt-7636433834476653831,Qurbani #viraltiktok #growmyaccount #unfrezzmyaccount #foryoupage❤️❤️ @USER cattle and dairy fam ,no,[],[],[],[]
tt-7636429011400264982,"his favourite is ‘bussy’ #marriedlife

Love of my life. Could you come here? Love of my life. What's up?  Goose, I'm home. Goose! Goose!  Pudding pop, do you know where my charger is? Ha ha ha! Yes! My weasel!  Fking pudding pop? Sausage face, can you put the dinner on?  Sausage! Yeah, I can do that. How was your day? Mcmuffin Schnuggles? Mcmuffin Schnuggles? Yes. Mcmuffin Schnuggle. My day was good. Mwah! Ha ha! Very good.",yes,['bussy'],['boy pussy / male anus; sexual slang'],['C6_Morpho_Lexical'],"[""Blending""]"
tt-7636406909410512161,today was a bussy morning we have shave the girls. train them. and i have take our Polish queen after the training for small ride. #paardenpraattv #paardenpraat #pony #horse #paard,no,[],[],[],[]
tt-7636406870227438855,The matter long no be small @USER Bussy #creatorsearchinsights #fyp #ondostate #idanresong #idanrehills,no,[],[],[],[]
tt-7636560171879238942,"weirdos on the internet #hullo #cheesepizza #25 #hb #mogger

The whole $25 situation. Hulu, the cheese pizza. I had no idea what it was until I like, did some more searching cause I'm just seeing so many jokes out of it. So many joke videos. I'm like. Then I realized what it was. I'm. I'm generally confused why people are making so many jokes about this. Literally, this subject is disgusting. Like, you're mentally. There's something wrong with you, real or not. That's disgusting.",yes,"['cheesepizza', 'cheese pizza', '$25']","['CP/CSAM', 'CP/CSAM', 'Hullo $25 trend reference']","['C5_Sign_Reassignment', 'C5_Sign_Reassignment', 'C5_Sign_Reassignment']","[""Acronymic_Camouflage"", ""Acronymic_Camouflage"", ""Conventional_Numeric_Symbol_Reassignment""]"
tt-7636556398368673042,|Hullo edit| #hullo #cheesepizza #25 #foryou #foryoupage #viral,yes,"['cheesepizza', '#25']","['CP/CSAM', 'Hullo $25 trend reference']","['C5_Sign_Reassignment', 'C5_Sign_Reassignment']","[""Acronymic_Camouflage"", ""Conventional_Numeric_Symbol_Reassignment""]"
tt-7636555547424148766,25$ max || gotta post while it’s still trending👀 || @USER @USER @USER || freaky hullo || #cheesepizza #25max #hullo #jidion #edit,yes,"['cheesepizza', '25$ max', '25max']","['CP/CSAM', 'alleged $25/package reference', 'alleged $25/package reference']","['C5_Sign_Reassignment', 'C5_Sign_Reassignment', 'C5_Sign_Reassignment']","[""Acronymic_Camouflage"", ""Conventional_Numeric_Symbol_Reassignment"", ""Conventional_Numeric_Symbol_Reassignment""]"
tt-7636552198251449613,"🍔 Cheeseburger 🍔 Savor the irresistible, juicy flavors of Pizza Roma’s classic Cheeseburger! This mouthwatering masterpiece features a perfectly grilled, thick beef patty smothered in rich, melted cheddar cheese, layered with fresh crisp lettuce, ripe tomato slices, and sharp red onion, all nestled between a soft, toasted sesame seed bun. Every bite delivers the perfect balance of savory, smoky beef, creamy cheese, and fresh, crunchy vegetables — a true American classic done right. Whether you’re craving comfort food or something truly satisfying, this Cheeseburger hits the spot every time",no,[],[],[],[]
tt-7636551612281949471,Just pay 25$ for 🧀 🍕|| hullo edit // #cheesepizza #viral #fyp #25dollarsmax #hullo,yes,"['🧀 🍕', 'cheesepizza', '25dollarsmax']","['CP/CSAM', 'CP/CSAM', 'Hullo $25 trend reference']","[['C10_Pictorial_Symbolic',  'C5_Sign_Reassignment'], 'C5_Sign_Reassignment', 'C5_Sign_Reassignment']","[[""Name_Based_Emoji_Mapping"", ""Acronymic_Camouflage""], ""Acronymic_Camouflage"", ""Conventional_Numeric_Symbol_Reassignment""]"
tt-7636549166994296077,these ppl weird asf #viral #hullo #cheesepizza #bp #jidion thank you to jidion bc you’re+C24:C50 lowk tuff,yes,"['cheese pizza', 'cheesepizza', 'bp']","['CP/CSAM', 'CP/CSAM', 'blackpill']","['C5_Sign_Reassignment', 'C5_Sign_Reassignment', 'C3_Formal_Compression']","[""Acronymic_Camouflage"", ""Acronymic_Camouflage"", ""Initialism_Acronym""]"
tt-7636545721100963094,holy #hullo #method #cheesepizza,yes,['cheesepizza'],['CP/CSAM'],['C5_Sign_Reassignment'],"[""Acronymic_Camouflage""]"
tt-7636545531237518606,I’ll pay u 25 if yours is better. #hullo #cheesepizza #fypシ゚viral #sideprofiles,yes,"['25', 'cheesepizza']","['Hullo $25 trend reference', 'CP/CSAM']","['C5_Sign_Reassignment', 'C5_Sign_Reassignment']","[""Conventional_Numeric_Symbol_Reassignment"", ""Acronymic_Camouflage""]"
tt-7636544719174061325,I’m a bloated chud still #gym #fyp #cheesepizza,yes,['cheesepizza'],['CP/CSAM'],['C5_Sign_Reassignment'],"[""Acronymic_Camouflage""]"
tt-7636544188963654926,1 year later… #fyp #hullo #cheesepizza #glowup #gym,yes,['cheesepizza'],['CP/CSAM'],['C5_Sign_Reassignment'],"[""Acronymic_Camouflage""]"
tt-7636538592055151885,going to try and find pepperoni next @USER! #proteinpizza #healthyfoodideas #proteinfood #healthymeals #cheesepizza,no,[],[],[],[]
tt-7636533809105734945,masked one buys cheesepizza #hullo #maskedone #maskedverse @USER masked verse,yes,['cheesepizza'],['CP/CSAM'],['C5_Sign_Reassignment'],"[""Acronymic_Camouflage""]"
tt-7636522318319193375,"Number one rnked foid slayer😳 @USER #cheesepizza #25max #bp #foidslayer #looksmaxing

Hmm. A little bit of this, a little bit of that, I guess. Okay. Um.",yes,"['cheesepizza', '25max', 'bp', 'foid slayer']","['CP/CSAM', 'Hullo $25 trend reference', 'blackpill', 'incel/looksmaxxing slang about women']","['C5_Sign_Reassignment', 'C5_Sign_Reassignment', 'C3_Formal_Compression', 'C5_Sign_Reassignment']","[""Acronymic_Camouflage"", ""Conventional_Numeric_Symbol_Reassignment"", ""Initialism_Acronym"", ""Lexical_Reassignment""]"
tt-7636519384600644886,hes innocent just wait ik something u dont #hullo #cheesepizza #looksmax #fyp #viral @USER,yes,['cheesepizza'],['CP/CSAM'],['C5_Sign_Reassignment'],"[""Acronymic_Camouflage""]"
tt-7636514920799964438,people seriously defending this guy 😭😭 // thankfully me and jidion rocked up #ünder #jidion #hullo #cheesepizza #edit • ib: @USER,yes,['cheesepizza'],['CP/CSAM'],['C5_Sign_Reassignment'],"[""Acronymic_Camouflage""]"
tt-7636514218438561057,"If hullo didn’t meet up with Jidion, folding and admitting he wouldn’t had any problems. Almost nobody cared and most just see it as a meme. Atleast he has his 2500 cheese pizzas now #5x5 #25 #jidion #cheesepizza #hullo",yes,"['cheese pizzas', '5x5', '25']","['CP/CSAM', '25 reference', 'Hullo $25 trend reference']","[['C5_Sign_Reassignment'], ['C4_Formal_Encoding', 'C5_Sign_Reassignment'], ['C5_Sign_Reassignment']]","[[""Acronymic_Camouflage""], [""Textual_Algorithmic_Encoding"", ""Conventional_Numeric_Symbol_Reassignment""], [""Conventional_Numeric_Symbol_Reassignment""]]"
tt-7636514078696983838,This situation is fucked #😭 #foryoupage #fyp #hullo #cheesepizza,yes,['cheesepizza'],['CP/CSAM'],['C5_Sign_Reassignment'],"[""Acronymic_Camouflage""]"
tt-7636513788597931277,@USER the true minor saver || rushed edit || #fyp #hullo #jidion #cheesepizza #edit,yes,['cheesepizza'],['CP/CSAM'],['C5_Sign_Reassignment'],"[""Acronymic_Camouflage""]"
tt-7636510692027190558,New Hullo season #Hullo #25 #familyguy #meme #cheesepizza,yes,"['25', 'cheesepizza']","['Hullo $25 trend reference', 'CP/CSAM']","['C5_Sign_Reassignment', 'C5_Sign_Reassignment']","[""Conventional_Numeric_Symbol_Reassignment"", ""Acronymic_Camouflage""]"
tt-7636508583814876438,oh marlon cyberpunk was not worth 25$ #cheesepizza #marlon #roblox #fyp #arcanelineage,yes,"['25', 'cheesepizza']","['Hullo $25 trend reference', 'CP/CSAM']","['C5_Sign_Reassignment', 'C5_Sign_Reassignment']","[""Conventional_Numeric_Symbol_Reassignment"", ""Acronymic_Camouflage""]"
tt-7636508223587093782,25$ max. Hullo edit. @USER #edit #blowup? #bp #cheesepizza #fyp,yes,"['25$ max', 'bp', 'cheesepizza']","['Hullo $25 trend reference', 'blackpill', 'CP/CSAM']","['C5_Sign_Reassignment', 'C3_Formal_Compression', 'C5_Sign_Reassignment']","[""Conventional_Numeric_Symbol_Reassignment"", ""Initialism_Acronym"", ""Acronymic_Camouflage""]"
tt-7636508025443912982,"Editing him like he's a universal threat#hullo #fyp #25  #edit #cheesepizza

1, 2, 3, 4, 5, 25. 25. Can I buy one creatine, please? 25 max.",yes,"['25', 'cheesepizza', '25 max']","['Hullo $25 trend reference', 'CP/CSAM', 'Hullo $25 trend reference']","['C5_Sign_Reassignment', 'C5_Sign_Reassignment', 'C5_Sign_Reassignment']","[""Conventional_Numeric_Symbol_Reassignment"", ""Acronymic_Camouflage"", ""Conventional_Numeric_Symbol_Reassignment""]"
tt-7636507279927414038,Hullo really Mogged bro while being exposed for buy cheese pizza is crazy work #lookmaxxing #chad #hullo #cheesepizza #chaddoeswhatchadwants,yes,['cheesepizza'],['CP/CSAM'],['C5_Sign_Reassignment'],"[""Acronymic_Camouflage""]"
tt-7636506377359215902,"The fact bro gained 100k proves BP btw 💔 #taperfade #hullo #cheesepizza #lightskin #10kzay

Yeah y'all are brainwashed by cheese pizza. So you mean to tell me that you think fades have been left behind? And who told you this? Same dude who just said 5 by five. Oh y'all are cooked. Grow out your size. Grow out your size. And they still get mugged by this bro. Try to be light skinned rather than try to be a fucking cheese pizza Maxer. Bro like he literally got caught by jdion. Okay I like bro was mugging when he got caught, but still bro like that is not tough. Only people telling you to keep fades are literally cheese pizza max.",yes,"['BP', 'cheese pizza', '5 by five']","['blackpill', 'CP/CSAM', '25 reference]","['C3_Formal_Compression', 'C5_Sign_Reassignment', 'C4_Formal_Encoding']","[""Initialism_Acronym"", ""Acronymic_Camouflage"", ""Textual_Algorithmic_Encoding""]"
tt-7636504315602930958,"#jidionclips #hullo #looksmax #cheesepizza

Facts, facts, man. And there's a lot of looks, Max, dudes that know he's innocent but are on his like freaking forming him to get, you know, interviews and what not. Zeno. Thank you.",yes,['cheesepizza'],['CP/CSAM'],['C5_Sign_Reassignment'],"[""Acronymic_Camouflage""]"
tt-7636503973637164320,bro still doing the method even when hes getting exposed 💔 #fyp #viral #hullo #25 #cheesepizza,yes,"['25', 'cheesepizza']","['Hullo $25 trend reference', 'CP/CSAM']","['C5_Sign_Reassignment', 'C5_Sign_Reassignment']","[""Conventional_Numeric_Symbol_Reassignment"", ""Acronymic_Camouflage""]"
tt-7636501020398423318,"Jidion mogs. PSL ratings + Ascend with @USER App #hullo #max25 #jidion #jidionclips #cheesepizza

Delete, delete and delete your God. Last time. Never gonna do that again.",yes,"['max25', 'cheesepizza']","['Hullo $25 trend reference', 'CP/CSAM']","['C5_Sign_Reassignment', 'C5_Sign_Reassignment']","[""Conventional_Numeric_Symbol_Reassignment"", ""Acronymic_Camouflage""]"
tt-7636498705234939150,bro doesn’t even have $25 in his bank account rn 😭🙏💀 *satire ‼️* #fyp #hullo #25max #cheesepizza #GlowUp,yes,"['$25', '25max', 'cheesepizza']","['Hullo $25 trend reference', 'Hullo $25 trend reference', 'CP/CSAM']","['C5_Sign_Reassignment', 'C5_Sign_Reassignment', 'C5_Sign_Reassignment']","[""Conventional_Numeric_Symbol_Reassignment"", ""Conventional_Numeric_Symbol_Reassignment"", ""Acronymic_Camouflage""]"
tt-7636496916741721374,"@USER 2 Hours of Cheese Pizza is insane btw, hope you rot 💀 #exposed #cheesepizza #evidence",yes,"['2 Hours of Cheese Pizza', 'cheesepizza']","['extended CP/CSAM reference in the Hullo allegation', 'CP/CSAM']","['C5_Sign_Reassignment', 'C5_Sign_Reassignment']","[""Acronymic_Camouflage"", ""Acronymic_Camouflage""]"
tt-7635753511107513621,"I truly do not forgive you, Father. #conangray #familyline #song #dadyissues",no,[],[],[],[]
tt-7635510711405382925,I js want to be loved by him 🫩 .#dadyissues #fyp #dad #mentalhealth #draind,no,[],[],[],[]
tt-7635500446093708574,"#dadyissues #zyxcba #drained #dad#..

It's not bullshit. You would know that if you listen to anything I ever say. And the drinks aren't for me. They're for my friends, the ones upstairs that you never took the chance to get to know.",no,[],[],[],[]
tt-7635456180755647774,Yes I did start sobbing in the hallway at skl bc of him #dadyissues #dad #family #familyissue #getmeoutofhere,no,[],[],[],[]
tt-7635364480423070998,my full story #papa #absentfather #dadyissues #fyp,no,[],[],[],[]
tt-7635119396465233183,This isn’t even the full story. 🙏      #dadyissues #imissyou #mentalhealth,no,[],[],[],[]
tt-7635050362889588001,I guess it's time to go to bed #dadyissues #dpd #realtalk #viral #lowkeymental,no,[],[],[],[]
tt-7635027053523389703,watch my story #fyp #foryou #explore #theneighbourhood #dadyissues,no,[],[],[],[]
tt-7634941495434431752,it's real btw #foryoupage #fkpop #viralvideo #dadyissues #foryoupage,no,[],[],[],[]
tt-7634765883629473042,A day in wwm 💅🏼#wherewindsmeet #wwm #dadyissues,no,[],[],[],[]
tt-7634255726050938126,Sappy but idc #fyp #wokst★rz #dadyissues #relatable #viral,no,[],[],[],[]
tt-7633643252733758751,I wish it wasn’t real #fyipシツ #real #relateable #dadyissues #alyssagrace,no,[],[],[],[]
tt-7630373116757167367,a true story fyp #dadyissues #wlw #fyp #viral #foryoupage,yes,['wlw'],['women-loving-women/lesbian'],['C3_Formal_compression'],"[""Initialism_Acronym""]"
tt-7629129635132951828,"#dad #dadyissues #fyppppppppppppppppppppppp #rant #historytime do y'all what me to share more stories like that?

yesterday my dad was watching porn on the living room out loud no shame just straight up porn on the living room at eight PM dude I I guess I was happier when he was just on drugs or whatever my my life was definitely better than this anyway that that's it for today easy out I guess",no,[],[],[],[]
tt-7625675909198007574,i need to watch this movie. || #fyp #oldermen #dadyissues #xyzabc #cutecore,no,[],[],[],[]
tt-7625066761649425678,Official video out now. #dadyissues #ivorycrowe #applemusic #spotify #fyp,no,[],[],[],[]
tt-7624611290949930270,"💔Sometimes a little girl’s first heartbreak doesn’t come from a boy… It comes from the one man who was supposed to protect her, choose her, and make her feel safe. A father who was absent, abusive, emotionally unavailable, or inconsistent can show up later as anxiety, overthinking, people pleasing, settling for less than you deserve and staying in a relationship longer than you should.  It can leave you questioning your worth. Not because you’re broken… but because your heart adapted to what it didn’t receive. Healing this isn’t about blaming your father forever… it’s about finally becoming aware of how it shaped you so you can take your power back. This is exactly why I created my guided workbook 18 Steps to Healing Father Wounds. You don’t have to carry this into every relationship, every decision, every season of your life. You can heal. You can feel whole. You can experience peace. If this spoke to you, start your healing journey here: stan.store/healingdaddyissues if you know someone who could benefit from this, please  forward it to them.  If this at home for you, leave me a heart in the comments. There’s something powerful in knowing that we’re not alone in this. #💔 #selfworth #fatherissues #fatherwounds #dadyissues",no,[],[],[],[]
tt-7623896059806256414,NBH 2Night in Forth worth. #theneighbourhood #dadyissues #zybca #forthworthtx #concerts,no,[],[],[],[]
tt-7623546464765103390,my heart and soul 🫀 #fyp #fypシ #viral #tiktok #trending #bsf #bestfriend #theneighbourhood #dadyissues,no,[],[],[],[]
tt-7622372703776869662,"#dadyissues #relatable #vent #hatemydad #fyppp

Then you post it up thinking that it's making me sick. But when I see you calling, I'll be making it quick. I'mma answer that shit. Like, I don't fuck with you, bitch.",no,[],[],[],[]
tt-7620074648750804255,the last one #dadyissues #vent #tired. #hatemydad #fyp,no,[],[],[],[]
tt-7635797750025604359,"*A child gets graped by your husband and you still choose him…that stupidity… *Your sibling suffered in the hands of a man who you hype higher..that’s betrayal  *God uses you to pray for Ugandans but couldn’t use you to stop the war in Congo…scammer  #ansiima

A girl was sexually abused by her stepfather at the age of 11. And I still don't understand how the rest of the world with strangers understood this girl's pain better than her family. Strangers are ready to stand with this girl, fight for this girl, sob with her, lend her shoulders as it is supposed to be. And what family chose, by family, I mean mother and siblings, mother and who, siblings. What they chose to do was to side with a predator, with a rapist by forgiving him. They forgave him in the name of the Bible says. So. The Bible says you should forgive and move on. The Bible says that blessed are those that will forgive. The Bible says a, B, C, D. There is no way I'm gonna miss out on heaven simply because I failed to forgive. They are still quoting the same Bible whose owner failed to protect a child from being grabbed. That is how crazy religious people can be. And the most crazier thing in this part is the Grappist, the stepfather is a prominent pastor, a Congolese who came to Uganda and build a church that was a hit, that made it also. I, let me take this opportunity to, to, to call some Ugandans down, because how can you put your trust in someone whose country is falling apart and they are claiming to be pastors, miracle makers, miracle workers, and they could not settle. They could not pray. For their country fast to settle before they pray for you and you also accept. Anyway, and another crazier part is that the mother of this child is also a prophet. I thought prophet, prophets are meant to see the future. Like this lady didn't see her child getting dropped. She didn't see that, but she sees other people's problems and futures. MHM. Anyway, that day that girl got gripped. The mother had left her by herself in the house and went to a crusade, to attend a crusade where she was going to be a prophet, where she was going to prophesies to people as this lady was busy calling on uh, the heal, summoning the healing hand of god, the loving god god was busy watching on as her daughter was being grabbed. That is also another crazy thing and that is one reason, one of the reasons as to why I left religion and everything Abrahamic. Again, those people don't stop at that, especially the mother. After finding out that her child is being gripped, now instead of getting rid, disposing of the man, what does she do? Huh? She blames her daughter, an 11 year daughter. She says that her daughter brought it upon herself. Is it not you who seduced him? Is it not you who is always skimpy around that man? Is it not you who is always chewing gum? Chewing gum for them? Chewing, like chewing all the time. Okay, chewing gum is A sign of prostitution so the lady was like, is it not who is always chewing chewing ah ah ah ah ah you brought it upon yourself and the lady kept to the man the abuse went on from the age of 11, 12, 13 and got an opportunity later and relocated to uh Sweden. They left the man behind and the girl got a sense of relief only for this same mother to file in papers for his for her husband to join them after one year of living in Sweden hmm, the fear mode hits in once more again she is shattered, she is shaking, disappointed in her mom but then the mom's excuse is that ladies, there is no way I'm gonna raise my children without their father in the picture this man has kids with the with this uh with the with the lady two kids so the lady is like, I want to raise my children together with my husband and you also need this father figure a father figure that showed me you his bola you the crazy anyway, fast forward, the guy gets into Sweden, he's now a certified member of your family there is nothing you can do because Mommy said and what Mommy says cannot be what demolished so the guy gets into the house, you all under one roof guess what he picks on from where he stopped he molests you again. Now you are 15 years old so you Get tired and get married early on. Bringing your man, introducing your man to your parents, eh, your supposed parents. The man says, the man comes to you, meets you in privacy and tells you, in order for me to let you go with your husband, you need to first give me some for the last time. Hmm. Mind you, every single person in the house knows about it, about how you've been treated by this man. But then guess what they say for them, they have nothing against that man because the Bible tells them to forgive. Anyway, you live with your husband. You go make your own family. The people you think, the people you expect to hit for you like hate on your behalf, guess what? They are busy making TikTok videos with your predator saying, father, father, my father, father. Mind you, this man is a stepfather to all of you, apart from the two, the last two. But these, your siblings who you have the same father with are busy calling this person father. Enough for them. They are enough for them. This man is their father. The best father ever. That one screams betrayal. Then after getting, after getting a first class betrayal from your family, you choose to bring your story on here. And guess what? You get showered with lots and lots and lots of love from different people. People coming from different parts of the world. We love you.",yes,['graped'],['raped'],['C2_Phonetic'],"[""Near_Homophone_Drift""]"
tt-7635793776820112658,16s 4-1 L Div 2 got graped  Thanks John for getting a red and making me keeps,no,[],[],[],[]
tt-7635790077951544590,"I had lost my love, been gRaped, and was living with my abusive family again…for that get away trip to turn into another trauma. No one cared to see my perspective…why would they wanna submit to the horrors. Wish I could’ve been the version I needed when I needed it 🫂🩷 grateful for the dramatic GOOD change in my life now. #perspective #throwback #trauma",yes,['gRaped'],['raped'],['C2_Phonetic'],"[""Near_Homophone_Drift""]"
tt-7635776294394793236,Lautech pastor that graped students @USER,yes,['graped'],['raped'],['C2_Phonetic'],"[""Near_Homophone_Drift""]"
tt-7635771012386131221,"Men do not open up about after being graped because they cannot deal or handle the idea of being a victim.  Howevee, men who have been graped commonly experience profound psychological, emotional, and physical trauma, often exacerbated by societal stigma, shame, and the pressure to adhere to traditional notions of masculinity. Common reactions include, but are not limited to, deep shame, guilt, self-blame, anger, and confusion regarding their sexuality or sense of ""manhood"" With women is similar psychological impacts after being graped with Borderline Personality Disorder (BPD) symptoms prevailing. These psychological impacts for both men and women, they make it difficult to form and maintain romantic relationships unless they are attended to.  ",yes,['graped'],['raped'],['C2_Phonetic'],"[""Near_Homophone_Drift""]"
tt-7635768819792776468,"May justice be found for this soul that was graped from her innocence. speaking calls for accountability for those who disguise themselves as good while doing the worst to the vulnerable... merveille I pray you find justice, hope in your journey . Be brave.. u such an inspiration",yes,['graped'],['raped'],['C2_Phonetic'],"[""Near_Homophone_Drift""]"
tt-7635736087603744030,Day 1: Posting  my foster care story. if you want more detail about events or things like that that I talk about in this story.Please comment down below.And I will make some stories#if you want more detail about events or things like that that I talk about in this story. Please comment down below. And I will make some stories. #SA #SURVIVOR #graped #Warning,yes,"['SA', 'graped']","['sexual assault', 'raped']","['C3_Formal_Compression', 'C2_Phonetic']","[""Initialism_Acronym"", ""Near_Homophone_Drift""]"
tt-7635733592831806742,"Lincolnshire Police have made a press release after woman graped behind hotel in Skegness UK but it’s like the Public are always the last to know please share the video #police #fyp #viral #capcut  #public  @USER News @USER @USER protest live @USER @USER Reports @USER

Do you know anything about what's happened to this hotel? No. Nothing at all? No. What should people be protesting about? Nothing. Please don't want to tell us. I hope you don't answer any questions we're asking. We're dead. We're a public. They put. They probably just want to know. We're not interested. We're not interested. You up anything? Probably just want to know what's. If anything's happened. What's happened? Allegedly, a woman's been attacked by a migrant living in one of the hotels. Right. People are protesting here today. Yep. Just wondering if you could tell us any information about it. I was standing as Lincolnshire Police put a press release out last night, and I know. I know nothing more than that. So, Lincolnshire Police have put a press release out last night. Last night? Yep. No, I. The police say there's nothing about it. Um, Linky, she. Police has put a press release out about it. Do you know anything about what's happened to this hotel? No. Nothing at all? No. What should people be protesting about? Nothing. Please don't want to tell us. I hope you don't answer any questions we're asking. We're dead. We're a public. They probably. They probably just want to know. We're not interested. We're not interested. You up anything? Probably just want to know what's. If anything's happened. What's happened? Lincolnshire Police have put the press release out last night. Last night? Yep. No, I, I, I, I, I, I know. No more than that. So I can't say anymore than that. Okay. Okay. So the police said they know nothing about it. Um, Lincolnshire Police have put a press release out about it.",yes,['graped'],['raped'],['C2_Phonetic'],"[""Near_Homophone_Drift""]"
tt-7635683344260336909,#2k#basketball#gaming#fyp#fypシ  This grown man was so buns yelling “PASS THE BALL CUH!” And bricked every shot.   This man got mad to the point he told me my dad got graped 🍇 in jail and I couldn’t take it serious because he sound like he spreader winded down his throat. But I wanna hear what these lifeless men be saying to ya😂.,yes,"['graped','🍇']","['raped', 'rape']","['C2_Phonetic', ['C10_Pictorial_Symbolic','C2_Phonetic']]","[""Near_Homophone_Drift"", [""Name_Based_Pictographic_Mapping"", ""Near_Homophone_Drift""]]"
tt-7635669736520420641,"The story Wannie gave that my mother was graped by our father @USER was fake. Merveille Ansiima says #talk #gossip #storytime #ugandanstiktok #truestory

Was merveille the victim or her sister? Um, I'm the one who was. Who was graped a. Who was S S A. By that man. Wannie said no, but when you come to Dorcus and Jemima, it was just like the beating, the punishment. But no, for them, I, I, I don't know, really. You never know. Because I remember one day our mother found him opening dorcus and Jemima's door, their room, when he wanted to sneak in docus and Jemima's, because Jemima and Dorcus, they shared the same room. So mum found him opening, you know, trying to sneak out in Jemima and Docus's room. So they started fighting, yelling, because he was even in a towel. When mum found him on their door, he was in the towel. So I can. I mean, maybe they may be scared to speak up, but I don't know if it has ever happened to them, honestly. But to me, yes, it. It happened to me. 11 years old, 12 years old, 13. He stopped until we came to Sweden. Merveille I know you are leaving. But also, uh, there's one thing that dorcus mentioned about, um, that when you, when you guys were told that your stepdad that was going to come to Sweden, nobody ever was against it. Except her. She was the only person who speak up and was against it. Ah, Merveille, Jeremiah. Ah. Ashuza everybody else did not say anything about it except to her. And it was against that. Eh, Dorcus said something that day. But she just said one thing. Her heart is not happy with this man coming out, coming to Sweden. Yes, that's what dorcus said that day. On my side. The reason why I didn't even say anything. And I didn't want to go against my mom because I. They made me believe that I'm the one who. I did my mom wrong. And I. I carried this burden of saying I will always just wanna do things right by my mum. Because I'm the one who did her wrong. No. So that's why I also didn't go against it. Because I was like, if this is what is gonna make her happy, because if really mummy cared about my opinion, she could have asked me. But no. And I see my. Your sister said that, um. It's a generational curse. Oh my God, I cried when  they said that I'm. I'm not your biological sister. But I told you now you're my sister by first. But yes, literally I cried cause I was like, imagine a sister saying. Oh, exactly. Went through this. Oh my God, someone literally did that to your sister? Please. Because that's how we're here. Because she. Because that's how she always. Because she doesn't want. Um. Okay, er. I know she's speaking for her mom because she say this happened to Our mom. Okay, she's saying that our mom also was abused when she was 14 by our biological father, but I'm not gonna lie to you guys. Exactly. That story is fake. Yeah, it is so fake. Because it was your grandmother. I had a sister who is a generational curse",yes,"['graped', 'S S A']","['raped', 'sexual assault']","['C2_Phonetic', ['C1_Orthographic', 'C3_Formal_Compression']]","[""Near_Homophone_Drift"", [""Segmentation_Noise_Insertion"", ""Initialism_Acronym""]]"
tt-7635659526812814613,"Being romantically involved with someone who has been graped can be very challenging and depressing. This is because most victims of grape are associated with Borderline Personality Disorder (BPD) which is more likely to develop after grape trauma.  some symptoms of BPD according to DSM-5 include frantic efforts to avoid abandonment, unstable/intense relationships, identity disturbance, impulsivity, self-harm/suicidal behavior, emotional instability, chronic emptiness, intense anger, and temporary paranoid/dissociative symptoms. Contact/WhatsApp us on PHONE for more information about our psychological services.",yes,['graped'],['raped'],['C2_Phonetic'],"[""Near_Homophone_Drift""]"
tt-7635645498371722518,Bro is NOT getting graped #brianmoser #ae #edit #dexteredit #dexter #dextermorgan #editingnews ・ Upload Method → @USER,yes,['graped'],['raped'],['C2_Phonetic'],"[""Near_Homophone_Drift""]"
tt-7635630423573302536,"So this was in 2024 when I wrote waec I decided to try relationship cause through out my primary and secondary i didn’t date any one. I went for a party with one random girl that became my friend over night so getting there this two friends saw me and the girl knew them she gave them my number without even asking me if she should give them the other one started talking with me and I started liking him but I knew i couldn’t date him cause I was very taller than him.  So after a while he asked me to be his bestie I said no wahala before you know his friend started confessing love to me saying he loves me this and that so I decided to give him a chance even his friend was begging me to date him. Omo fear girls so i didn’t understand what was happening I naw asked the first guy that why did you suddenly change your mind and now you are begging me to date your friend he naw told me that he still likes me but seems his friend likes me more I naw proceeded to tell this girl the situation on ground she told me that I should date the both of them and I’m like😂 this people are leaving in the same house she said no oh they will not know so I naw advised my self that abeg oh i cannot do that.  Fast forward to them we started dating this boy told me he didn’t have anything cause that was after his birthday so I was the one sending him money and other things i literally use to send this dude money almost every day even his friends use to ask me for money and I’ll give them. This dude use to spray money in the club and balling life style he will be in the club and be asking me for money that he is stranded I will send him money only for me to see videos of him spraying money. I used all the money my dad sent to me after my waec for a new phone to spend on this guy and also my mom’s business money. Fast forward to the time I travel for nursing school, you know how school life use to be it was so hard like i literally couldn’t ask this boy for money he will be the one asking me I will tell him i don’t have but he won’t listen untill i got tired and blocked him. During the relationship before i blocked him he continued asking me if I was a virgin i didn’t understand so the first time we had something to do this guy was shouting on me saying a lot of things that I lied to him that I am a virgin not knowing that I was graped when I was little i obviously couldn’t tell him that. While I was in school I went to mountain one day cause mountain isn’t far from our school I use to go there once once to pray, that day the pastor told me that they almost used me for rituals I should thank God for my life i didn’t even think twice I knew it was him and that was the moment i realized that was why he was angry about me not been a virgin. Fast forward to the time school became so hard I had to come back home to meet my mom this boy used everybody’s phone and acct to message me to forgive him I had to tell him what he did after telling him he told me that he can’t deny it cause he was going through a lot😹Omo #viralvideo #stupidboy #videoviral",yes,['graped'],['raped'],['C2_Phonetic'],"[""Near_Homophone_Drift""]"
tt-7635623800779918610,"Activities involved: pedophile in loose, graped a 7 year old @USER",yes,['graped'],['raped'],['C2_Phonetic'],"[""Near_Homophone_Drift""]"
tt-7635561812280265992,south bronx is not for the weak #robloxfyp #southbronxthetrenches #graped #slimedout,yes,['graped'],['badly defeated / rape-coded reference'],['C2_Phonetic'],"[""Near_Homophone_Drift""]"
tt-7635526744602135828,what a beautiful weekend for the gunners 🔫🔫🔫. Another three points  graped again.  ##@USER##,yes,['graped'],['badly defeated / rape-coded reference'],['C2_Phonetic'],"[""Near_Homophone_Drift""]"
tt-7635509511234571541,"Say no to sexual and domestic abuse imagine being graped and being punished for not praying it's not about her only but the entire family. Her wounds are deep and only those who have been in her situation will understand her, but as a woman I feel her pain 😭 am a mother and I wouldn't want people like him in the society where we are raising our innocent kids. Ugandans need to do better after listening to their story these angles are hurt and the are strong enough to try on living a life. Love you guys hope God serves Justice you deserve @USER Ansiima ☆ @USER Ashuza @USER Kusinza #viral #fyppppppppppppppppppppppp #saynotodomesticviolence❌❌😩",yes,['graped'],['raped'],['C2_Phonetic'],"[""Near_Homophone_Drift""]"
tt-7635490517450525982,"Mind you I had a party for my baby for her 1st and my sister didn’t come after I spent so much money and even personalized crowns and goodies for her daughters to take home after the party and she said she “needed a break to get ready for the work week” so she could not make it… didn’t buy a toy or anything…. My daughter was turning 1. And the next day she took her daughter out and sent pics in the family group chat talking about “my mermaid princess” WHICH WAS THE THEME OF MY DAUGHTER PARTY THAT SHE DID NOT COME TO. Mind yall I was there for her during her pregnancy, I went to her daughters parties, I was there when she gave birth. And simply because I became friends with one of her friends (I got graped and was depressed asf so her friend would check on me and we got close) and she chose a man over a bond wit her own blood she don’t want anything to do with me and apparently my child either. Nd yes my mom condoned this bullshit and doesn’t say anything but I’m in the wrong for feeling some type of way… awe ok 👌

Aren't you just as pretty as a Magnolia, may? Seems like only yesterday we were",yes,['graped'],['raped'],['C2_Phonetic'],"[""Near_Homophone_Drift""]"
tt-7635487050367569182,I want to clear something up before anyone comments. Yes. Most men are bad. Statistically. To me if you say “if its a boy im getting an abortion” it’s weird. You can teach him how to be a good person. Automatically just assuming a BABY boy is bad before being able to even raise him is so weird?! “He’ll get grape charges in the future” WHY are we assuming that of a child.. it’s like saying “i dont want to get a girl because statistically they get graped more” please just love your children. YOU are rasing the future generation. If your son/daughter comes out back it’s because how you raised them. It is ok to assume the worst of a man FOR your safety. Statistically You can be in danger. Thats fine. But saying you hate men and make it your whole personality is weird. No i dont think misandy is as bad as misogyny. It just gets to a point. (Im saying graped bc i dont want my post to be took down) #misandry #woke #feminist #loveeveryone #xyzbca,yes,['graped'],['raped'],['C2_Phonetic'],"[""Near_Homophone_Drift""]"
tt-7635487050124250382,And the list can go on. Also I wasn’t graped so I hope I spelled grope right #ffyyp #childhood #lolz,yes,['graped'],['raped'],['C2_Phonetic'],"[""Near_Homophone_Drift""]"
tt-7635403625669397773,"my whole sa, graped, and abuse story is just in that 1 file. #sexualassualt #abuseawareness #fypシ゚viral #viral #graped",yes,"['sa', 'graped']","['sexual assault', 'raped']","['C3_Formal_Compression', 'C2_Phonetic']","[""Initialism_Acronym"", ""Near_Homophone_Drift""]"
tt-7635371914201943310,Tell you now I’m not getting GRAPED 😂🤫,yes,['graped'],['raped'],['C2_Phonetic'],"[""Near_Homophone_Drift""]"
tt-7635371252076563743,i will never be the same AGAIN.. #mentalhealth #graped #ihateithere,yes,['graped'],['raped'],['C2_Phonetic'],"[""Near_Homophone_Drift""]"
tt-7635366717262187783,Really graped bro 😬 #stitch#fypシ゚ #xyzabc #fyp,yes,['graped'],['raped'],['C2_Phonetic'],"[""Near_Homophone_Drift""]"
tt-7635360201398291745,Ngl kinda got graped🍇#treanding #soccer #fyp #footy #techy,yes,"['graped', '🍇']","['raped', 'rape']","['C2_Phonetic', ['C10_Pictorial_Symbolic','C2_Phonetic']]","[""Near_Homophone_Drift"", [""Name_Based_Pictographic_Mapping"", ""Near_Homophone_Drift""]]"
tt-7635358544354757902,Their mother was graped by her biological father and she had children with him so they’re related their own maternal grandfather is also their biological father ohhhh Jesus have mercy upon us #💜💜💜💜💜💜💜 #fyppppppppppppppppppppppp #sengaacid #merveilleansiima #jemimahashuza,yes,['graped'],['raped'],['C2_Phonetic'],"[""Near_Homophone_Drift""]"
tt-7635334676143508756,I am literally shaking I am so angry so long story short this woman went for a cosmetic surgery and during the process the doctor raped her she woke up feeling pains throughout her body especially her private areas and to make things worse she is a lesbian 😭😭😭😭 so she went to see another doctor who told her that she was graped and needed an rape kit that is when she realized the situation she then reported it to police department in the USA but they closed the case even though they had enough evidence to capture the doctor that is problem with the USA they always protect criminals 😭😑😭😑# justice for rape victims this case brought a chill down my spine I am also so pissed at the USA government this is not fair,yes,['graped'],['raped'],['C2_Phonetic'],"[""Near_Homophone_Drift""]"
tt-7635296681294138656,"Jemima says she was just advising Merveille when she said Merveille wasn’t the first person to be graped and wasn’t mocking her #storytime #talk #gossip #grwm #justiceformerveille

and I remember I told her this thing in a good way. We were not like when I told her marrying. Remember, you know, the first time, because we were speaking about it, and I was like, girl, you passed through a lot, you know? And one day, every single thing, justice will be served but Merveille  And then I told her, by Mary. Remember, you're not the first person who has been passing through this. There are many people that are gonna come behind you. Many people are literally going to come and support you. When the right Time has come. That's what I told her. That's why I told her, you're not the first person, you know, to be graped. You're not the first person to pass through this. I was telling it to her in a way of encouraging her. That girl, you're not alone. There are people out there. We are all here, you know? That's what I told her. And that's where she removed that thing out of proportion. Saying that. I told her, you're not the first person. I didn't say it in a context of mocking her, because wanni You guys know me. I'm always there. And Merveille me and Merveille were so, so close, like, so close to each other, that I could never wanna hurt Merveille  you know? So when I. We were even talking about it in a good way, so I was just like, when it came out, and that's the thing that hurt me. In everything that she was saying, saying, imagine Jemima saying, you're not the first person. And I was like, I've never mocked you. I've never mocked your story, you know, at all. But when every single thing in the chaos, in the midst of the chaos, got heated, and I told her, Merveille  the only thing that you're doing that is wrong, that I can tell you. Leaving Rachel and zipporah to grow up. They're still getting attached to their father. You might as well tell them now. Tell them now. Your father, Is like this, like this, like this. Now let them now I'm thinking cut ties or let them now choose to go with him. Because the more they grow talking to him, speaking to him, they're gonna grow and getting attached to their father, you know, so it's going to be so, so hard for you to like. Or tell them to choose sides, or tell them to take your side and everything. And this was a no. They're gonna choose side. They should know that everything has a consequence, and in all the things that you need to do, that they should choose also. But these children, they were never part of any single thing that happened. And I told them, Merveille  you know, we grew up without a dad, without a loving father. You can tell us, Jemima. That guy came to you, you know, you were looking at pigs. He beat you he did this. He did this. Yes, he did. But what are you gonna tell zipporah and Rachel that he did that you can be like. They're gonna feel. They're gonna hate them, you know, they're gonna just feel like this. That's the thing that you need to understand. Do not let us not let these things as so get out of proportion or get blown up or anything. But, Mary, just literally leave Rachel and zipporah out of it. That's where our all drama, every single thing came out on social media. That's where Everything started because she said that. No, now you guys are being too much. You guys are not even seeing anything. I was like, when are we not seeing everything? Me telling you to let Racheal and Zipporah be because they've been through a lot of things. You know, there is a way you can speak about your story the same way you did speak about it on YouTube. Girl, we were silent. We were literally with you through every single thing that you were passing",yes,['graped'],['raped'],['C2_Phonetic'],"[""Near_Homophone_Drift""]"
tt-7635244762047565086,"AMBER LEE HUGHES FOUND GUILTY: She R@PED HER BF'S DAUGHTER in a jealous rage when he left for an interview. She believed he was going to cheat on her and told him she'd ""burn his heart"". She graped his 4 year old and drowned her. Shes been found guilty of both charges #amberleehughes #amberhughes #nadajane #southafrica

The woman who raped and drowned her boyfriend's four year old daughter has been found guilty. I'm gonna refresh you on this case, but the last time we talked about Amber Lee Hughes right here, who used to be a preschool teacher, we talked about how she was just found guilty for taking the life of Neda Jane. Now she has been found guilty of raping her before she took her life. Again, this is Amber Lee Hughes, and she was dating Neda Jane's father. They were having a lot of issues. And one day, Neda Jane's father said that he was going out for an interview. And she. Amber, did not believe him. She sent him a text telling him that she didn't believe him and that since he broke her heart, she was going to burn his. Shortly there after, she ran a bath. She held Neda Jane down into the bath. But trigger warning. What else she did was SA this little girl before she took her life. I'm gonna show you a little clip of the court hearing where she was found guilty. I do have to take out a couple words if it sounds like there's a skip. Disrespect of Kung fu, which is the rape of the innocent child who was barely 4 years old. By placing an unknown object in here. I adjudicate you guilty. Similarly, in respect of count 3, which is premeditated or planned murder, I adjudicate you.",yes,"['R@PED', 'graped']","['raped', 'raped']","['C1_Orthographic', 'C2_Phonetic']","[""Visual_Similarity_Substitution"", ""Near_Homophone_Drift""]"
tt-7635168567050194189,Women are scared of being graped and m*rdered. Men are scared of rejection and having to pay for a meal. #decentermen #patriarchy #divorced #protectwomen #domesticviolencesurvivor,yes,"['graped', 'm*rdered']","['raped', 'murdered']","['C2_Phonetic', 'C1_Orthographic']","[""Near_Homophone_Drift"", ""Internal_Masking""]"
tt-7635138034182212884,#mzansi mara you are Weak for keeping quiet while our country is Graped,yes,['Graped'],"['violated / exploited, rape metaphor']",['C2_Phonetic'],"[""Near_Homophone_Drift""]"
tt-7635135403963583758,"PUNISH THE HUSBAND HUSBAND WAS WHIPPED NO JUSTICE EVER CALIFORNIA MISSION COURTS WHIPPED A HUSBAND AFTER HIS WIFE WAS GRAPED AND FREED HER ATTACKER They built a legal system inside those mission walls designed to make sure Indigenous men could never protect their own families and called it God's order. Hidden California History Real California History Erased Native Voices Indigenous California Truth Mission System Truth Mission Sexual Violence California Indigenous Justice Denied #CaliforniaBuriedHistory  #HiddenCalifornia  #RealCaliforniaHistory  #MissionSystemTruth  #IndigenousJustice

A soldier violated a man's wife. The mission's response was to whip the husband for failing to protect her. The attacker was never touched. Follow California buried history if you are tired of systems that punish the victim and protect the predator. One man testified personally. A vacarro graped his wife. The mission's judgment fell not on the vacarro, but on the husband. He was whipped for failing to prevent it. The attacker faced nothing. No punishment, no removal, no record of consequence. This was not an oversight. This was the mission system's relationship with indigenous men made plain in a single case. You had no authority over your family. You had no recourse in their courts. Your wife's violation was your failure. Your pain was your sentence. And the man who caused all of it went back to work the next morning untouched. Don't follow. You may never see me again. But save this to favorite so you can come back. Thank you.",yes,['graped'],['raped'],['C2_Phonetic'],"[""Near_Homophone_Drift""]"
tt-7635087142431001887,"Statistically 8,082 people primarily women were graped in the time it took TikTok to decide to not approve this appeal. I wonder how many of them visited the “academy” site.",yes,['graped'],['raped'],['C2_Phonetic'],"[""Near_Homophone_Drift""]"
tt-7635078825176550686,"WARNING/CAUTION: This post talks about the grape and m¥rder of a little girl. If you think you’ll be distressed by this post don’t read, take care of yourself. Alesha MacPhail was a six-year-old girl originally born in Glasgow, Scotland and lived in Airdrie. At the time of her m¥rder she was staying with her Grandparents at the Isle of Bute.  She was a happy little girl who enjoyed baking and gymnastics. Alesha went to bed on the night of July 1st 2018. Her Grandparents put a Peppa Pig DVD on for her. She was checked on at around 11pm and she was soundly sleeping. After a party at his house, sixteen-year-old Aaron Campbell left his house to ‘’go and get stoned’’ and steal some cannabis. He brandished a knife and left the house at 1.54am.  His friend seemed worried for Aaron as he had been acting ‘’suicidal’’. Aaron was acquainted with Alesha’s father Robert and Robert’s girlfriend 18-year-old Toni who he had bought cannabis from before. He entered the property where Alesha was sleeping using a key that was placed next to the door.  He entered Alesha’s room where he spotted her sleeping. He later stated he saw this as a ‘’moment of opportunity’’ and ‘’all he could think about was offing her’’. He then took Alesha from her bed. He left the house and carried her along the seashore.  She awoke, confused, asking who Aaron was; he simply claimed that he knew her father and that he was going to take her back home. He then brought her to an area which was secluded and then graped her, tortured her and offed her , Aaron then threw her clothes in the sea. She suffered 117 separate injuries and passed away  by forceful pressure applied to her face and neck. The injuries to her genital area were described as the most severe the pathologist had ever seen, consistent with ""severe and forceful inflicted penetration"". Some of the 117 injuries were caused by vegetation in the wooded area where she was found, and almost all of them were sustained while she was still alive. The child made no attempt to run as her feet were clean and she made no attempt to fight back, she was entirely defenceless.  At around 9am the same morning, Aaron called his friend but his friend didn’t pick up. His friend then messaged Aaron asking him to look out for Alesha. Aaron replied ‘’oh damn. Am sure she’s not went too far!’’ Alesha’s naked body was discovered in a wooded area near an no-longer-operating hotel. The knife was discovered dumped not far from the house where he had taken Alesha from. He was arrested for her murder on July 4th. CCTV footage showed Aaron leaving his house as well as footage showing Aaron carrying something along the shore. DNA of Aaron’s was found on Alesha’s discarded clothing. During the defence at Aaron’s trial, a claim was made that Toni was having a ‘’sexual relationship with Aaron which she denied. The defence claimed that Toni murdered Alesha and planted Aaron’s semen at the scene. It was shot back that Toni loved Alesha and would never do anything to harm her. To this day, Toni gets harassment from Aaron supporters. Aaron was sentenced to life imprisonment but needs to serve 24 years before being considered for parole. This was originally 27 years but reduced on appeal. Aaron has since confessed and claimed that he was ‘’quite satisfied’’ with the murder. He revealed that he struggled to stop himself from laughing at the trial and has since had fantasies of sexually assaulting children and having sex with dead bodies. Aaron’s disturbing behaviour came to light before the murder. At age 15, Aaron considered commiting rape. He sent a Facebook message saying that he might kill for the experience. He was also sent into a rehabilitation programme for starting fires.",yes,"['grape', 'm¥rder', 'offed']","['rape', 'murder', 'killed']","['C2_Phonetic', 'C1_Orthographic', 'C8_Semantic_Circumlocution']","[""Near_Homophone_Drift"", ""Internal_Masking"", ""Euphemism""]"
tt-7635036306338319630,"✨️pls read✨️ I hate a+C114:C130nd I mean HATE when people especially MEN say oh what where u wearing. um how about a F***ING PJS CHARLES. And then people will be like why didn't u say anything sooner. I dont know KAREN MAYBE BECAUSE I WAS FUCKING 9 AND THOUGHT IT WAS MY F***ING FAULT. UGHHH people need to understand that sometimes its hard to speak up because sometimes when we do we arnt beilved. ""he wouldn't do that"" YES HE WOULD. anyways to ever who has been SAed and Graped i hope u get the justice u deserve. you are not alone i promise. #justice #survivor  #fyp",yes,"['SAed', 'Graped', 'F***ING']","['sexually assaulted', 'raped', 'fucking']","['C3_Formal_Compression', 'C2_Phonetic', 'C1_Orthographic']","[""Initialism_Acronym"", ""Near_Homophone_Drift"", ""Internal_Masking""]"
tt-7635024638820584736,"My siblings side with my stepdad who graped me. Merveille Ansiima story #storytime #truestory #protectchildrenfromabuse #talk #truth

This man. The more we continue living. This man in this world. God of justice. May this man. Ah, guys, it hurts so bad. Because no mother deserve to hear their kids going through something like. And the worst thing is that he was a pastor, you know? You know, the truth shall set us free, I don't know how people think these days. I don't know. And the reason why people like this are still walking on this planet is because abantu NGA. My sister's Dorcus , Jemima. Let me say names. Let me say names. You can't protect a grapist. You can't protect a pedophile. They show you that they are not gonna. You know how a lion is going to attack? It first observes. People who know a lion is a dangerous animal. It observes. It waits and wait and wait and boom! And it attacks. That is this man, guys. This man is a killer. And that's why I'm saying people in Sweden, please don't allow this. Let us rebuke this man. Let us do something with this man. And bannange bana Uganda, you be careful Uganda Nsi yange  And the reason why I'm saying this, because I always come back home, I don't wanna come in fear Uganda. Let us see what people gonna do to him. Because some parents said the day this man step in Uganda, because When other parents heard that our mother brought this man in Sweden, they were devastated. And that's when other parents were telling our mom, you supported this man? You know, this man, he's in Sweden now. He's enjoying like nothing happened. But our friends, our friends are suffering. Some of them even now are messed up. So called pastor. He shouldn't enjoy life when he destroyed other people's lives. You know guys, wrong is wrong. You can be a Christian, but don't be manipulated. Even the Bible says too much of everything is bad. His name is Davidis Jean Claude Davidis Jean Claude",yes,"['graped', 'grapist']","['raped', 'rapist']","['C2_Phonetic', 'C2_Phonetic']","[""Near_Homophone_Drift"", ""Near_Homophone_Drift""]"
tt-7635786057669184798,"I was unable to locate her “banned page” when she was gone. Just exactly like what happens when your account is deactivated. Also, the “screenshot” she showed from tiktok not only went against their TOS but it also contained an emoji in the message from TikTok. Hell no they don’t use emoji in their correspondence !! Come on!! Anyone these days can edit photos with tons of free software! Y’all think all of the sudden she’s honest? So you think if she SAYS she got banned and blames it on her “haterz” false reports on her account, then it must be true right?? WRONG. She is a liar. Absolutely NOTHING she does or says is honest. Her patterns reveal that even if the truth was better, she would formulate a lie.    So what’s the motive here?? Well Mia just got engaged and she caught a shyt ton of heat from the public about not giving Mia her moment. Well she just can’t stand the fact that Mia is getting attention for her engagement and Gypsy is so desperate for attention she isn’t about pulling a con to get that attention right back on to herself!!! Then after providing fake screenshots of her permanent banana account and tiktoks permission to open another account she miraculously gets her account back right when her wiki page gets a fresh update in which is referenced several quotes from the FOIA where Gypsy is Fanta sizing about graping her future kids!!! She is using the deactivate and reactive buttons to fake a ban to gain sympathy and redirect focus back on to herself when she feels the need to control the narrative. #cancelgypseyroseblanchard #cancelgypsyrose🥀 #gypsyroseblanchard #gypsyrose #gypsyroseblanchardcase",yes,['graping'],['raping'],['C2_Phonetic'],"[""Near_Homophone_Drift""]"
tt-7635782638585859342,"Plastic surgeon accused  of Graping Pt  while she's under  anesthesia #sharethis #sharethisvideo #plasticsurgery #drvalladares

I'm trying to figure out how this lady was having surgery on the top portion of her body. She wakes up from anesthesia, and the bottom part of her body is hurting. Her pocketbook. She's in excruciating pain. That's what happened to Elegance Monroe. She went to go have surgery. September 2025. She had her surgery at Vixen Plastic Surgery in Miami, Florida, with Dr. Valderas. Four hours after coming out of surgery, she goes back to the emergency room because her pocket book is hurting. They do a great kid on her, and it's positive for some. During Semen in her cervix. Less than 72 hours after having that. So she had to have her uvula removed. Your uvula, that's the little tonsil thing that's in your mouth. It was swollen, and it had just been. It. It. It was barely hanging on, meaning that doctor waited until she was under anesthesia. To inside of her and in her mouth. And she's saying that after the surgery, her wife. Her wife was not able to enter into the building. They had to wheel her downstairs in a wheelchair and bring her to her wife. They wouldn't allow her in there. So that's like a real big red flag. What are y'all doing inside that building? After they finish with the surgery, two ladies, she said, pulled her up by her FAHA, threw her in the wheelchair, and just wail her downstairs. She said she was trying to speak to them. And tell them like, Yo, I'm in pain. I'm hurting. Please don't handle me like this. But she couldn't even talk because she felt like it was a piece of meat in her throat. But what that was, that was that uvula that was so irritated and swollen that she couldn't even barely swallow. And it took four hours for the anesthesia to wear off. But they discharged her knowing she was still under anesthesia. But we all know why they did that. They did that because that way, if she was to wake up in pain, noticing something down there was wrong, she would have been inside that, that, that office, and she could have said something. But they allowed her to go under anesthesia so that she wouldn't say nothing. She said that she went to the police, the Miami Police Department, so they have all of that information. Them jokers close the case, she said, for seven months. They told her, don't say nothing to nobody. Don't hire a lawyer. They even told her not to tell the surgeon that she had done made a report about it. But then they went back and told the surgeon that he was under investigation. And ain't that messed up how they cover for their own people? You see what I'm saying? So elegance wants us to get her information out there. He wants everybody to know what happened to her. She also says that if you are a victim, If you have ever been a victim of his doctor Valdez and you've had surgery from him and you came out in excruciating pain, if you had to go get an R kit or whatever, contact her. DM her. She's elegance Monroe over on TikTok. For the police department to put this on the back burner, for the hospital to put this on the back burner, that's a big problem unless you know that they support each other in their activities. So this what we gonna do. We gonna share this video. I want everybody that sees this video, leave me a comment down below. Try to share this video as much as you can to get this information out so that other women will not become a victim of his. This is the plastic surgeon in Miami, Florida. His name is Doctor Val Valerios. I will put his name across the screen, cause I'm pretty sure I'm not saying it right. Come on, TikTok. I need y'all to do y'all thing because we can't keep having these nasty behind men doing us women like that. Uh, uh can't be doing us like that, cause they do us like that because they think that we don't have a voice. They think we don't have a support system. They think we're not educated enough. They think that we don't know what to do. But let's show them that we do know what to do, and let's get this man up out Of there",yes,"['Graping', 'R kit']","['raping', 'rape kit']","['C2_Phonetic', 'C3_Formal_Compression']","[""Near_Homophone_Drift"", ""Initialism_Acronym""]"
tt-7635764048747007253,"Say no to graping our minors, if I catch you eeh. #fypシ゚viral #fyppppppppppppppppppppppp #foryoupage",yes,['graping'],['rape'],['C2_Phonetic'],"[""Near_Homophone_Drift""]"
tt-7635728859756776734,THEYREE GRAPING MEEEEE #gas #prices #war,yes,['graping'],"['being exploited / violated, rape-derived slang']",['C2_Phonetic'],"[""Near_Homophone_Drift""]"
tt-7635720370703617287,"Stop all the oppression, the unaliving of fellow humans, the graping. We have had enough. #stopkilling #goviral #fyp #stoprape #peace",yes,"['unaliving', 'graping']","['killing', 'raping']","['C8_Semantic_Circumlocution', 'C2_Phonetic']","[""Euphemism"", ""Near_Homophone_Drift""]"
tt-7635700760101047565,"Nobody would know anything about your kids if you didn’t over share and talk about them and post them. Nobody is talking about them, its about how you neglect them and put them in dangerous situations. Tell your therapist how you made up false allegations of a black man graping 2 teens…. Please tell them that. Anyways, with friends like yours who would lie to you about your hair, who needs enemies 😅😅😅😅😅😅😅😅😅😅😅😅 TW: adult themes, language, substances, weapons, hate groups, undercover police, grifters, violence and gore, and everything else that the storm troopers will try to report. For educational purposes; not meant for bullying or harassment. 18+ #sauceboss666 #eatahillofducks #carrieconlisk #aaronrodriguez #loserpants",yes,['graping'],['raping'],['C2_Phonetic'],"[""Near_Homophone_Drift""]"
tt-7635692089551932703,"#stitch with @USER in Anime Holy privilege batman a white Christian man tired of the church being the bad giy in fiction color me surprised maybe have your church stop graping kids first🤢🤮 Art refects the reality we live and guess what the ""church/Government""  has been a engine of pain and death longer then 120 generation of your winey line.",yes,['graping'],['raping'],['C2_Phonetic'],"[""Near_Homophone_Drift""]"
tt-7635600274836475149,"Two boys, 12 and 13, are charged as adults for graping a 12-year-old girl in Miami's Overtown neighborhood for half an hour. One of them shoved rocks in the girl's mouth so she couldn't scream. #Miami #CrimeStories #TrueCrime #CrimeTok #Fyp

Two Miami boys, 12 and 13, are being charged as adults for brutally raping a 12 year old girl for half an hour. They even put rocks in her mouth so she wouldn't scream. On June 18th, 2025, the 12 year old girl was leaving her friend's house in Overtown around 10 p m. That's when she saw a 12 year old, Josiah Jones, 13 year old Nelson Nenez, and two 15 year old boys in the parking lot area. It's reported that Nelson grabbed the girl and took her to a couch within the Greenhaven Project community garden as Josiah and the two other boys followed. The victim told the police that Josiah and one of the 15 year old boys held her arms and her her legs down so she wouldn't leave. That's when Nelson started graping her. The 15 year old boy pulled down the victim's bra as she said, no, stop! But he proceeded to play with her breasts. As he held her down, the victim continuously screamed, stop, it hurts. That's when Josiah put rocks in her mouth to shut her up. As the grape continued for half an hour, the victim's father heard his daughter screaming, so he yelled her name out to see where she was. That's when the boys stopped graping her and took off running. Eventually, the boys were arrested and being charged as adults. They're being held without bond. What do y'all think about this crazy story?",yes,"['graping', 'grape']","['raping', 'rape']","['C2_Phonetic', 'C2_Phonetic']","[""Near_Homophone_Drift"", ""Near_Homophone_Drift""]"
tt-7635585607334513942,it annoys me so much bc like y do u use ai then claim its so good like obviously its so good bc you literally used ai instead of graping some paper and a pen and writing some lyrics #CapCut #songwriter #ai #songs,no,[],[],[],[]
tt-7635568724845628686,"South Carolina Man (Grapes) Baby. An Anderson, South Carolina, man will spend the next three decades in federal prison after he admitted to producing and distributing child sexual abuse material that involved the abuse of a baby boy. David Lynn Wells, 32, received the sentence on Wednesday, from U.S. District Judge Jacquelyn D. Austin in Columbia, according to the U.S. Department of Justice. Wells pleaded guilty to the federal charges and now faces 360 months in prison plus lifetime supervised release once he finishes his current state sentence. The case broke open after British authorities arrested someone else on explicit child material charges and searched his electronic devices. They discovered a recording from a June 2020 video call that showed an adult (graping) an infant boy, with Wells’ name visible on the screen. Homeland Security Investigations agents in South Carolina matched the man in the video to Wells using a prior Anderson County mugshot. The victim’s mother identified Wells and told investigators he lived in the same apartment complex and occasionally watched the child while she ran errands, the Justice Department said. The material was found on devices in Wells’ possession. Wells is already serving an eight-year term in the South Carolina Department of Corrections for separate convictions involving two other children. Federal officials said the new sentence will run after he completes that state time. #fyppppppppppppppppppppppp #fy #fypシ゚ #foryourpage #f",yes,"['Grapes', 'graping']","['rapes', 'raping']","['C2_Phonetic', 'C2_Phonetic']","[""Near_Homophone_Drift"", ""Near_Homophone_Drift""]"
tt-7635462048893242645,Grape picking instead of sour  graping.🍇,no,[],[],[],[]
tt-7635385018222644493,"🧿🪬WARDING MY LIFE AND INTELLECTUAL PROPERTY WITH VERITAS (TRUTH) AND PEACE🪬🧿 Gaslighting is not the way to go when it comes to perceived secrets when there’s multiple witnesses to what happened to me AND others! Intimidation, bullying, false legal actions (like accusing someone of trespassing when they were actually sick in bed with cancer and married to the perp who lied AND the whole community knows this because he was living with his mistress when he told the police trespassing was happening………. where you only found out because he took a picture of his 🍆 while he was at work at his desk as a high school teacher to send it to his mistress. He got the mistress after we just got married {actually found out he was talking to her before me AND he had just divorced his previous wife who he cheated on with someone else who’s NOT the mistress, and the mistress is his previous wife’s friend🫠🙄} and I found out I had cancer!!!! I don’t understand why statistically men leave when they found out their wife has cancer? Examples: Senator John Edwards’s wife and Governor George Wallace’s wife example is far worse because she didn’t even know she had cancer because her husband didn’t even tell her! So to come from woman at birth and being a female for 8 weeks of your conceptualized life BEFORE you become male at week 8 is tremendously disrespectful to yourself as a male AND from your origin place as a male! Why try to oppress that which gave you LIFE {womb/woman}!!!??? Y’all sit up there and love your mothers; but will go hate women outside of your mother that you know other men purposely go out of there way to harm and damage women and wonder why there’s so much SAing of women going on! Why in India they have a problem of gang graping women in broad daylight? Like that’s vile! A woman can be divine/holy but men for some reason have chose to defile the divinity/holiness within a woman which is beautiful! I AM BEAUTIFUL! I AM DIVINE! I AM HOLY IN MY OWN NATURAL WAY AND ORDER! You don’t see women having academic studies on how to harm women aka the place you originated from to even been on earth to get some action from a woman!🧐🤦🏽‍♀️🙄😑😒😮‍💨😤🤨🥴), and more doesn’t exist once you know the truth about me because this victim (light) vs villain (dark) mentality is done, over, and is never to be done to me! This only leads back to you and everyone knows I’m not the problem in the math equation! {MATH EQUATION AT END OF WARD BUT BEFORE SIGNATURE}! There’s NOTHING secret if it’s on the news and all over social media AND people have studied😒😑! So full stop on your end! Period! Anything less would be disgraceful, disrespectful, and obtuse in regard to respect of life; towards myself and yourself because at the end of the day your “light” is “light” just like it is my “light”; the only difference is how we choose to utilize our light! I just consistently chose God/Self/Good over evil. I give bare minimum respect; but after that has always depended on how you treated me, I never judged; I just learned that you treat me a way and it either makes me stay or leave as I’m an extremely easy person to get along with! I can’t do narcissistic, psychopath, sociopath, negative, and similar types of energy! I may be light but baby my dark may be worse than yours and I will never want that for myself! We’re ONE at the end of the day with differences in light and dark; human or not. Real simple; not complex! Goodbye to negativity and lies and manipulation! That will not work on me! Nothing will when the truth is loud! AND nothing about me gives average when I tested way above average on genius mode! I give VERITAS and PEACE! Who would hate peace when people just like to chill with no drama?  Self Love, Self Preservation, and Self Respect😇🪬🧿 - aEBTA 🪽🫦🪬🧿 #FYP #music #art #spiritualtiktok #truth",yes,"['🍆', 'SAing', 'graping']","['penis', 'sexual assaulting', 'raping']","['C10_Pictorial_Symbolic', 'C3_Formal_Compression', 'C2_Phonetic']","[""Referential_Iconicity"", ""Initialism_Acronym"", ""Near_Homophone_Drift""]"
tt-7635368569148067094,Punishment for graping child. #punishment,yes,['graping'],['raping'],['C2_Phonetic'],"[""Near_Homophone_Drift""]"
tt-7635356627201314070,Awareness!! graping people is never okay nor making excuses for the family #mervielle #justice,yes,['graping'],['raping'],['C2_Phonetic'],"[""Near_Homophone_Drift""]"
tt-7635306293422689557,The rat man are good in graping #PUBGMOBILE #pubgmnextstarprogram #PUBGMS30 #foryoupage #trending video created go to forty seven,yes,['graping'],"['defeating / violating, rape-derived slang']",['C2_Phonetic'],"[""Near_Homophone_Drift""]"
tt-7635201930612018454,A 24 year old Nigerian Migrant bags 17 years jail for graping a 17 year old girl in UK  #uktiktok #crime #awareness #fyp #men,yes,['graping'],['raping'],['C2_Phonetic'],"[""Near_Homophone_Drift""]"
tt-7634977798553144596,"math graping notebook, isa sa importante sa mga students. organized and efficient wayto create graph functions,math graping notebook. #mathnotebook #mathgrapingnotebook",no,[],[],[],[]
tt-7634952675401993502,"Replying to @USER I am beyond over the but Biden sniffed a little girl’s head argument when our current president is a grapist. You sound like one of those people that say why are you worried about animal rights? There’s babies out there without Holmes listen Maureen you can be upset about two things and OK yes sniffing children is weird. Check Biden’s everything. I’m OK with it but be just as upset if not more upset about Trump graping women and children. Come the fuchs on   #overit #djt #liberal #americasucks #usatiktok🇺🇸                     Disclaimer: to all the Maga men out there yes I’m aware that my teeth are crooked, my hair is a mess, I wear glasses, & I have “eyeballs” (whatever that means) and I don’t need you to remind me focus on the topic at hand unless you also like to GRAPE young girls",yes,"['grapist', 'graping', 'GRAPE']","['rapist', 'raping', 'rape']","['C2_Phonetic', 'C2_Phonetic', 'C2_Phonetic']","[""Near_Homophone_Drift"", ""Near_Homophone_Drift"", ""Near_Homophone_Drift""]"
tt-7634900844625890590,It seriously upsets me so much on how most bls people know of that actually ARE red flags is just them graping each other i promise there are actual ENJOYABLE red flag bls. #bl #yaoi #manhwareccomendation #fyp #redflags @USER @USER @USER ,yes,['graping'],['raping'],['C2_Phonetic'],"[""Near_Homophone_Drift""]"
tt-7634879702674492686,"Two boys, 12 and 13, are charged as adults for graping a 12-year-old girl in Miami's Overtown neighborhood for half an hour. One of them shoved rocks in the girl's mouth so she couldn't scream. #Miami #CrimeStories #TrueCrime #CrimeTok #Fyp",yes,['graping'],['raping'],['C2_Phonetic'],"[""Near_Homophone_Drift""]"
tt-7634878135657336078,Kamer aka Stratch from Lincoln/spauldings the mamaman busy e-graping on TikTok while cda took baby he beat + batter…especially when  on live backin fist…video loading! Mukkaz…Kamer brown🐠🤡 #akeemtalkofthetown #akeembrown21 #akeemtalkahthetown #jamaicantiktok #popeyenewzlynx,no,[],[],[],[]
tt-7634870757499211021,#d4vd #innocent #freed4vd let’s say d4vd did do it which he didnt but if he did your saying what he did was worse then inviting rich people on your island graping kids k!lling kids eating kids torturing kids starving then and the list just keeps going on,yes,"['graping', 'k!lling']","['raping', 'killing']","['C2_Phonetic', 'C1_Orthographic']","[""Near_Homophone_Drift"", ""Visual_Similarity_Substitution""]"
tt-7634870142790290718,"Donald Trump just asked the Supreme Court of the United States to insert the department of justice as the party found guilty of graping E. Jean Carroll so taxpayers can pay the $83 million and reimburse him his defense costs. #trump

So Donald Trump wants you and I to pay for grabbing Eugene Carroll. I'm being TikTok friendly. Yep. He wants you and I to foot the Bill for the 83 million dollar verdict for grabbing her before he was president. And she filed the lawsuit, the civil suit before he was president. But he claims it all is protected under his presidential immunity. Yep. He wants to replace his name on the verdict with the department of justice. And he wants the Supreme Court to rule on this because the federal courts shut it down. Yep. He's just taking it to the Supreme Court of the United States with his bedroom band of personal sitting justices. And if you replace his name with the department of justice and the Supreme Court agrees, then the department of justice is the ones guilty of groping Eugene Carroll. And they get to pay her off from the Judgment Fund, and they get to reimburse Donald Trump all of his defense costs. Yeah, the judgement fund, which is unlimited. All those lawsuits from people whose rights were violated, the civil rights were violated by. I should just name it, since he took office, they're filed everywhere. The Department of justice is gonna be found guilty, and you and I are gonna be paying for it from this unlimited judgement fund. But I digress. We have to pay for him groping Eugene Carroll. That's what he wants us to do. Trump supporters, what do you think about This. Oh, I just wanna add, he feels the whole thing should be thrown out because when he talked about grabbing women by the kitty cats to the Access Hollywood Reporter, that that is protected under presidential immunity.",yes,['graping'],['raping / sexual assaulting'],['C2_Phonetic'],"[""Near_Homophone_Drift""]"
tt-7634754412073831693,"South Carolina Man (Grapes) Baby. An Anderson, South Carolina, man will spend the next three decades in federal prison after he admitted to producing and distributing child sexual abuse material that involved the abuse of a baby boy. David Lynn Wells, 32, received the sentence on Wednesday, from U.S. District Judge Jacquelyn D. Austin in Columbia, according to the U.S. Department of Justice. Wells pleaded guilty to the federal charges and now faces 360 months in prison plus lifetime supervised release once he finishes his current state sentence. The case broke open after British authorities arrested someone else on explicit child material charges and searched his electronic devices. They discovered a recording from a June 2020 video call that showed an adult (graping) an infant boy, with Wells’ name visible on the screen. Homeland Security Investigations agents in South Carolina matched the man in the video to Wells using a prior Anderson County mugshot. The victim’s mother identified Wells and told investigators he lived in the same apartment complex and occasionally watched the child while she ran errands, the Justice Department said. The material was found on devices in Wells’ possession. Wells is already serving an eight-year term in the South Carolina Department of Corrections for separate convictions involving two other children. Federal officials said the new sentence will run after he completes that state time.",yes,"['Grapes', 'graping']","['rapes', 'raping']","['C2_Phonetic', 'C2_Phonetic']","[""Near_Homophone_Drift"", ""Near_Homophone_Drift""]"
tt-7634752397297929502,"Upon my rabbit hole research of the marine kingdom, I found that dolphins are bullies of the sea especially the males. Sharks are scared of them. They love graping and will grape a human female. They feel pleasure just like we do and they can’t get enough. So they get $exually violent. In this video she had no idea a gang bang was going on until she finally seen it. She is lucky it wasn’t her. 😳😳😳 I feel sorry for the female dolphins. 😭😭😭 #marinekingdom #underwatercitites",yes,"['graping', 'grape', '$exually']","['raping', 'rape', 'sexually']","['C2_Phonetic', 'C2_Phonetic', 'C1_Orthographic']","[""Near_Homophone_Drift"", ""Near_Homophone_Drift"", ""Visual_Similarity_Substitution""]"
tt-7634623702683962654,"Amen! The Lord wants His people to start praying over communities and the ones He has you in right now!  Pray against the strongholds, traps and witches set to bring all kinds of spirits in that community. Pray that the Lord drives them out of that area with repentance chasing them down. Then ask the Lord to release angles over that area. That's why we see so much evil it's the witches that are bringing the demons in our world. All the murdering spirits, graping spirits, chaos spirits etc. They are the reason we are seeing this in our communities. We are the ""Warriors"" that are called to fight against them in the day and midnight hours! Remember they need ""Legal right"" into our world through a Human being. all it takes is just one human to let all of Hell lose! Also pray over the minds and hearts and trauma they are dealing with. We are to love our neighbors as ourselves! Amen! The Lord says when we do this His spirit can pour out on humanity and cause them to repent and heal their soul and lands! SAINTS! We don't have much time we must be about the Father's business!  The Lord said ""Do not grow weary in well doing for in due season you shall reap a harvest if you faint not""(Don't give up or forfeit) -Galatians 6:8 Seek Him in prayer for directions and revelation He said ALWAYS this is the ONLY way you will navigate in this last hour. When we don't ""Obey"" and talk to God we will be stagnant. It's that simple brothers and sisters. Those who have an ear let them hear what thus says the Lord. I love you all. ❤️",yes,['graping spirits'],['raping spirits / spirits causing sexual violence'],['C2_Phonetic'],"[""Near_Homophone_Drift""]"
tt-7634604651651829000,"KZN police arrests a Doctor over graping of  female patients #news #fyp #police #kzn #southafrica

Ozil Natal police have arrested a 69 year old doctor at his practice in maddeni over allegations of sexually assaulting four female patients at the local hospital. According to police the alleged incidents occurred between August and April this year. Authorities alleged that the suspect inappropriately touched the victims and in some cases forced them to perform sexual acts. The victims reportedly confided in a welfare worker who then alerted the police case at hand. Police spokesperson said the suspect is expected to appear before the Mother Dani Magistrate Court on Friday.",yes,['graping'],['raping / sexually assaulting'],['C2_Phonetic'],"[""Near_Homophone_Drift""]"
tt-7634585977524178207,"UNDER THE JAIL….she said it herself…graping kids…watch his reaction….

Are we, are we. Can we. We need to delete this. Are we Mars? Can we delete all vibes? And then as soon as the stream ends, delete the stream, too? Can we, can we delete. Can we delete anything? You done for, bro. Y'all are not done. Now you gonna answer? Yo, yo, yo, yo. Wait, wait, wait, wait. Oh, look it. Answer that one. That's so mean. If you don't answer that one. Which one? Which one? Which one? He trained you. No, you didn't. That's controversial. It's controversial. Of raping kids. No, I didn't.",yes,['graping'],['raping'],['C2_Phonetic'],"[""Near_Homophone_Drift""]"
tt-7634485074662067478,"anyone who takes a life should lose their lives but this government and justice system is upside down ain't got clue on fringes of laws , like young guy who openly admits to graping youg girl goes on course for he's punishment watt they are doing is encouraging it to happen",yes,['graping'],['raping'],['C2_Phonetic'],"[""Near_Homophone_Drift""]"
tt-7634462402796408082,Donald Trump just asked the Supreme Court of the United States to insert the department of justice as the party found guilty of graping E. Jean Carroll so taxpayers can pay the $83 million and reimburse him his defense costs. #trump,yes,['graping'],['raping / sexual assaulting'],['C2_Phonetic'],"[""Near_Homophone_Drift""]"
tt-7634432727793683725,Replying to @USER Adams❌️ This white dude was graping a little boy for three years and got sixty days in jail. It was thirty days.,yes,['graping'],['raping'],['C2_Phonetic'],"[""Near_Homophone_Drift""]"
tt-7634431805738716438,"Slide show “TRAUMA” It’s only now I look back and understand. Listening to T when she came home and seeing these posts after she left me  My daughter Tianne Olivia always used to talk about wanting to change herself, her appearance, how she looked. I thought it was social media. I thought it was pressure from the world around her. But it wasn’t. It was trauma. It was the result of repeated sexual abuse and the way it changes how you see yourself… how you feel in your own body… how you carry what someone else has done to you. She even made this video: And now I understand what she meant. She was the most beautiful girl in the world • and I don’t just say that because I’m her momma. Her beauty shone from within ✨ her soul was beautiful She didn’t need to change anything about herself. But trauma makes you feel like you do. She spoke out about what happened to her. But when she passed, her evidence became “hearsay”. And because of that, the monster 👹 who was Graping her will never be tried for those offences. That is the reality. This is why I am fighting for change. Please sign and share my petition • help me make sure Tianne’s voice is not lost and that no other family has to go through this 💜 🔗 in bio  Love Momma G 🫶🏽☪️ #tianneoliviaslaw #coercivecontrol #hearsay #enddomesticviolence #amothersloveisforever @USER forever my girl ❤️",yes,['Graping'],['raping'],['C2_Phonetic'],"[""Near_Homophone_Drift""]"
tt-7634414024838434079,"Do we actually have ANY proof that her page was TRULY banned and then restored?? Screenshots can be doctored, ya know. I’m not so sure it wasn’t all a big con and fabrication to divert from the recent wiki page updates. It’s bad for her. It quotes her fantasizing about graping her future children. Right there in that wiki page she tried to go in herself and edit. And I love this for Gypsy!! #cancelgypseyroseblanchard #gypsyroseblanchard #gypsyrose #gypsyroseblanchardcase #gypsyroseonlifetime",yes,['graping'],['raping'],['C2_Phonetic'],"[""Near_Homophone_Drift""]"
tt-7634409901481151775,"Woman Convicted of (Graping) 11-Month-Old. A Summit County jury in Ohio handed down guilty verdicts against Jamilee Hunt, a 38-year-old from Hudson Falls, New York, for charges tied to the sexual assault and severe physical abuse of her boyfriend's infant daughter. The case centers on events from November 2024 at a Red Roof Inn in Springfield Township, Ohio, where Hunt and her boyfriend, Jason Santos, were staying with Santos' 11-month-old daughter. Police were called when the baby was found unresponsive. Hospital staff documented serious injuries that included dozens of bone fractures in various stages of healing, widespread bruising, a traumatic brain injury, and signs of internal bleeding. Medical evidence pointed to prolonged abuse rather than any accidental cause the couple initially suggested, such as a dog being responsible, prosecutors said. Santos, who is also 38 and from the same New York area, pleaded guilty to matching charges in the case and received a life sentence on April 21st with parole eligibility after 55 to 59 years. Hunt faces the same fate when she'll be sentenced on May 6th.",yes,['Graping'],['raping / sexual assaulting'],['C2_Phonetic'],"[""Near_Homophone_Drift""]"
tt-7634344215962488078,This that fun 🎶 🎼 🎵 no #pewpew #unaliving #graping 😇,yes,"['pewpew', 'unaliving', 'graping']","['gun/shooting', 'killing', 'raping']","[['C9_Metaphor_Metonymy', 'C6_Morpho_Lexical'], 'C8_Semantic_Circumlocution', 'C2_Phonetic']","[[""Metonymic_Encoding"", ""Reduplicative_Expansion""], ""Euphemism"", ""Near_Homophone_Drift""]"
tt-7634331314166025480,trump wants us to pay for graping E jean Carrol.#ripples #bitcoinCarrol.#ripples.,yes,['graping'],['rape/raped/raping'],['C1_Orthographic'],"[""Near_Homophone_Drift""]"
tt-7596886347911105810,I'm a seafarer so I joined this trend!⚓ #fyp #seaferer #seamannn,no,[],[],[],[]
tt-7561079917698354439,astaghfirullahaladzim DAVID SEAMANNN WOIII KONAMI KASIH GUA CECH LAHHHHHHH #priemereleague #fyppppppppppppppppppppppp #efootballmobile #efotball2024mobile #efootball,no,[],[],[],[]
tt-7536851359396547847,its always #ship#fypppppppp#seamannn ur,no,[],[],[],[]
tt-7532814768348974366,Seaman seaman seamannn!! #fursuiter #furry #kemono #jerma #beecat  #softboiledegg,no,[],[],[],[]
tt-7494481310480731399,"""seaman""#course#seaman #fyp#seamandream#fypp #trendd#seamannn#foryoupage",no,[],[],[],[]
tt-7480910199373565202,Seamannn 5 months onboard,no,[],[],[],[]
tt-7423355888859139334,SEAMANNN 💀💀 #4u #4upage #edit#CapCut#LIVEhighlights#TikTokLIVE #football #efootball,no,[],[],[],[]
tt-7340829920874056965,fyp #CapCut seamannn #fyppp,no,[],[],[],[]
tt-7277273051362889003,Seamannn 🤣 #voiceovers #funnyvideos #memes #funnyyiktok #funnymoments #fouryourpage #fyp #edits #justiceleague #acevane #superfriends #superman #batman #wonderwoman #robin #aquaman,no,[],[],[],[]
tt-7635820712527154465,Love this book!#storytime #novel #usa #eusun,no,[],[],[],[]
tt-7635819978834431245,"Love this story,This book is worth reading. trending novels #storytime #novel",no,[],[],[],[]
tt-7635819509147913503,If you like this book search '429561' on 'MotoNovel' to read the full version.Part1 #MotoNovel #reddit #BookTok #read #storytime,no,[],[],[],[]
tt-7635819464835009805,story time #storytime #sadstory #animacion #frutas #fruits,no,[],[],[],[]
tt-7635819457599900942,I found out my husband was cheating on our twentieth anniversary becau...#novel #BookTok#storytime,no,[],[],[],[]
tt-7635819452189199630,Search『 427098 』on MotoNovel APP to get the following #MotoNovel  #story #storytime #novel,no,[],[],[],[]
tt-7635819438264110343,Story Time. #trending #storytime #productoschinos #fyp,no,[],[],[],[]
tt-7635819410535533855,Don't Be That Guy #PoolShark #StoryTime #Drama #PoolHall #Billiards,no,[],[],[],[]
tt-7635819399995329813,Parte 2 :> History  #flypシ #StoryTime,no,[],[],[],[]
tt-7635819397042441502,15 Years Married_! Podcast Secrets REVEALED!#thebuckleys #FamilyPodcast #ParentLife #FunnyFamily #Storytime #RelatableMoments #ChaosAtHome #PodcastClips #UKPodcast #ParentingHumor #ViralClips,no,[],[],[],[]
tt-7635819395075280159,My Coworker Cried CONSTANTLY... Until THIS Happened#thebuckleys #FamilyPodcast #ParentLife #FunnyFamily #Storytime #RelatableMoments #ChaosAtHome #PodcastClips #UKPodcast #ParentingHumor #ViralClips,no,[],[],[],[]
tt-7635819378491116831,His Haircut Reaction & Her Salon Secrets Revealed!#thebuckleys #FamilyPodcast #ParentLife #FunnyFamily #Storytime #RelatableMoments #ChaosAtHome #PodcastClips #UKPodcast #ParentingHumor #ViralClips,no,[],[],[],[]
tt-7635819378340138270,Plane Tunnel Fart_ The 'Catalytic Converter' Lie Exposed!#thebuckleys #FamilyPodcast #ParentLife #FunnyFamily #Storytime #RelatableMoments #ChaosAtHome #PodcastClips #UKPodcast #ParentingHumor #ViralClips,no,[],[],[],[]
tt-7635819377153166623,Ed Sheeran's 80s Butlin's Stag Do & Beckham's Fake Out!#thebuckleys #FamilyPodcast #ParentLife #FunnyFamily #Storytime #RelatableMoments #ChaosAtHome #PodcastClips #UKPodcast #ParentingHumor #ViralClips,no,[],[],[],[]
tt-7635819374229720350,Traumatic Train Journey & The #thebuckleys #FamilyPodcast #ParentLife #FunnyFamily #Storytime #RelatableMoments #ChaosAtHome #PodcastClips #UKPodcast #ParentingHumor #ViralClips,no,[],[],[],[]
tt-7635819370685418783,Wedding Crisis_ Best Man Beef Over Stag Do!#thebuckleys #FamilyPodcast #ParentLife #FunnyFamily #Storytime #RelatableMoments #ChaosAtHome #PodcastClips #UKPodcast #ParentingHumor #ViralClips,no,[],[],[],[]
tt-7635819359411244301,Search『 429542 』on MotoNovel APP to get the following #MotoNovel  #story #storytime #novel,no,[],[],[],[]
tt-7635819353962810655,"If you like this book,search '842442' on 'GoodNovel' to read the full version.Part1 #GoodNovel #reddit #BookTok #read #storytime",no,[],[],[],[]
tt-7635819333930863885,If you like this book search '792472' on GoodNovel to read the whole book. #BookTok #read #storytime,no,[],[],[],[]
tt-7635819327542856974,If you like this book search '428392' on MotoNovel to read the whole book. #BookTok #read #storytime,no,[],[],[],[]
tt-7635819283833949454,"The ultimate be careful what you wish for moment. She demanded independence and told him to stop acting like they were married, so he took her advice a little too literally. After six months of covering every bill while being treated like an obstacle in his own home, he decided it was time for a change of locks. Talk about instant karma. #revenge #petty #relationships #instantkarma #storytime",no,[],[],[],[]
tt-7635819245577850125,POV: you join a Roblox game… and it won’t let you leave 😳 I tried EVERYTHING but the leave button was gone… and then it said “now you can’t leave either.” would you stay or close the app? 👀 #roblox #robloxstory #robloxhorror #scaryroblox #storytime,no,[],[],[],[]
tt-7635819202481376526,"Less than three months after my wife passed away, my sister-in-law started pressuring me to clear out my room.#storytime #novel #fyp #booktok",yes,"[""passed away""]","[""died""]",['C8_Semantic_Circumlocution'],"[""Euphemism""]"
tt-7635819195481083144,"#creatorsearchinsights#a hashtags like #fyp, #tiktokmademebuyit, #storytime, and . March/April 2026 trends",no,[],[],[],[]
tt-7635819162035703054,Story Time-Real Talk about my Weighloss Journey..💪🏼  #fypシ #storytime #weightlossjouney #motivationalvideo #momoftiktok,no,[],[],[],[]
tt-7636347252780371207,#medicalstudent #clinicalposting  @USER Lab cruise house CHTA @USER babe @USER❤️💯 #CapCut,no,[],[],[],[]
tt-7636560267354131743,"We see you… as a trans woman I can say that there is a lot of men who save my videos who are republicans, have families … #lgbt #trans #tgirl #crush #viral",yes,['tgirl'],['trans girl / trans woman'],"[['C3_Formal_Compression', 'C6_Morpho_Lexical']]","[[""Initialism_Acronym"", ""Blending""]]"
tt-7636548726793751839,A win is a win... #lgbt🌈 #trans #tgirl #transgender #foryouuu,yes,['tgirl'],['trans girl / trans woman'],"[['C3_Formal_Compression', 'C6_Morpho_Lexical']]","[[""Initialism_Acronym"", ""Blending""]]"
tt-7636548683110124830,Porch date but my intentions aren't innocent  #transgender #trans #transwomen #transwoman #tgirl,yes,['tgirl'],['trans girl / trans woman'],"[['C3_Formal_Compression', 'C6_Morpho_Lexical']]","[[""Initialism_Acronym"", ""Blending""]]"
tt-7636548378632932622,pt 2??? #barista #foodservice #tgirl #goth #fyp,yes,['tgirl'],['trans girl / trans woman'],"[['C3_Formal_Compression', 'C6_Morpho_Lexical']]","[[""Initialism_Acronym"", ""Blending""]]"
tt-7636548278112374037,Let me change your perspective! #tgirl #transgender #lgbtq,yes,['tgirl'],['trans girl / trans woman'],"[['C3_Formal_Compression', 'C6_Morpho_Lexical']]","[[""Initialism_Acronym"", ""Blending""]]"
tt-7636547811412036886,Is this you? #usa #usareels #singleguy #niceguy #tgirl,yes,['tgirl'],['trans girl / trans woman'],"[['C3_Formal_Compression', 'C6_Morpho_Lexical']]","[[""Initialism_Acronym"", ""Blending""]]"
tt-7636545356242685205,transgener #creatorsearchinsights #trans #tgirl,yes,['tgirl'],['trans girl / trans woman'],"[['C3_Formal_Compression', 'C6_Morpho_Lexical']]","[[""Initialism_Acronym"", ""Blending""]]"
tt-7636544629906672917,Unapologetically trans ❤️❤️❤️ - - - - - - #trans #tgirl #transgirl #transwoman #lgbtq,yes,['tgirl'],['trans girl / trans woman'],"[['C3_Formal_Compression', 'C6_Morpho_Lexical']]","[[""Initialism_Acronym"", ""Blending""]]"
tt-7636543768488971550,I'm the daughter that was born. son. A self made woman. #trans #mtf #transwomen #tgirl #fakebody,yes,['tgirl'],['trans girl / trans woman'],"[['C3_Formal_Compression', 'C6_Morpho_Lexical']]","[[""Initialism_Acronym"", ""Blending""]]"
tt-7636541542563400982,Would you give dating a girl like me a chance? #tgirl #mtf #usa #transgender #dating,yes,['tgirl'],['trans girl / trans woman'],"[['C3_Formal_Compression', 'C6_Morpho_Lexical']]","[[""Initialism_Acronym"", ""Blending""]]"
tt-7636539712152276246,Would you rather have $1000 or have someone who’s into trans women lose their WiFi? #lgbtqia #funny #trans #tgirl #prank,yes,['tgirl'],['trans girl / trans woman'],"[['C3_Formal_Compression', 'C6_Morpho_Lexical']]","[[""Initialism_Acronym"", ""Blending""]]"
tt-7636532668317961504,Choices for a night out 👗👠✨ #transisbeautiful #loveislove #tgirl #trans #transwomen,yes,['tgirl'],['trans girl / trans woman'],"[['C3_Formal_Compression', 'C6_Morpho_Lexical']]","[[""Initialism_Acronym"", ""Blending""]]"
tt-7636531790387399958,wise words from mother stunna #foryou #relatable #fyp #tgirl,yes,['tgirl'],['trans girl / trans woman'],"[['C3_Formal_Compression', 'C6_Morpho_Lexical']]","[[""Initialism_Acronym"", ""Blending""]]"
tt-7636521175723642143,Pretty and c*nt #tgirl #fypシ #humor #transisbeautiul,yes,"['tgirl', 'c*nt']","['trans girl / trans woman', 'cunt']","[['C3_Formal_Compression', 'C6_Morpho_Lexical'], 'C1_Orthographic']","[[""Initialism_Acronym"", ""Blending""], ""Internal_Masking""]"
tt-7636520231057296653,i tell them my favorite character is the one rami malek plays to weed out the fake fans #twilight #goth #tgirl #vampire #fyp,yes,['tgirl'],['trans girl / trans woman'],"[['C3_Formal_Compression', 'C6_Morpho_Lexical']]","[[""Initialism_Acronym"", ""Blending""]]"
tt-7636507743439899926,How do I look 👀 on yellow 🥹? #tgirl #fyp  #transisbeautiful,yes,['tgirl'],['trans girl / trans woman'],"[['C3_Formal_Compression', 'C6_Morpho_Lexical']]","[[""Initialism_Acronym"", ""Blending""]]"
tt-7636506599963561223,most beautiful ❤️ trans who is good in all she does 😏😏😋 hugest tgirl  #tgirl 🥰,yes,"['tgirl', 'hugest']","['trans girl / trans woman', 'huge boobs']","[['C3_Formal_Compression', 'C6_Morpho_Lexical'], '['C8_Semantic_Circumlocution']","[['Initialism_Acronym', 'Blending'], 'Strategic_Vagueness']]"
tt-7636506265081957664,Atleast thats what some people call me 🏳️‍⚧️ :) ( transwomen transgirl tgirl boytogirl maletofemale transgender ts ),yes,['tgirl'],['trans girl / trans woman'],"[['C3_Formal_Compression', 'C6_Morpho_Lexical']]","[[""Initialism_Acronym"", ""Blending""]]"
tt-7636497757540338974,this was literally my song in 2020 #hyperpop #digicore #tgirl,yes,['tgirl'],['trans girl / trans woman'],"[['C3_Formal_Compression', 'C6_Morpho_Lexical']]","[[""Initialism_Acronym"", ""Blending""]]"
tt-7636489192289160478,hot weird girls are the best #trans #tgirl #thirstrap #streamer #transbian,yes,['tgirl'],['trans girl / trans woman'],"[['C3_Formal_Compression', 'C6_Morpho_Lexical']]","[[""Initialism_Acronym"", ""Blending""]]"
tt-7636480291497970974,"May 2026: No matter what, Trans girls get to be girls. And I will only get hotter and girlier as time goes on and no one can stop me.  #trans #transgender #tgirl #lgbtq #queer",yes,['tgirl'],['trans girl / trans woman'],"[['C3_Formal_Compression', 'C6_Morpho_Lexical']]","[[""Initialism_Acronym"", ""Blending""]]"
tt-7636470768783641874,What are you gonna do to me?              #tgirl,yes,['tgirl'],['trans girl / trans woman'],"[['C3_Formal_Compression', 'C6_Morpho_Lexical']]","[[""Initialism_Acronym"", ""Blending""]]"
tt-7636463228750400798,Tgirl Angie tucked away in my pretty pink yoga pants. #crossdresser #mtf #makeup #transjoy #pink,yes,"['tgirl', 'mtf']","['trans girl / trans woman', 'male to female transgender']","[['C3_Formal_Compression', 'C6_Morpho_Lexical'], 'C3_Formal_Compression']","[[""Initialism_Acronym"", ""Blending""], ""Initialism_Acronym""]"
tt-7636456911465925902,this song heals my inner child fr  #transgirl #trans #transgender #mtf #tgirl,yes,['tgirl'],['trans girl / trans woman'],"[['C3_Formal_Compression', 'C6_Morpho_Lexical']]","[[""Initialism_Acronym"", ""Blending""]]"
tt-7636456002803469581,what issues r u currently running from?  #transgirl #trans #transgender #mtf #tgirl,yes,"['tgirl', 'mtf']","['trans girl / trans woman', 'male to female transgender']","[['C3_Formal_Compression', 'C6_Morpho_Lexical'], 'C3_Formal_Compression']","[[""Initialism_Acronym"", ""Blending""], ""Initialism_Acronym""]"
tt-7636451460049390869,Part 6|the taxi queen returns #storytime #femboy #tgirl #transtiktok #zazablanco,yes,['tgirl'],['trans girl / trans woman'],"[['C3_Formal_Compression', 'C6_Morpho_Lexical']]","[[""Initialism_Acronym"", ""Blending""]]"
tt-7636560375814606094,"-I first saw Hyuna in 2012 watching Gangnam Style (the blonde girl that PSY falls in love with). When I looked her up and discovered her girl group called ""4Minute"" and her solo stuff including ""Change"". 🖤 -She was my first experience into a Kpop Girl World! 🎀💖#hyuna #bubblepop #kpop #4minute",no,[],[],[],[]
tt-7636556471643196694,Wooooooouuuuffff 🌸 #cilsartist #extensiondecils #posevolume #psy,no,[],[],[],[]
tt-7636555865159453983,Psy field farming is basically gambling 😭 Hashtags #stalker2 #gamingtips #artifact #pcgaming#AdnarimGaming,no,[],[],[],[]
tt-7636552484474866951,Gentleman -PSY #dance #dancechallenge #happy @USER ❤️‍🔥💃🏻🍃,no,[],[],[],[]
tt-7636537922413530390,"9pm to 11pm on the other program  playing the best in multigenre dance music, techno, house , Trance, psy,  dnb etc no rhyme no reason just music  chats and games xx #spiritual  #raid  #djs  #twitchstreamer  #music",no,[],[],[],[]
tt-7636534477417680136,"🌍🌀 CREATOR FORCE ACTIVATED 🌀🌍 🎧 Illusiom (BR) – 4All Creators 🎧 Step into a shared field of inspiration as Illusiom (BR) unveils 4All Creators — an exclusive Psy-Trance release dedicated to the power of creation and collective energy. 🌌✨ Illusiom (BR) crafts a soundscape that unites artists, dancers, and dreamers — a celebration of imagination without limits. 🌠🧠 Driven by pulsating basslines, uplifting psychedelic melodies, and dynamic rhythms, 4All Creators unfolds as a vibrant journey where sound becomes expression and movement becomes connection. From deep atmospheric layers to high-energy dancefloor peaks, the track radiates creative force. 🔊⚡ 🌍 Create. Connect. Elevate. Become the flow. 🎧 Exclusive release — don’t miss the experience! Listen: URL #Illusiom #4AllCreators #Psytrance #Exclusive #PsychedelicTrance #GoaTrance #TranceFamily #PsychedelicMusic #ElectronicMusic #CreativeEnergy #DancefloorEnergy #PsyScene #PsychedelicJourney 🌍🌀🎶",no,[],[],[],[]
tt-7636531916522458375,for your page #rave #psy #foryou,no,[],[],[],[]
tt-7636531526238211349,"*FAFORLIFE se*zure dis*rder T*stim*ny* Se*zure is commonly known as epil*psy, is a chronic n*ur*logical condition characterized by recurrent, unprovoked se*zures caused by abn*rmal electrical activity in the br*in. 💥 _A MOTHER’S JOY RESTORED… NO MORE SE*ZURES! 💥 Tears of pain have turned into tears of joy 😭➡️😊 A grateful mother shared how her child used to suffer from frequent se*zures… sleepless nights, fear, and constant worry became their daily reality. 💔 But today, we celebrate GOOD NEWS! 🎉 After consistent use of Faforlife products, her child is now FREE, active, and living a normal life again! 🙌 No more sudden attacks… No more fear… Just peace, sound health, and happiness! 💖 ✨ This is why we do what we do! ✨ This is why many families are smiling again! 👉 Don’t wait until it gets worse. Take a step towards better health TODAY. 📩 Send a DM now to get started or place your order #FaforlifeTestimony #HealingJourney #faforlife #faforlifeng #faforlifeng_",yes,"['se*zure', 'dis*rder', 'T*stim*ny', 'epil*psy', 'n*ur*logical', 'abn*rmal', 'br*in']","['seizure', 'disorder', 'testimony', 'epilepsy', 'neurological', 'abnormal', 'brain']","['C1_Orthographic', 'C1_Orthographic', 'C1_Orthographic', 'C1_Orthographic', 'C1_Orthographic', 'C1_Orthographic', 'C1_Orthographic']","[""Internal_Masking"", ""Internal_Masking"", ""Internal_Masking"", ""Internal_Masking"", ""Internal_Masking"", ""Internal_Masking"", ""Internal_Masking""]"
tt-7636523040330894614,"what would you name this style of art?  I've made prints available ! check the link in my bio to possess your own portal into the Heathermoon Art realm 💫 Glicèe high quality prints onto 280GSM art paper 🌱  BIG love 🖤 • • • #uniqueartstyles #forestart  forest, mushrooms, earth, earthy, woodland, mycelium, roots, moss, outdoorsy, nature, forest art tattoos, tattoo inspo, Jungle, atmospheric, magical, edm, psy, dub, psytrance, dnb, dubstep, festival, rave, artist, gel pens, trippy, trippy art, illustration, drawing inspo",no,[],[],[],[]
tt-7636522614713797910,I'm here for you! #dep #mentalhealth #psy,yes,"['dep', 'psy']","['deprssion', 'psychology']","['C3_Formal_Compression', 'C3_Formal_Compression']","[""Lexical_Clipping"", ""Lexical_Clipping""]"
tt-7636522150475713812,#CapCut @USER🥼 @USER Gold i have two sisters and one of them is worth a billion stars in the sky not a thousand not a million but a billion ❤️,no,[],[],[],[]
tt-7636521391424146696,Virtualna Smrt Prirode    #sound #music #trance #psy #muzika,no,[],[],[],[]
tt-7636521199824031006,I forgot to add an effect but who cares II ##viral##fypシ##xyzbca##anime##animeedit ,no,[],[],[],[]
tt-7636558504538492190,"forever broken hearted behind this.. honestly lost for words I never thought that I would actually have to live life without my only brother💔  my protector my first and forever best friend I miss you so much and always will 💯 if only I could hug, tty about everything & fight with you 1 more time 😔 #LLSighto💜 🫂",no,[],[],[],[]
tt-7636556109045681422,"cs now i gotta stop tty and can’t see u the same anymore. ik who i am, as long as ik i would never do that to someone i’m fine🥰 God is with me and within me❤️ #fyp",no,[],[],[],[]
tt-7636555782590532866,F&tty for life 🐷,yes,['F&tty'],['fatty'],['C1_Orthographic'],"[""Internal_Masking""]"
tt-7636554294484847902,I tried my best. I'M GIGGLING MY PART IS SH!TTY💔💔💔yea I did this in school and is finally posting this🥹#fyp #zyxcba #fypシ #viral #fakecollab @USER,yes,['SH!TTY'],['shitty'],['C1_Orthographic'],"[""Visual_Similarity_Substitution""]"
tt-7636514754948779280,"KAK TTY, thank you for the incredible support in my LIVE! I will keep creating better LIVE content! @USER TTY #tiktoklive #livehighlights #livegift #levelupsparks",no,[],[],[],[]
tt-7636480297718058247,BUK-TTY-YAU #videosshopee #afiliadashopee #afiliadainiciante #shopee,no,[],[],[],[]
tt-7636478513779870996,"Can those retarded ys akgaes leave San alone🫩 you’ve got to be a special kind of mental to behave the way they do and the best part is that fandom always tolerates that bs now you have them threatening to send trucks yet again but if that was ppudings the whole pack would be on our case 💀 Leave San alone. Man just wants to get off work and get home 😑 It is very possible to talk about your fave without involving San, give it a try. Not hos claiming San was promoted in any way by that sh*tty company 🤦🏾‍♀️ San is the most popular member but the least promoted get your facts right 😒 We can count the 4 most promoted members in that group and none of them is San genuinely wish he was just so that hos can have something to cry about…. #sanateez #whatthehell",yes,['sh*tty'],['shitty'],['C1_Orthographic'],"[""Internal_Masking""]"
tt-7636477648948055316,pre....tty♥️💋😘 #CapCut #fypviralシ #fypシ゚ #goviral,no,[],[],[],[]
tt-7636463724877909255,short clip nyana🔥@USER. @USER’re dore girls❤️ @USER @USER,no,[],[],[],[]
tt-7636462806136524062,"Have a drs appt today….🙄🙄 what else?! I’m so tired!!! I had a really bad night, didn’t get a lot of sleep. But I guess it’s good that I look like 💩 lol…. If I look too “good” or “ok” I won’t be listened to. Sad but true. So u gotta look like crap for them to believe I’m feeling sh*tty. 😞 That’s just how it goes…🤷🏻‍♀️ It sticks having an invisible illness. Products used:  @USER Glued 2-in-1 Brow & Edge Gel, on brows and edges, @USER’s Place Bronzed Bronzee For Dark-used Dark Brown on Brows, @USER cosmetics Double Duty Beauty Shape Tape Creamy Concealer in 22N Light Neutral, Tarte Double Duty Beauty Shape Tape Concealer in 27H Light Medium Honey, @USER Cosmetics Poreless Putty Primer,  @USER Revolution Super Dewy Skin Tint in Fair, @USER Cosmetics Flicker Creamy Bronzer Stick in Sudden Heat, @USER cosmetics Baby Got Blush Liquid Blush in Pinkalicious, @USER Cosmetics Store Cool Neutral Eyeshadow Palette-used Grey and Lightest Grey for highlight on eyes, Airspun loose Face Powder in Translucent, @USER Beauty Collection Blush Palette-used Cherr-ish You, @USER NY The Colossal mascara in Glam Black, Essence Hydra Lip Oil in Kiss From A Rose, Makeup Revolution Triple Baked Highlighter in Goddess Of Faith, E.l.f. Power Grip Dry Setting Spray #grwm #lupusawareness #makeup #fyp",yes,"['💩', 'sh*tty']","['shit / crap', 'shitty']","['C10_Pictorial_Symbolic', 'C1_Orthographic']","[""Referential_Iconicity"", ""Internal_Masking""]"
tt-7636443935581195542,"Keeper of the light KOTL mid ! #dota #dota 2 #dota2memes #dota2wtf #dota2watafak #dota2highlights

Does this happen to you on the plane? Are you a support player or just not sure how to play mid? No problem. I got the hero for you. You need to pick Gandalf. Uh, I mean keeper. Keeper of the light is one of the strongest and easiest mid lane heroes to play right now. You just push in the wave and take last hits would illuminate and enemies are not able to pressure you because you do so much damage and take last hits from far away. You can even buy boots and dragway from behind the tower and then farm it with the camp for extra efficiency. And you basically keep pushing in the wave stacking and farming until you hit your level 6. And when you do, you should instantly TP to one of your side lanes and use your ult. You have so much slow and damage that you're gonna be able to punish most heroes in the game at this point. And every time you have ult, you wanna keep snowballing and punishing enemies. Your first item should always be vessel then travels then Octarine Beacon. Some games you can buy orchid if you're against like fog or storm. My name is Russell. Thank you for watching and let me know if you play kettle mid.",no,[],[],[],[]
tt-7634079536212118815,"Preview of Episode 16 featuring @USER! Now available on Spotify, YouTube, Apple & Amazon Podcasts!  #baseball #gloveactually #losangelesdodgers #mlb",no,[],[],[],[]
tt-7627245488747662605,LA vs LA Who knows the Dodgers best? 👀💙 Shoutout to @USER for putting the fans to the test!! #dodgers #losangeles #pawnshopla,no,[],[],[],[]
tt-7626594907922140434,#capcut #CapCut Baby Just Say Bye Bye Bye Kiss Googbye ❤️TDTM❤️,yes,['TDTM'],['Talk Dirty To Me'],['C3_Formal_Compression'],"[""Initialism_Acronym""]"
tt-7621617884522990878,"and just like that, we’re back 🤭💙🤍💙🤍⚾️ #fypシ #dodgers #mlb #openingday2026 #baseball ",no,[],[],[],[]
tt-7617252435890834719,Get in there ___!! #TDTM #LIVEIncentiveProgram #SideHustleLIVE #PaidPartnership,no,[],[],[],[]
tt-7617154659635039518,Mr DoTheMost 225 #TDTM #LIVEIncentiveProgram #ZeroToHero #PaidPartnership,no,[],[],[],[]
tt-7636556881984589063,"#FLASH #DE #59 #JAGUARESV4 #IPN

Do you know where the fuck you are? Tokyo. You in the jungle. Wake up. Time to die.",no,[],[],[],[]
tt-7636537527301639437,Com with me to @USER IPN Oficial 95.7 FM in CDMX promoting my 4th Chamber album.  #Nerulers #Wutangclan #MexicoCity #4thChamber #BbyMutha,no,[],[],[],[]
tt-7636516463083310343,"Erik Ivar Fredholm (1866–1927) was a Swedish mathematician who made fundamental contributions to the development of functional analysis and the theory of integral equations. His work introduced what are now called Fredholm operators and Fredholm equations, which play a central role in modern mathematics and mathematical physics. One of his most important results is the Fredholm Alternative, which states that for a linear integral, the homogeneous equation has only the trivial solution, and the non-homogeneous equation has a unique solution, or the homogeneous equation has non-trivial solutions, and the non-homogeneous equation has solutions only under specific compatibility conditions. Fredholm’s ideas are widely used in: quantum mechanics differential equations signal processing mathematical physics #ipn #mathematics #publico #science #AI",no,[],[],[],[]
tt-7636314034320575774,"Comment ""free"" to get locked in #nurse #Ipn #passyourwavytalk #Ipn #usnurse",no,[],[],[],[]
tt-7636249157585489166,Comment start below and I will guide you through 💰⭐️⭐️👇🏽#entrepreneur #nurse #Ipn,no,[],[],[],[]
tt-7636247723150200077,You work too hard to be financially stuck. Affiliate marketing is something you can start alongside your job. No need to quit nursing—just add another stream of income.#entrepreneur #nurse #Ipn,no,[],[],[],[]
tt-7636246520148364557,"Don’t limit yourself to one source of income. Your skills, your voice, and your network are powerful.#entrepreneur #nurse #Ipn",no,[],[],[],[]
tt-7542983102197550392,"Dear Parents,  since our children chat on phones with their mates,  let's  take note of the following slangs: The list will redefine how you monitor your teen’s conversations with his/her peers.  LIST: 1) IWSN- I want sex now. 2) GNOC- Get naked on camera. 3) NIFOC- Naked in front of computer. 4) PIR- Parent in room. 5) CU46 - See you for sex. 6) 53X- Sex.  7) 9- Parent watching. 8) 99 -Parent gone. 9) 1174′- Party meeting place. 10) THOT- That hoe over there. 11) CID- Acid (the drug). 12) Broken- Hungover from alcohol. 13) 420- Marijuana. 14) POS- Parent over shoulder. 15) SUGARPIC- Suggestive or erotic photo. 16) KOTL- Kiss on the lips. 17) LsMIRL- Let’s meet in real life. 18) PRON- Porn. 19) TDTM- Talk dirty to me. 20) 8 -Oral sex. 21) CD9 -Parents around/Code 9. 22) IPN- I’m posting naked. 23) LH6- Let’s have sex. 24) WTTP- Want to trade pictures? 25) DOC- Drug of choice. 26) TWD- Texting while driving. 27) GYPO- Get your pants off. 28) KPC- Keeping parents clueless.  If you think parenting is still the same as what our parents did, You will fail... Take to Learning. Please share to other parents.. And as parent we must ensure our children phones are not passworded (2)  Dear Parents If you must get your children Android Portable Devices, you need to follow the below steps to be safe: 1. Register a gmail account for them with the correct age and with your email as the parent. 2. Install Google Family Link on your own phone. 3. Add their registered e-mail to your Google Family Link. 4. Factory Reset their android device if they already have one then login the device with their own gmail account that is linked to your Google Family Link. 5. If it is new device, make sure it is their gmail you use to activate the device. 6. Immediately you carry out step 4 & 5 above, your phone will get a notification to allow them activate the device, this is the beginning of you taking control from anywhere. 7. All adult content of any form will never load in their phone. 8. They cannot install anything without your approval remotely from the Family Link. 9. You can lock their device from anywhere. 10. You can set a start and stop time for their device usage, the phone will lock when it gets to that time even if you forget. 11. YouTube will not allow them see adult content too. 12. There is also YKids, which is YouTube for Kids, I recommend you remove the normal YouTube and give them YKids. 13. From your Google Family Link, you can see how long they stayed on each app or page to warn them where necessary. 14. You will see as much as major details of the app. Dear Parents, let's protect the morality of our Children.",yes,"['IWSN', 'GNOC', 'NIFOC', 'PIR', 'CU46', '53X', '9', '99', '1174', 'THOT', 'CID', 'Broken', '420', 'POS', 'SUGARPIC', 'KOTL', 'LsMIRL', 'PRON', 'TDTM', '8', 'CD9', 'IPN', 'LH6', 'WTTP', 'DOC', 'TWD', 'GYPO', 'KPC']","['I want sex now', 'Get naked on camera', 'Naked in front of computer', 'Parent in room', 'See you for sex', 'Sex', 'Parent watching', 'Parent gone', 'Party meeting place', 'That hoe over there', 'Acid / drug', 'Hungover from alcohol', 'Marijuana', 'Parent over shoulder', 'Suggestive or erotic photo', 'Kiss on the lips', 'Let’s meet in real life', 'Porn', 'Talk dirty to me', 'Oral sex', 'Parents around / Code 9', 'I’m posting naked', 'Let’s have sex', 'Want to trade pictures', 'Drug of choice', 'Texting while driving', 'Get your pants off', 'Keeping parents clueless']","['C3_Formal_Compression', 'C3_Formal_Compression', 'C3_Formal_Compression', 'C3_Formal_Compression', 'C2_Phonetic', 'C1_Orthographic', 'C5_Sign_Reassignment', 'C5_Sign_Reassignment', 'C5_Sign_Reassignment', 'C3_Formal_Compression', 'C3_Formal_Compression', 'C5_Sign_Reassignment', 'C5_Sign_Reassignment', 'C3_Formal_Compression', 'C5_Sign_Reassignment', 'C3_Formal_Compression', 'C3_Formal_Compression', 'C1_Orthographic', 'C3_Formal_Compression', 'C5_Sign_Reassignment', ['C3_Formal_Compression', 'C5_Sign_Reassignment'], 'C3_Formal_Compression', ['C3_Formal_Compression', 'C2_Phonetic'], 'C3_Formal_Compression', 'C3_Formal_Compression', 'C3_Formal_Compression', 'C3_Formal_Compression', 'C3_Formal_Compression']","[""Initialism_Acronym"", ""Initialism_Acronym"", ""Initialism_Acronym"", ""Initialism_Acronym"", ""Alphanumeric_Rebus"", ""Visual_Similarity_Substitution"", ""Conventional_Numeric_Symbol_Reassignment"", ""Conventional_Numeric_Symbol_Reassignment"", ""Conventional_Numeric_Symbol_Reassignment"", ""Initialism_Acronym"", ""Lexical_Clipping"", ""Lexical_Reassignment"", ""Conventional_Numeric_Symbol_Reassignment"", ""Initialism_Acronym"", ""Lexical_Reassignment"", ""Initialism_Acronym"", ""Initialism_Acronym"", ""Segmentation_Noise_Insertion"", ""Initialism_Acronym"", ""Conventional_Numeric_Symbol_Reassignment"", [""Lexical_Clipping"", ""Conventional_Numeric_Symbol_Reassignment""], ""Initialism_Acronym"", [""Initialism_Acronym"", ""Alphanumeric_Rebus""], ""Initialism_Acronym"", ""Initialism_Acronym"", ""Initialism_Acronym"", ""Initialism_Acronym"", ""Initialism_Acronym""]"
tt-7505792188681293086,And I Am …..#fyp #biggedthelargest #fullfiguredfashion #beauty #plussizefashion #trendingsong #trendingtiktok #howtogoviralontiktok #iwsn’ttogoviral,no,[],[],[],[]
tt-7503343961428200759,Difference? Solar Powered IoT iWSN Productin Man Systm and on n on 😊😊 #southafricantiktok,no,[],[],[],[]
tt-7485638549379763498,"Decode Teen Slang: What Every Parent Must Know Discover essential teen codes like NSFW, CD9, and IWSN. We explore their meanings and how to address them if found on your child's phone. Stay informed and protect your kids from hidden messages in the digital age. #TeenSlang #ParentingTips #DigitalSafety #TeenCommunication #SocialMediaAwareness #SafeguardingKids #YouthCulture #FamilyDiscussion #UnderstandingTeenagers #ParentalGuidance",yes,"[ 'CD9', 'IWSN']","[ 'parents around / Code 9', 'I want sex now']","[['C_Formal_Compression', 'C5_Sign_Reassignment'], 'C3_Formal_Compression']","[[""Lexical_Clipping"", ""Conventional_Numeric_Symbol_Reassignment""], ""Initialism_Acronym""]"
tt-7446086617758027014,"You can't be an analog parent raising digital natives. Here are some acronyms you should be aware off 👇🏾👇🏾👇🏾 8 – Oral sex 99 – Parent gone 142 or 459 – I love you 182 – I hate you 1174 – Nude club A/S/L – Age/Sex/Location CD9  Code 9 – It means parents are around FYEO – For your eyes only GNOC – Get naked on camera GYPO – Get your pants off HAK – Hugs and kisses IWSN – I want sex now J/0 – Jerking off KFY – Kiss for you KPK – Keeping parents clueless MIRL – Meet in real life MOS – Mom over shoulder NIFOC – Nude in front of computer NSFW – Not safe for work P911 – Parent alert PAW – Parents are watching PAL – Parents are listening PIR – Parent in room POS – Parent over shoulder PRON - Porn RUMORF – Are you male of female? RUTH – Are you horny? SWAK – Sealed with a kiss TDTM – Talk dirty to me WWTP – Want to trade pictures? Giving your kids tools over rules in our Master class on Digital Safety. 🩸Fee: #15,000 ©Dr. Fome Ogbimi  Author, child development expert. #kiddsupportdrfome #nigeriantiktok🇳🇬🇳🇬🇳🇬❤️❤️🇳🇬🇳🇬🇳🇬 #lagostiktok🇳🇬 #africanparents #childdevelopment",yes,"['8', '99', '142/459', '182', '1174', 'A/S/L', 'CD9', 'FYEO', 'GNOC', 'GYPO', 'HAK', 'IWSN', 'J/0', 'KFY', 'KPK', 'MIRL', 'MOS', 'NIFOC', 'NSFW', 'P911', 'PAW', 'PAL', 'PIR', 'POS', 'PRON', 'RUMORF', 'RUTH', 'SWAK', 'TDTM', 'WWTP']","['oral sex', 'parent gone', 'I love you', 'I hate you', 'nude club', 'age/sex/location', 'parents around', 'for your eyes only', 'get naked on camera', 'get your pants off', 'hugs and kisses', 'I want sex now', 'jerking off', 'kiss for you', 'keeping parents clueless', 'meet in real life', 'mom over shoulder', 'nude in front of computer', 'not safe for work', 'parent alert', 'parents are watching', 'parents are listening', 'parent in room', 'parent over shoulder', 'porn', 'are you male or female', 'are you horny', 'sealed with a kiss', 'talk dirty to me', 'want to trade pictures']","['C5_Sign_Reassignment', 'C5_Sign_Reassignment', 'C5_Sign_Reassignment', 'C2_Phonetic', 'C5_Sign_Reassignment', 'C3_Formal_Compression', ['C3_Formal_Compression','C5_Sign_Reassignment'], 'C3_Formal_Compression', 'C3_Formal_Compression', 'C3_Formal_Compression', 'C3_Formal_Compression', 'C3_Formal_Compression', ['C1_Orthographic','C3_Formal_Compression'], 'C3_Formal_Compression', 'C3_Formal_Compression', 'C3_Formal_Compression', 'C3_Formal_Compression', 'C3_Formal_Compression', 'C3_Formal_Compression', ['C3_Formal_Compression', 'C5_Sign_Reassignment'], 'C3_Formal_Compression', 'C3_Formal_Compression', 'C3_Formal_Compression', 'C3_Formal_Compression', 'C1_Orthographic', 'C3_Formal_Compression', 'C3_Formal_Compression', 'C3_Formal_Compression', 'C3_Formal_Compression', 'C3_Formal_Compression']","[""Conventional_Numeric_Symbol_Reassignment"", ""Conventional_Numeric_Symbol_Reassignment"", ""Conventional_Numeric_Symbol_Reassignment"", ""Alphanumeric_Rebus"", ""Conventional_Numeric_Symbol_Reassignment"", ""Initialism_Acronym"", [""Lexical_Clipping"", ""Conventional_Numeric_Symbol_Reassignment""], ""Initialism_Acronym"", ""Initialism_Acronym"", ""Initialism_Acronym"", ""Initialism_Acronym"", ""Initialism_Acronym"", [""Visual_Similarity_Substitution"", ""Initialism_Acronym""], ""Initialism_Acronym"", ""Initialism_Acronym"", ""Initialism_Acronym"", ""Initialism_Acronym"", ""Initialism_Acronym"", ""Initialism_Acronym"", [""Initialism_Acronym"", ""Conventional_Numeric_Symbol_Reassignment""], ""Initialism_Acronym"", ""Initialism_Acronym"", ""Initialism_Acronym"", ""Initialism_Acronym"", ""Segmentation_Noise_Insertion"", ""Initialism_Acronym"", ""Initialism_Acronym"", ""Initialism_Acronym"", ""Initialism_Acronym"", ""Initialism_Acronym""]"
tt-7628191631396719880,outfit and bag @USER  styled by @USER,no,[],[],[],[]
tt-7614933771460103442,NGOJA NIFOC SIXPACK 😜,yes,['NIFOC'],['naked in front of computer'],['C3_Formal_Compression'],"[""Initialism_Acronym""]"
tt-7579720523551182088,Social media acronyms that parents should know Most of the acronyms listed below have sexual meanings and motives behind them and may be used by predators. Many of the acronyms also show that teens have ways to make sure you do not catch a glimpse of something they may be sending or posting. The list below is only a mere sample of acronyms used on social media websites. There are various websites that provide updated lists which you should take note of. GNOC - Get Naked On Cam TDTM - Talk Dirty To Me NIFOC - Naked In Front Of Computer PAW - Parents Are Watching PIR - Parent In Room POS - Parent Over Shoulder CD9/Code 9 - Parent/Adult around ASL(R P) - Age Sex Location (Race/Picture) (L)MIRL  - (Let us) meet in real life MOS - Mom Over Shoulder P911 - Parent emergency PRON - Porn S2R - Send To Receive (pictures) FYEO – For Your Eyes Only,yes,"['GNOC', 'TDTM', 'NIFOC', 'PAW', 'PIR', 'POS', 'CD9/Code 9', 'ASL(R P)', '(L)MIRL', 'MOS', 'P911', 'PRON', 'S2R', 'FYEO']","['get naked on camera', 'talk dirty to me', 'naked in front of computer', 'parents are watching', 'parent in room', 'parent over shoulder', 'parent/adult around', 'age/sex/location/race/picture', 'meet in real life', 'mom over shoulder', 'parent emergency', 'porn', 'send to receive pictures', 'for your eyes only']","['C3_Formal_Compression', 'C3_Formal_Compression', 'C3_Formal_Compression', 'C3_Formal_Compression', 'C3_Formal_Compression', 'C3_Formal_Compression', ['C3_Formal_Compression','C5_Sign_Reassignment'], 'C3_Formal_Compression', 'C3_Formal_Compression', 'C3_Formal_Compression', ['C3_Formal_Compression', 'C5_Sign_Reassignment'], 'C1_Orthographic', ['C2_Phonetic', 'C3_Formal_Compression'], 'C3_Formal_Compression']","[""Initialism_Acronym"", ""Initialism_Acronym"", ""Initialism_Acronym"", ""Initialism_Acronym"", ""Initialism_Acronym"", ""Initialism_Acronym"", [""Lexical_Clipping"", ""Conventional_Numeric_Symbol_Reassignment""], ""Initialism_Acronym"", ""Initialism_Acronym"", ""Initialism_Acronym"", [""Initialism_Acronym"", ""Conventional_Numeric_Symbol_Reassignment""], ""Segmentation_Noise_Insertion"", [""Initialism_Acronym"", ""Alphanumeric_Rebus""], ""Initialism_Acronym""]"
tt-7506797214233021701,Time to learn  #sewing #sourvenir #nifoc #viral #trending #fashion #sewingtiktok,no,[],[],[],[]
tt-7502411227457522950,You won't believe it's this easy to make  URL Watch and learn  #viralvideo #viral #nifoc #sewing #sewingtiktok #tutorial #workfromhome,no,[],[],[],[]
tt-7502152972110007557,we are here for you to give you the very best.  #bride #eventplanner #nifoc #viral #viralvideo,no,[],[],[],[]
tt-7501776681632353591,"send us a DM now, let's make your event an unforgettable one  #sourvenir #event #eventplanner #bride #fashion #nifoc #viral",no,[],[],[],[]
tt-7491250409248394551,"FREE 3-Day Sewing Bootcamp: Sew Like a PRO!  Tired of wonky stitches, wasted fabric, or feeling clueless with your sewing machine? It’s time to level up your skills — in just 3 days, you’ll go from confused to confident! Join the “Sew Like a Pro” WhatsApp Bootcamp and unlock pro-level sewing secrets with expert-led sessions, fun daily challenges, and real-time support! What to expect: – Fast, hands-on training – Simple tips that actually work – A supportive sewing community cheering you on! Limited slots available! Click to join now: 🔗 URL Your sewing breakthrough starts here. Don’t miss it! #fashion #sewing #sewingtiktok #stayhome #workfromhome #nifoc #craft",no,[],[],[],[]
tt-7475640588986076422,fashion tips O'Clock  #nifoc #scarf #fashiontips,no,[],[],[],[]
tt-7474657443599879430,Happy Sunday from here my people. #nifoc,no,[],[],[],[]
tt-7474655889543171334,it's #1200 send a DM to us now.  #nifoc #headband,no,[],[],[],[]
tt-7473412088979819781,"SUFFERING FROM HAIR BREAKAGE, THIS IS YOUR BEST BET. JUST 1K PER PCS DM NOW  #capcut #nifoc #scrunchies",no,[],[],[],[]
tt-7636189256255376660,make it viral #creatorsearchinsights #viral #fyp #pir #tikto,no,[],[],[],[]
tt-7636148400362245406,we love jav #fyp #destiny2 #destinythegame #trialsofosiris #niche,no,[],[],[],[]
tt-7636190410657778975,"Looking for a fun, flavorful social drink that keeps you in the moment without the next day fog? 🍹✨ Long Coast has something for everyone. Whether you love Whiskey Peach Cobbler, Blueberry Mojito, or Pineapple Mimosa, you can mix and match your favorites with our convenient pop tops and 4 packs. 🌊 People searching for best non alcohol drinks for parties, hangover free social drinks, and healthy alternatives to alcohol for nights out are discovering Long Coast as the perfect way to enjoy flavor without sacrificing mornings. Try them all, find your favorite, and make every night a better night. Visit drinklongcoast.com and order now to start your mix and match adventure. 🍹💬 #longcoast #hangoverfree #socialdrink #nonalcoholicdrink #drinkbetter",no,[],[],[],[]
tt-7636190389166296328,"The next level minuman kecantikan untuk akak-akak! Bahan-bahan: * 1 biji orange, peeled * 2 biji lemons, peeled * 1 inch fresh turmeric  * 1 inch fresh ginger  * 1/8 tsp fresh black pepper * 100ml coconut water * 100ml pineapple juice * 2 tsp of honey  * 1/4 tsp cayenne pepper #baristalifestyle #recipesoftiktok #gingershot #skincare #retinolskincare",no,[],[],[],[]
tt-7636190259285576973,Pineapple Fried Rice #ThaiHot #SanJoseEats #BayAreaFoodie #ThaiTuesday,no,[],[],[],[]
tt-7636190043761069343,Happy Star Wars Day! - Here’s what ya get from a retired bartender and Star Wars fan. our #starwars themed cocktail. Blue milk!  Cheers. Vodka  Pineapple juice Coconut milk Spirulina Kambucha,no,[],[],[],[]
tt-7636190029886360846,Babygirl got a green 👍  #956#fyp  #Pineapple #Potatoe,no,[],[],[],[]
tt-7636189552343878930,Can we save this baby pineapple from her parents? 😔 #sadstory #talkingfruits #fruitsstory #makeitviral #fyp,no,[],[],[],[]
tt-7636189506449820958,Tempt EDP by Maëlys is bright juicy and a little addictive. Crisp pear hits first with citrus and pineapple keeping it fresh not syrupy. Then it settles into a soft creamy skin scent with coconut amber and musk that just melts in. Easy grab kind of fragrance but still gets attention. Clean pretty slightly flirty and just really well done.  #perfumetok #smellgood #fragrancetok #perfumelover #perfumetiktok,no,[],[],[],[]
tt-7636189370248121633,did i ever mention that i absolutely despise pineapple? #surgery #pineapplejuice #help #fyp,no,[],[],[],[]
tt-7636188962905804050,Sipping on an amazing pineapple & coconut drink 🍍🥥—tropical bliss in every sip!  📍Fresca Al Hamra,no,[],[],[],[]
tt-7636188739240217870,i’m a sucker for a kitchen tool 🍍✨ #pineapple #fruit #tools #kitchen #kitchengadgets,no,[],[],[],[]
tt-7636188435371314450,Quick question the pineapple juice in the fridge how long ago did you get it There's no expiration date,no,[],[],[],[]
tt-7636188411409288478,Serve looks. Serve minis. 💅🍩 This week’s lineup just dropped—strike a pose and pick your fave: 🍌Banana Peanut Butter 🍫 Chocolate Vanilla 🍍 Pineapple Coconut 🍦 Vanilla Sprinkle 🌈 Chocolate Sprinkle Catch your cravings in the wild,no,[],[],[],[]
tt-7636188326910790926,"We came ALL this way to eat at pineapple willys, i actually dont like panama city and like to stay far away 😂 but we were up and out of there by 6:30 and beat the crowds.

We're shopping in Pure Park. Let's see what they have. We are two hours from the bar. Mind you. Song. This is unnecessarily big. I wanna gummy band aid. That's sick. Tell papa it's for him. We're gonna play a prank on papa. You look this twice and he's done.",no,[],[],[],[]
tt-7636187702060207373,Lil man say they fire 🔥 #fyp #pineapple #florida #orlando #content,no,[],[],[],[]
tt-7636187412544113950,Give me your tips and tricks so I can keep this pineapple alive & thriving!  #pineappleplant #growyourownfood #planttok #gardeningforbeginners #planttransformation,no,[],[],[],[]
tt-7636187412305071390, It’s rare that a dessert is my favorite dish of the meal #pineapple,no,[],[],[],[]
tt-7636187353844960525,"Ingredients: 4 cups pineapple juice, chilled 2 cups orange juice, chilled 1 cup mango juice (or guava juice) 2 cups lemon-lime soda, chilled 1/4 cup fresh lime juice 1/4 cup honey or simple syrup (adjust to taste) 2 cups fresh pineapple chunks 1 orange, thinly sliced 1/2 cup strawberries, sliced Ice cubes Fresh mint leaves (for garnish) Directions: Prepare the Base: In a large pitcher or punch bowl, combine pineapple juice, orange juice, and mango juice. Add Citrus & Sweetness: Stir in fresh lime juice and honey (or simple syrup). Mix until well combined. Add Fresh Fruit: Add pineapple chunks, orange slices, and strawberries to the mixture for a vibrant, fruity infusion. Chill: Refrigerate the punch for at least 1 hour to let the flavors blend beautifully. Add Fizz: Just before serving, pour in the chilled lemon-lime soda and gently stir. Serve: Fill glasses with ice, pour the punch over, and garnish with fresh mint leaves. Enjoy: Serve immediately and celebrate with this refreshing tropical treat! Nutritional Information: ⏰ Prep Time: 10 minutes | Chilling Time: 1 hour | Total Time: 1 hour 10 minutes 🔥 Kcal: ~120 kcal per serving | 🍽️ Servings: 8 servings #MothersDay #TropicalDrinks #PineapplePunch #RefreshingBeverages #PartyDrinks",no,[],[],[],[]
tt-7636186717841624350,Have Yall Tried The Viral Pineapple Spears 🍍? #viralpineapplespears #koolaid,no,[],[],[],[]
tt-7636186703505460510,"Give Mom the Gift of Self-Care & Luxury with Nicola Essence  This Mother’s Day, treat her to oils made to nourish, restore, and glow from head to toe  Featured Favorites: 1. Original Hair Growth Oil   2. Peach Hair Growth Oil   3. Sandalwood Body Oil   4. Mango Body Oil   5. Pineapple Body Oil   6. Apple Hemp Massage Oil   7. Cranberry Oil   8. Cashmere Body Oil   9. Rose Cuticle Oil   Whether she loves healthy hair, soft glowing skin, relaxing massages, or beautiful nails, Nicola Essence has the perfect gift waiting for her. 🎁Mother’s Day gift bundles available now  !   Shop in boutique or online today   Perfect for moms, grandmothers, wives, sisters, friends, and every special woman in your life Give the gift of beauty, relaxation, and self-care this Mother’s Day with Nicola Essence  #NicolaEssence #MothersDayGift #HairGrowthOil #BodyOil #SelfCare",no,[],[],[],[]
tt-7636186662481055007,"Canada Pineapple Soda Drink #canada #pineapple #drink #soda #food

What's up, America? Welcome back to exotic drinks from around the world. We try exotic drinks from around the world to see if they taste like shit or not. So today's drink is from Canada, and it's Grace Island soda. Now, it's made with real cane sugar, of course, because it's from Canada, and it's not generally made with toxic shit like here in the United States. Unfortunately for me, when I bought this, I thought it was a lemon drink. Turns out it's pineapple. So I already am not excited. But who knows, maybe we'll get lucky. Maybe this will be the first pineapple drink I'll actually enjoy outside of pineapple juice. Let's find out. So I opened it up, smell it, and it smells like a pineapple soda. So not like pineapple juice, like a soda version. So let's try it and see if it tastes like shit or not. Ah, well, it tastes like cane sugar in a pineapple soda. So like I said, I'm not a huge fan of pineapple, but I've had this brand before and on other beverage flavors. This brand is the shit. So this Canadian brand is absolutely fantastic. If this was lemon, I really would have liked this. I'll give this an 8 simply because the brand, as far as pineapple's concerned, about a 2. But that's, you know, not much here because the brand is so good. But if you're into pineapple soda, you would love that shit. But, like, I Said, I'm into lemon. And I thought it was, but. Oops, my fucking bad.",no,[],[],[],[]
tt-7636186647008267533,"🚨🥤 NEW DRINKS DROP MAY 6TH 🥤🚨 Dora… are y’all READY?! 👀🔥 Something BIG is hitting McDonald’s and it’s about to change your drink order forever… Starting May 6th, we’re dropping 6 ALL-NEW specialty drinks that are bringing bold flavors, cold foam, and straight-up summer vibes ☀️   ✨ Here’s what’s coming: 🍓 Strawberry Watermelon Refresher 🥭 Mango Pineapple Refresher (with popping boba 👀) 🍇 Blackberry Passion Fruit Refresher 🥤 Sprite Berry Blast (blue raspberry + cold foam) 🍊 Orange Dream (creamy vanilla + Hi-C twist) 🥤 Dirty Dr Pepper (yes… it’s THAT good 😮‍🔥)   These aren’t your normal drinks… we’re talking: 💥 Real fruit flavors 💥 Cold foam toppings 💥 Next-level “dirty soda” vibes This is McDonald’s entering a whole new drink era — and trust us, you’re gonna want to try EVERY single one 😤   ⚠️ Side effects may include: • New favorite drink unlocked • Daily McDonald’s runs • Saying “let me try one more…” 📅 Mark your calendar: May 6th 📍 Only at your Dora McDonald’s Pull up, cool off, and let us know… which one are YOU trying first? 👇🔥 #Mc#McDonaldso#DoraALe#NewDropi#DirtySodae#Refreshers",no,[],[],[],[]
tt-7636186381101927710,"It’s Star Wars Day, and even though it’s Mocktail Monday, we’re doing a Cast Iron and Cocktails double feature. Check out our last video for the N/A version. Recipe: Bantha (Blue) Milk Ingredients: 0.5 oz lime juice 1.5 oz pineapple juice 0.5 oz blue curaçao 0.75 oz coconut rum 0.75 oz rum 2 oz coconut milk* Build: 1. Add lime juice, pineapple juice, blue curaçao, and both rums to a shaker with ice. 2. Add coconut milk and shake aggressively to combine and chill. 3. Strain into a Collins glass over fresh ice. Serve and enjoy! Notes: * Do not try to sub in light or low-fat coconut milk here. You need the higher fat content to keep the drink from separating or curdling. Trust me, I tried. This is also why I list adding the coconut milk as a seperate step right before shaking, so there is less time for it to interact with the acid before dilution. Full disclosure, this is a version I came up with after some internet sleuthing, if you’ve had the one at Disney and decide to try this, I’d love to hear how it compares. #starwarsday #starwars #rum #cocktails #fyp",no,[],[],[],[]
tt-7636186191989181726,"The pineapple ain’t even the problem it’s the DOUBLE DIPPING for me 😭🍍 nah I’m straight 🤢.. #content #explorepage #koolaid #trendykids #pineapples

Hey, besties, we got the new viral, viral pineapple Kool Aid. This look like nothing but sugar diabetes. Can you go on somewhere? You only say that cause you like sweets. Honey, y'all cut it out. So I got blue raspberry, I got cherry and she got fruit punch. Hey, why are you telling them? I'm supposed to tell them. They already see the PL group. It says F P. So that means I don't understand the open thing. Not yet. Kiki. No, I said what? I said no. Girls, can someone help me open this? I got my favorite color blue. I got my favorite color blue. I cannot wait to try these. I'm gonna be eating these up, girl. Yes! I bet they still gonna be like this. Oh, one 1 when I done eating the pineapples. They're gonna. They're some gonna be big. Let me open these pineapples. My hand's sweaty. Oh, I did it. Oh, can you open it? Can you open mine? Oh, smell good. Yeah. Can you. Can somebody open mine? Oh yeah. My hand's sweaty. I need help. Okay, hold this. Alright, guys, so my head stings. It stings my. Okay, come on. It stings. Oh, they smell some Takis. Takis? That's a weird combination. Kiki. Kiki! Okay, my hands are okay. I don't want to get. I don't want that no more. Oh, well, it's just a regular pineapple. Kiki! What? Girl, what's wrong with you? Dang big juicy. Okay, I opened It. You got it all over yours. Oh, wait, not all over it. Oh, they're juicy. Pineapple tastes like pineapple juice with fruit. Um, try it out. Cooking. That's good, that. Love the juice. I might well. Dang beans. Hey, can you dip in the thing? What? Oh, my gosh. Kiki, you crazy. What is now? I'mma dip it if you dip it. Hey, you better come out. Mmm. Okay. That. Oh, oh, oh, it's a juicy one. Ha ha ha! Big, big, juicy. Mmm. Mmm. You're dipping it. Every single one. I don't want. That's the one. That's the one. Fruit punch is the best one. Ooh, it is so good. I don't know why we chasing a weird conversation. Alright, bestie, you gonna finish eating it? Bye. Hmm.",no,[],[],[],[]
tt-7636186073772690719,"curry oxtail ,freid shrimp and rice an peas with carrot and  pineapple juice 😋  as a big back 😂 Happy Monday ✨️  #tiktok #fyp #1HumbleBoss #viral #foodie",no,[],[],[],[]
tt-7636186073772625159,"BRAVEN URBAN XDP Top Notes (Aroma Awal): Grapefruit, Green Apple, Pineapple. Middle Notes (Aroma Tengah): Lavender, Geranium (floral & menenangkan). Bottom Notes (Aroma Dasar): Amber, Vanilla (manis, hangat, tahan lama)",no,[],[],[],[]
tt-7636186056978631967,Late post of my week with the kiddos looking pretty my dinner last night was unethical so don't judge 😂 😆 shril dressing potato salad and broccoli and cheese. My breakfast was spinach apple pineapple and ginger smoothie 😋 🥤 #dinnerwithmybabies #summerbod #finishingprojects  #Lemon8,no,[],[],[],[]
tt-7636188761298111774,Public executions should be reintegrated into society 🥀#ilovedominantwomen #futa,yes,['futa'],['futanari / adult anime sexual tag'],"[['C3_Formal_Compression', 'C11_Cross_Linguistic']]","[[""Lexical_Clipping"", ""Translation_Based_Encoding""]]"
tt-7636185861318511873,is caught in 4k is indigo keen and purple star the rule 34 disgusting is futa 💀💀💀💀💀 #rainbowbubblegemmeme #trueandtherainbowkingdommeme #tinytanmeme,yes,"['rule 34', 'futa']","['pornographic version of any subject', 'futanari / adult anime sexual tag']","['C5_Sign_Reassignment', ['C3_Formal_Compression', 'C11_Cross_Linguistic']]","[""Conventional_Numeric_Symbol_Reassignment"", [""Lexical_Clipping"", ""Translation_Based_Encoding""]]"
tt-7636184307190484246,"Akande Ogundimu, better known as Doomfist, was born into a wealthy Nigerian family that owned a leading prosthetic-technology company. A charismatic and highly intelligent youth, Akande’s true passion was competitive martial arts. He trained extensively in various traditional fighting styles, dominating tournaments across the African continent with his formidable strength, intuition, and strategic mind. His martial arts career was tragically cut short during the Omnic Crisis when he lost his right arm. While his family's company provided him with a state-of-the-art cybernetic replacement that made him physically stronger than ever, official tournament rules forbade him from competing with augmentations. Stripped of his life's primary focus, Akande was adrift until he was approached by Akinjide Adeyemi, the second person to hold the title of ""Doomfist"" (also known as the Scourge). Adeyemi introduced him to the Talon organization, where Akande's tactical brilliance and combat prowess flourished as a mercenary. However, Akande’s ambition soon outgrew his mentor's. Believing deeply that humanity can only evolve and grow stronger through the crucible of intense conflict, Akande envisioned a grander, more destructive purpose for Talon. He ultimately assassinated Adeyemi, claiming the legendary Doomfist gauntlet for himself and ascending to the mantle as ""The Successor."" As a high-ranking leader within Talon's inner council, Doomfist orchestrated a global conspiracy to plunge the world into a new war. His plans were temporarily halted when an Overwatch strike team—comprising Winston, Tracer, and Genji—defeated and imprisoned him. After biding his time for years in a maximum-security facility, Doomfist broke out, returned to Numbani to reclaim his gauntlet in a devastating attack, and resumed his position at Talon's helm. Today, he continues to pull the strings from the shadows, relentlessly pursuing his vision of forced human evolution through endless war. #fyp #overwatch #feet #futa #oilythighjob",yes,['futa'],['futanari / adult anime sexual tag'],"[['C3_Formal_Compression', 'C11_Cross_Linguistic']]","[[""Lexical_Clipping"", ""Translation_Based_Encoding""]]"
tt-7636183883288972574,Digital footprint is dead to me #futa #fnaf #xyzbca #viral #satire,yes,['futa'],['futanari / adult anime sexual tag'],"[['C3_Formal_Compression', 'C11_Cross_Linguistic']]","[[""Lexical_Clipping"", ""Translation_Based_Encoding""]]"
tt-7636178870663695623,Commented on @USER’s post @USER @USER Creators ✨ @USER @USER #fyppppppppppppppppppppppp #500kviews,no,[],[],[],[]
tt-7636175705633525012,I made my client join me to do the trend😂😂 Appointment  #akureteethwhitening #trending?sound🔥fyp #teethcare #sbimaygrowthday5 #akuredentist,no,[],[],[],[]
tt-7636175330784447764,"The first,second and last are sold out ..2500 each..send a dm to order#bumshortsplug #newarrivals #akurevendors #affordable #goviral  Akure vendor  Affordable  Futa  Bumshort lovers  Bumshorts",no,[],[],[],[]
tt-7636172317621505302,"p #futa #fyp #xyzabc #icecreamyummyicecreamgood #familyguy  For the franchise, see Family Guy (franchise). Family Guy is an American animated sitcom created by Seth MacFarlane for the Fox Broadcasting Company. The series premiered on January 31, 1999, following Super Bowl XXXIII, with the rest of the first season airing from April 11, 1999.For the franchise, see Family Guy (franchise). Family Guy is an American animated sitcom created by Seth MacFarlane for the Fox Broadcasting Company. The series premiered on January 31, 1999, following Super Bowl XXXIII, with the rest of the first season airing from April 11, 1999.For the franchise, see Family Guy (franchise). Family Guy is an American animated sitcom created by Seth MacFarlane for the Fox Broadcasting Company. The series premiered on January 31, 1999, following Super Bowl XXXIII, with the rest of the first season airing from April 11, 1999.For the franchise, see Family Guy (franchise). Family Guy is an American animated sitcom created by Seth MacFarlane for the Fox Broadcasting Company. The series premiered on January 31, 1999, following Super Bowl XXXIII, with the rest of the first season airing from April 11, 1999.For the franchise, see Family Guy (franchise). Family Guy is an American animated sitcom created by Seth MacFarlane for the Fox Broadcasting Company. The series premiered on January 31, 1999, following Super Bowl XXXIII, with the rest of the first season airing from April 11, 1999.For the franchise, see Family Guy (franchise). Family Guy is an American animated sitcom created by Seth MacFarlane for the Fox Broadcasting Company. The series premiered on January 31, 1999, following Super Bowl XXXIII, with the rest of the first season airing from April 11, 1999.For the franchise, see Family Guy (franchise). Family Guy is an American animated sitcom created by Seth MacFarlane for the Fox Broadcasting Company. The series premiered on January 31, 1999, following Super Bowl XXXIII, with the rest of the first season airing from April 11, 1999.For the franchise, see Family Guy (franchise). Family Guy is an American animated sitcom created by Seth MacFarlane for the Fox Broadcasting Company. The series premiered on January 31, 1999, following Super Bowl XXXIII, with the rest of the first season airing from April 11, 1999.For the franchise, see Family Guy (franchise). Family Guy is an American animated sitcom created by Seth MacFarlane for the Fox Broadcasting Company. The series premiered on January 31, 1999, following Super Bowl XXXIII, with the rest of the first season airing from April 11, 1999.For the franchise, see Family Guy (franchise). Family Guy is an American animated sitcom created by Seth MacFarlane for the Fox Broadcasting Company. The series premiered on January 31, 1999, following Super Bowl XXXIII, with the rest of the first season airing from April 11, 1999.For the franchise, see Family Guy (franchise). Family Guy is an American animated sitcom created by Seth MacFarlane for the Fox Broadcasting Company. The series premiered on January 31, 1999, following Super Bowl XXXIII, with the rest of the first season airing from April 11, 1999.For the franchise, see Family Guy (franchise). Family Guy is an American animated sitcom created by Seth MacFarlane for the Fox Broadcasting Company. The series premiered on January 31, 1999, following Super Bowl XXXIII, with the rest of the first season airing from April 11, 1999.For the franchise, see Family Guy (franchise). Family Guy is an American animated sitcom created by Seth MacFarlane for the Fox Broadcasting Company. The series premiered on January 31, 1999, following Super Bowl XXXIII, with the rest of the first season airing from April 11, 1999.For the franchise, see Family Guy (franchise). Family Guy is an American animated sitcom created by Seth MacFarlane for the Fox Broadcasting Company. The series premiered on January 31, 1999, following Super Bowl XXXIII, with the rest of the first season airing from Ap",yes,['futa'],['futanari / adult anime sexual tag'],"[['C3_Formal_Compression', 'C11_Cross_Linguistic']]","[[""Lexical_Clipping"", ""Translation_Based_Encoding""]]"
tt-7636170348714528008,I'm such a smiley soul 🥹💕 #smallbusiness #dinner #futa #stylishfindsbyenny,no,[],[],[],[]
tt-7636164605697363221,God of chosen is in control  W//@USER _tee❤️😍😍❤️ @USER Creators ✨ #fyppppppppppppppppppppppp #futarian #viraltiktok #vawulentkid,no,[],[],[],[]
tt-7636164225739541782,#CapCut ##fypppppppppppppp #goviral #futa twins my reflection 😩🥹❤️@USER ALONE 💔 @USER🦂💕👑🥹,no,[],[],[],[]
tt-7636161491548310798,Sorry if I butchered names 😭   #animebattlearena #anime #roblox #ranking,no,[],[],[],[]
tt-7636160979537005847,Head in the ceiling fan 🥲#futa #titlefight #titlefightshed #futanariisgreat #titlefightsupremacy,yes,['futa'],['futanari / adult anime sexual tag'],"[['C3_Formal_Compression', 'C11_Cross_Linguistic']]","[[""Lexical_Clipping"", ""Translation_Based_Encoding""]]"
tt-7636160849358441746,Used Samsung Galaxy Note 10 8GB RAM / 256GB Storage ✅ Smooth performance ✅ Sharp display IG: URL,no,[],[],[],[]
tt-7636160797122546965,❣️ of futa #  please 🙏 guys follow and like,yes,['futa'],['futanari / adult anime sexual tag'],"[['C3_Formal_Compression', 'C11_Cross_Linguistic']]","[[""Lexical_Clipping"", ""Translation_Based_Encoding""]]"
tt-7636159614928555284,Kindly support this brand this month edakun 🥰🙏we are located at futa South Gate Akure. #cornrows #1000kveiw🤘🏿🤘❤️🖤 #fypppppppppppppppppppppp #hairstylistinakureee,no,[],[],[],[]
tt-7636152650592963854,full story reddit!! #redditstory #gooncorners #fullstory #fyp #futa,no,"['gooncorners', 'futa']","['porn/masturbation-focused online space', 'futanari / adult anime sexual tag']","['C5_Sign_Reassignment', ['C3_Formal_Compression', 'C11_Cross_Linguistic']]","[""Lexical_Reassignment"", [""Lexical_Clipping"", ""Translation_Based_Encoding""]]"
tt-7636142416201813255,Surface Dermal 101✨ It is a 2-entry point with bar under the skin. ,no,[],[],[],[]
tt-7636129084136869128,"A wrap of awesome flavor🌯, you would want to savor it🤤. Location is FUTA west gate, Akure #futa #shawarma #akureevents #franchill2026",no,[],[],[],[]
tt-7636123757366512917,oh chim 🥲#fyp #viral @USER 🥷📸💯 #futa #university #relatable ,no,[],[],[],[]
tt-7636115697277750549,"Discount! discount!!discount!!! ✨ TY BEAUTY – Resumption Discount ✨ Slay your look as you resume 💇🏾‍♀️ Discount on all braids: • Knotless • French curls • Wig revamp & more 📍 FUTA Northgate, Akure 📅 Valid till May 18.                        #akurehairstylist #braider #fyppppppppppppppppppppppp #goviral #discountpromo",no,[],[],[],[]
tt-7636113095038930196,Please patronize my small business. Shop your original and aunthetic products here☺️💕#newbusinessowner #skincaretiktok #skinovabytina #futa,no,[],[],[],[]
tt-7636112113768860949,"Skin, but better 💙. Please patronize my small business and let’s grow together 🥹🫶🏾. Business acc@Skincare Vendor in Akure. #skincare #skinovabytina #futa",no,[],[],[],[]
tt-7596004259792047382,Baby eating a Cheesy Pizza 🍕 #ai #baby #pizzalovers #asmr #fyp,no,[],[],[],[]
tt-7536538659793816845,Lore drop || naw but bro could be having a wife and kids rn LMAO #cope #viral,no,[],[],[],[]
tt-7497361327736884511,"Serving slice and sass on the dance floor—extra cheese, zero chill! 🍕💃🕶️ #PizzaPrincess #DiscoTopping #SnackAttackMode #PartyCrust #TinyDancer #baby #viralvideo",no,[],[],[],[]
tt-7636455906594573590,"Just a few days until our first co-lab with Pineapple Lifestyle app 🍍  If you're out and about #Jaydees in #Bedfordshire, then pop along to see us!  #LifestyleClubs",yes,"['Pineapple Lifestyle app', 'LifestyleClubs', '🍍']","['adult lifestyle / nonmonogamy community app', 'adult lifestyle club context', 'adult lifestyle / nonmonogamy community symbol']","['C5_Sign_Reassignment', 'C8_Semantic_Circumlocution', ['C10_Pictorial_Symbolic', 'C5_Sign_Reassignment']]","[""Lexical_Reassignment"", ""Strategic_Vagueness"", [""Name_Based_Emoji_Mapping"", ""Lexical_Reassignment""]]"
tt-7635990241060343062,"🍍 PINEAPPLE LIFESTYLE APP 🍍 WE’RE BACK — AND BETTER THAN EVER The wait is over… Pineapple Lifestyle is now LIVE again on the app stores! ✨ Discover. Connect. Elevate your lifestyle. ✨ Fresh features, smoother experience ✨ Your go-to app for modern living 📲 Download NOW Available on iOS & Android 🔥 Rejoin the community 🔥 Explore what’s new 🔥 Start living the Pineapple lifestyle Don’t miss out — jump back in today@Kinky_red_shoes @USER 🍍 #lifestyle #nonmonogamy #CapCut #pineapplelifestyleapp #pineapple",yes,"['Pineapple Lifestyle app', 'pineapple', '🍍']","['nonmonogamy / lifestyle community app', 'nonmonogamy or swinger-community symbol', 'adult lifestyle / nonmonogamy community symbol']","['C5_Sign_Reassignment', 'C5_Sign_Reassignment', ['C10_Pictorial_Symbolic', 'C5_Sign_Reassignment']]","[""Lexical_Reassignment"", ""Lexical_Reassignment"", [""Name_Based_Emoji_Mapping"", ""Lexical_Reassignment""]]"
tt-7633432699989937430,Android  Step 1 - uninstall Pineapple  Step 2 - download new APK using this link  URL Step 3 - Log back in  Step 4 - Enjoy the new features! IOS users please update via the app store. #nonmonogamy  #pineapple  🍍 ,yes,"['Pineapple', '🍍']","['adult lifestyle / nonmonogamy app','adult lifestyle / nonmonogamy community symbol']","['C5_Sign_Reassignment',  ['C10_Pictorial_Symbolic', 'C5_Sign_Reassignment']]","[""Lexical_Reassignment"",  [""Name_Based_Emoji_Mapping"", ""Lexical_Reassignment""]]"
tt-7631982321935142166,For those in the #Lifestyle wanting to know when our next big event is....  It's at #Jaydees #Bedfordshire and you'd be mad to miss it! 🍍  Pineapple Lifestyle app 🍍,yes,"['Lifestyle', 'Pineapple Lifestyle app', '🍍']","['adult lifestyle / swinger or nonmonogamy community', 'nonmonogamy/lifestyle app', 'adult lifestyle / nonmonogamy community symbol']","['C8_Semantic_Circumlocution', 'C5_Sign_Reassignment', ['C10_Pictorial_Symbolic', 'C5_Sign_Reassignment']]","[""Strategic_Vagueness"", ""Lexical_Reassignment"", [""Name_Based_Emoji_Mapping"", ""Lexical_Reassignment""]]"
tt-7631982004313148694,"creating a monster, with a 😈 inside haha #pineapplelifestyleapp #nonmonogamy Pineapple Lifestyle app 🍍",yes,"['pineapplelifestyleapp', '😈', '🍍']","['nonmonogamy/lifestyle app',  'naughty/sexual undertone', 'adult lifestyle / nonmonogamy community symbol']","['C5_Sign_Reassignment', 'C10_Pictorial_Symbolic', ['C10_Pictorial_Symbolic', 'C5_Sign_Reassignment']]","[""Lexical_Reassignment"", ""Referential_Iconicity"", [""Name_Based_Emoji_Mapping"", ""Lexical_Reassignment""]]"
tt-7631699804955086082,"Hi I’m Katt 👋✨ A little bit of everything and a whole lot of chaos… Mum of 2 👩‍👧‍👦 SEN toddler mum 💛 Divorcee rebuilding 💪 Late 30s & just getting started 🔥 Gym newbie (still guessing most machines 😂) On a weight loss journey 🏋️‍♀️ Pineapple lifestyle advocate 🍍😉 Deputy retail manager 💼 Foodie always thinking about the next meal 🍕 Confidence cheerleader 📣 Running my own online makeup & nutrition store 💄✨ Music taste = country 🤠 + garage 🎶 + 90s/00s boybands 🕺 Also… slightly convinced none of this is real anyway 🤯😂 Sound familiar? Let’s be friends 🫶 Hit like, drop a comment, and follow for real life, no filter chaos 💬👇 #MeetMe #TikTokUK #MumLife #SENMom #DivorceJourney",yes,"['Pineapple lifestyle advocate', '🍍']","['adult lifestyle / nonmonogamy community', 'adult lifestyle / nonmonogamy community symbol']","['C5_Sign_Reassignment', ['C10_Pictorial_Symbolic', 'C5_Sign_Reassignment']]","[""Lexical_Reassignment"", [""Name_Based_Emoji_Mapping"", ""Lexical_Reassignment""]]"
tt-7630321021190606087,"I have multiple personalities with each dance partner, I pick up the vibes 😂  Night out  Pineapple lifestyle lounge Melbourne 🍍 #fyp #nightout #pineapple #bipride",yes,"['Pineapple lifestyle lounge', '🍍']","['adult lifestyle / nonmonogamy community signal', 'adult lifestyle / nonmonogamy community symbol']","['C5_Sign_Reassignment', ['C10_Pictorial_Symbolic', 'C5_Sign_Reassignment']]","[""Lexical_Reassignment"", [""Name_Based_Emoji_Mapping"", ""Lexical_Reassignment""]]"
tt-7630187087412727062,Oh it's a #Pineapple Life!  Always fun and games with the besties 🥰 ,yes,['Pineapple Life'],['adult lifestyle / swinger or nonmonogamy community'],['C5_Sign_Reassignment'],"[""Lexical_Reassignment""]"
tt-7629338506317434114,Redd Midnight Events and Pineapple Lifestyle App Welcomes you to... LOCATION  Single males must email club in advance. #adultlifestyle #pineapplelifestyleapp #ethicalnonmonagomy #swingertok,yes,"['Pineapple Lifestyle App', 'k!nk', 'D*ngeon', 'The Lifestyle', 'adultlifestyle',  'swingertok']","['adult lifestyle/nonmonogamy app', 'kink', 'dungeon', 'swinger/nonmonogamy lifestyle', 'adult lifestyle', 'swinger TikTok']","['C5_Sign_Reassignment', 'C1_Orthographic', 'C1_Orthographic', 'C8_Semantic_Circumlocution', 'C8_Semantic_Circumlocution', 'C6_Morpho_Lexical']","[""Lexical_Reassignment"", ""Visual_Similarity_Substitution"", ""Internal_Masking"", ""Strategic_Vagueness"", ""Euphemism"", ""Blending""]"
tt-7629336081170763030,"The Pineapple Lifestyle App is about to get bigger and better than ever. We’re growing our team, expanding our events, and rolling out exciting new features designed to elevate your experience. More connections. More opportunities. More ways to live the lifestyle you love. Stay tuned… this is just the beginning. 🚀 download URL #spicylife #adultlifestyle #pineapplelifestyleapp",yes,"['Pineapple Lifestyle App', 'spicylife', 'adultlifestyle']","['adult lifestyle/nonmonogamy app', 'sexually adventurous lifestyle', 'adult lifestyle']","['C5_Sign_Reassignment', 'C8_Semantic_Circumlocution', 'C8_Semantic_Circumlocution']","[""Lexical_Reassignment"", ""Euphemism"", ""Euphemism""]"
tt-7628297240783736086,"Join DJ Redd and Mr Midnight along with the Pineapple Team for.... The Pleasure Dome Where music meets mastery... And outrageous becomes contagious! Enjoy a night of eclectic music, k!nk demonstrations and more... Connect with like-minded others, whilst being welcomed to one of the biggest and best clubs in the UK, boasting: Indoor Pool  Hot tubs  Saunas  Outdoor patio  Multiple playrooms  Dancefloor  Bar  Themed rooms  But most of all... Join our dedicated team of professionals who welcome you with  Ice breakers  Party games  Welcome shots  Buffet  Prizes  Dress Code? As daring as you please, but bear in mind... The Pleasure Dome is exactly that.... A safe, fun and non-judgemental place to release your inner self, be who you are and enjoy the freedom of The Lifestyle in an exquisite venue like no other... So, whether it's donning your harness, painting your b@@bies, or parading in your nine inch heels (for Carl 😆), then the Pleasure Dome awaits for you to walk in, like it's a centre stage and own it! Pay on door. Cash only.  Single males must email club in advance. #Pineapple Lifestyle app 🍍  @USER @USER Kingsley",yes,"['Pineapple Team', 'k!nk', 'b@@bies', 'The Lifestyle']","['adult lifestyle/nonmonogamy community', 'kink', 'boobies / breasts', 'swinger/nonmonogamy lifestyle']","['C5_Sign_Reassignment', 'C1_Orthographic', 'C1_Orthographic', 'C8_Semantic_Circumlocution']","[""Lexical_Reassignment"", ""Visual_Similarity_Substitution"", ""Visual_Similarity_Substitution"", ""Strategic_Vagueness""]"
tt-7628135074117979412,"imagine being given this master piece as a ""gift "" To that graphic designer  u owe me a lot 3 yrs back still looking for how to pay u back. The best thing that has ever happened to me  🍍❤️🍍 #pineapple lifestyle 🍍",yes,['pineapple lifestyle'],['adult lifestyle / nonmonogamy community signal'],['C5_Sign_Reassignment'],"[""Lexical_Reassignment""]"
tt-7627057880612506902,for the new 2.0 please delete old app and install new app from the link. android users only.#pineapple #lifestyle ,yes,"['pineapple', 'lifestyle']","['Pineapple Lifestyle app / adult lifestyle community', 'swinger/nonmonogamy lifestyle']","['C5_Sign_Reassignment', 'C8_Semantic_Circumlocution']","[""Lexical_Reassignment"", ""Strategic_Vagueness""]"
tt-7626425715654774038,"Big things are coming 🍍✨ The Pineapple Lifestyle App is about to get bigger and better than ever. We’re growing our team, expanding our events, and rolling out exciting new features designed to elevate your experience. More connections. More opportunities. More ways to live the lifestyle you love. Stay tuned… this is just the beginning. 🚀 #adultlifestyle #pineapples #spicylife  #enm",yes,"['Pineapple Lifestyle App', 'adultlifestyle', 'spicylife', 'enm']","['adult lifestyle/nonmonogamy app', 'adult lifestyle', 'sexually adventurous lifestyle', 'ethical non-monogamy']","['C5_Sign_Reassignment', 'C8_Semantic_Circumlocution', 'C8_Semantic_Circumlocution', 'C3_Formal_Compression']","[""Lexical_Reassignment"", ""Euphemism"", ""Euphemism"", ""Initialism_Acronym""]"
tt-7621835625695677716,"who wants to join the ""beautiful pineapple family 🍍"" ",yes,['pineapple family'],['Pineapple Lifestyle community / adult lifestyle group'],['C5_Sign_Reassignment'],"[""Lexical_Reassignment""]"
tt-7619210524516977940,every gal need a pineapple 🍍 in her life @USER lifestyle,yes,['pineapple'],['adult lifestyle / nonmonogamy community signal'],['C5_Sign_Reassignment'],"[""Lexical_Reassignment""]"
tt-7618606001700211991,"This April 10th ONLY at Club Play - Hosts WickedlyUs and Madhatters have combined to bring you -  🐅🦒Animal Instinct 🐆🦧 Get on the Guestlist by visiting the Clubplay Website, Freeswingers, Pineapple Lifestyle and Fab #wickedlyus #swinging #ifyouknowyouknow #animalinstinct #madhatters",yes,"['Pineapple Lifestyle', 'swinging']","['adult lifestyle/nonmonogamy app', 'swinger lifestyle']","['C5_Sign_Reassignment', 'C5_Sign_Reassignment']","[""Lexical_Reassignment"", ""Lexical_Reassignment""]"
tt-7617327991881747725,Ask me what it's like being a Sapphic leaning femme bisexual in the upside-down pineapple lifestyle🍍😋🤩🍍,yes,"['upside-down pineapple lifestyle', '🍍']","['swinger / nonmonogamy lifestyle signal', 'pineapple swinger/community symbol']","['C5_Sign_Reassignment', ['C10_Pictorial_Symbolic', 'C5_Sign_Reassignment']]","[""Lexical_Reassignment"", [""Name_Based_Emoji_Mapping"", ""Lexical_Reassignment""]]"
tt-7616412222176120086,@USER Lifestyle App  TOMORROW NIGHT..... PICK AND SIDE HEAVEN OR HELL....,yes,['Lifestyle App'],['adult lifestyle app'],['C8_Semantic_Circumlocution'],"[""Strategic_Vagueness""]"
tt-7612748978798562591,Wanting to know if anyone would be interested if I did lives about swinger/pineapple lifestyle discussions #pineapples #swingers #fyp #blowthisup,yes,"['pineapple lifestyle', 'pineapples']","['adult lifestyle/nonmonogamy community', 'swinger/nonmonogamy symbol']","['C5_Sign_Reassignment', 'C5_Sign_Reassignment']","[""Lexical_Reassignment"", ""Lexical_Reassignment""]"
tt-7611545339924958486,"not my normal kind of post. education is key and judging people by what they wear should not be a thing, the upside down pineapple life is one of freedom and self peace. open up conversations and talk....#fyp #alternative #swinglifestyle🍍 #hotwife #dontjudge @USER Lifestyle App",yes,"['upside down pineapple life', 'hotwife']","['swinger/nonmonogamy lifestyle',  'hotwife adult lifestyle term']","['C5_Sign_Reassignment', 'C8_Semantic_Circumlocution']","[""Lexical_Reassignment"", ""Euphemism""]"
tt-7610399980142038280,One Of My Wishlist are Done✅ Interior and build by @USER @USER Hardiman @USER  Natalie Bar Chair by @USER  Dinning Table by @USER Lifestyle Furniture,no,[],[],[],[]
tt-7607433912628940054,An absolute banger of a weekend friday night with the Pineapple Lifestyle App with a massive amount of support and a great turn out was the best night with the best people. Saturday night round 2 celebrations for the Queen of jaydees... lets do it all again next month with our theme night being HEAVEN AND HELL 13TH MARCH @USER bedford.,yes,['Pineapple Lifestyle App'],['adult lifestyle/nonmonogamy app or event community'],['C5_Sign_Reassignment'],"[""Lexical_Reassignment""]"
tt-7604178314013560086,Poor Stuart. Who in their right mind would let me host their birthday party in an alternative venue?  What cunning plans will we come up with....😅 @USER #PineappleLifestyleapp 🍍,yes,"['alternative venue', 'Pineapple Lifestyle App']","['adult/alternative lifestyle venue or community', 'adult/alternative lifestyle venue or community']","['C8_Semantic_Circumlocution', 'C5_Sign_Reassignment']","[""Euphemism"", ""Lexical_Reassignment""]"
tt-7604104026988317974,"Let's chat about the upside down pineapple lifestyle, what it's all about, what's happening, and what you'd like to spice it up! 🍍🔄🌶️ #UpsideDownPineapple swingtok #SpicyLife @USER @USER @USER

Hi, welcome to our channel. I'm Angel. And I'm demon. Or I'm Angel and she's demon. Hmm. Yeah, we're here to talk about the upside down pineapple lifestyle. What's that? No, have I. Have I not been involved in that? Clearly not. Okay. Anyway, well, we're gonna talk about something that she's been doing and I don't know anything about them. Um, no. Awkward. Yeah, very much so. Yeah, we're gonna be talking about that sort of lifestyle. Um, I'll see for those who don't know what it is. Um, Google upside down pineapple and see what you come up with. Basically. Um, yeah. Uh, we're gonna be talking about different aspects of it. Um, do's and don'ts. Expectations. No expectations. No expectations. And how glamorized it is or isn't. Yeah. TV shows. Yeah. Internet. But yeah. Anyway, yeah, we're gonna talk about all the different things. Um, she's gonna be doing more talking to me cause clearly, hopefully. Yeah, well, clearly I'm better looking. Um. Yeah. Anyway, we will see how it goes. But yeah, stay tuned and we'll see how things go. Oh, yeah, like, follow, share, whatever you wanna do. We don't care if you don't. Ask questions. Definitely ask questions. Hundred percent ask questions. Any questions you've got, ask away. I'll answer and we will answer within certain reasons. If you start getting. If you start getting a bit naughty. Ancy. Ancy? Ancy? What the fuck was ancy, anyway? Ask questions. Yeah, well, that's what we're Here for",yes,"['upside down pineapple lifestyle', 'SpicyLife', '🍍🔄', '🌶️' ]","['swinger/nonmonogamy lifestyle', 'sexually adventurous lifestyle', 'upside down pineapple', 'hot']","['C5_Sign_Reassignment', 'C8_Semantic_Circumlocution',  ['C10_Pictorial_Symbolic', 'C10_Pictorial_Symbolic','C5_Sign_Reassignment'] , 'C10_Pictorial_Symbolic']","[""Lexical_Reassignment"", ""Euphemism"", [""Name Based Pictographic Mapping"", ""Procedural_Pictographic_Encoding"", ""Lexical_Reassignment""], ""Referential_Iconicity""]"
tt-7602004657770204438,This Weeks Events @USER       TUESDAY  Tenner Tuesday Come and relax and unwind for just a tenner Single ladies and those who identify as ladies: FREE ALL COUPLES (Member and non-member: £10) Male members: £10 / Non-members: £20  #Lifestyle #thelifestylelounge #swingers #safespcae @USER @USER Lifestyle app 🍍,yes,['LifestyleLounge'],['adult lifestyle venue'],['C8_Semantic_Circumlocution'],"[""Strategic_Vagueness""]"
tt-7599748002592443678,"Our first show of 2026 was a banger! We had over 120 amazing people show up and hang out with us for a night of music, good vibes, and sexy fun! Don't miss our next Pineapple Lifestyle Meet and Greet Event on February 21st at West End Trading Co in Sanford. We are giving away a 2 Night Stay at @USER! #swingers #secretshideaway #floridaswingers #livemusic #meetandgreet Come celebrate my birthday and make some new friends!  #",yes,['Pineapple Lifestyle'],['adult lifestyle/nonmonogamy app/community'],['C5_Sign_Reassignment'],"[""Lexical_Reassignment""]"
tt-7596803017530166550,"If you're not dropping this track on your dancefloor, you're missing a trick.  Recognise the vocals? Ultra Nate is back with her distinctive voice, making her a household name in the house scene in the 90s, remember ""You're freee""  What most people don't realise is a vocal is a one-off unique instrument. There is only ever one out of 7 billion people.  Ultra Nate's distinct range on this track males it easy to blend from You're Free, so DJs can easy switch from 90s to present day, using a harmonic vocal blend. Even if fhe BPMs don't match.  The listener resonates with the harmony of the vocal as the lead instrument and as the tracks blend, the harmony carries the tune over.  I'm so sick of classic artists like Ultra Nate not being given air time and radio stations constantly playing the same old stuff.  I can't wait to start at Manchester Radio Diamond over the coming months and be able to play some seriously decent music for my listeners.  Reason for the #Pineapple background? As a proud Pineapple Lifestyle App #DJ, I get to go to some pretty impressive places to play. This video was last week when I had the privilege of playing at Jaydees Club in Bedfordshire 🙌  And as someone who is passionate about safe spaces, online and offline, I will always be a proud advocate and proud to work in close alignment with those who share the same values as us; creating safe spaces online for those who wish to connect and meet like-minded (and verified) others in the Alternative Lifestyle Communities ⭐️@USER Lifestyle app 🍍 @USER",yes,"['Pineapple Lifestyle App', 'Alternative Lifestyle Communities', '🍍']","['adult lifestyle/nonmonogamy app', 'adult/alternative lifestyle communities', 'pineapple swinger/community symbol']","['C5_Sign_Reassignment', 'C8_Semantic_Circumlocution',  ['C10_Pictorial_Symbolic', 'C5_Sign_Reassignment']]","[""Lexical_Reassignment"", ""Euphemism"", [""Name_Based_Emoji_Mapping"", ""Lexical_Reassignment""]]"
tt-7636561618356178207,LOOK AT MY STUFFFF I love crystals :3 Gotta tag the girlfriend cause she's prettier than all of these   #crystaltok #witchtok #kittycat #mygfisbetterthanyours #iloverosequartz,no,[],[],[],[]
tt-7636561345923648788,you know it limer # psychic #; # toryou #fyp #viral #zgjedhje2025 #koalicion #politike #newsbom #merjaheros #merjabioprodukte #klinikamerja #y #produktebimore #produktenatyrale #magedonia #kosova #candida #FamilyBiking #BikeDC #MuseumDay #FamilyAdventures #ExploreDC #DCMuseums #FamilyFun #VisitWashingtonDC #DWithKids #CyclingFamily #Soulmate #Love #psychic #lovepsychic #Twinflame #regret #oraclecards #spirit #eternity #Love #leo #aries #4U #viral #tarotreading #fyp #tiktokpsychio #Viral #Oraclecards #soulmate #Empath #universe #soulmate #Nov212024 #manipulation #interference #soulmate #twinflame #fypp #universe #foryoupage #viral_video #eXbacKcoaching #exackritual #tp #fy #witchtok #Winnimback #lovespaswoll #reconciliazione #obsessed #fyp #manifestvourex #brokenheart #wvcca #preferiti #preferitu #crime #oveme #cardib #cardi #lovespell #heartbroken #onlygih #energy #energyn #witchtok #fy #witchcraft #typ #begginerwitch #thex #imobsessed #reconciliation #greenscreen #lovespell #foryou #typ #practitioner #spiritual #spiritualtok #manifest #seduction #obsessionspell #youaremydestiny #youvaremyhigh #indyloveme #lovespesthatwork #heart #manifestation #witch #witchcraft #lovespellsthatwork #spellsandhexes #spells #hingalanggirl #dominitionspell #spellresults #witchforhire #manifestlove #witchesoftiktok #spiritualtiktok #spirituality #spells #riotaddams #witchtok #witch #trending #manifest #manifestation #fvp #witchvibes #witchcraftng #witchesoftiktok #vitchy #witch #viral #beginnerwitchtips #witchtip #practitioner #witchesottiktok #lawofattraction #tarot #tarotreading #overeading #spirituality #manifestationtips #singing #tuananhleo #fypage #goviral #trend,no,[],[],[],[]
tt-7636560634607455501,"#medium #tiktoktarot #witchtok #tarot #fyo

Every time that someone has rained on your parade, your divine team is gonna send you a blessing. So the blessings are going to slowly trickle in for you effortlessly. You've learnt how to transmute and alchemise negative energy now. So taking on that positive mindset is really going to justify things for you. You looking within and dealing with your toxicity and choosing to love yourself and choose yourself over other people is allowing, um, space for these good things to happen for you. It could be 52, 53, 25, 35. It's justice, balanced harmony for you.",no,[],[],[],[]
tt-7636560588419632406,love this one so much #spirituality#lovespell #witchcraft#manifestation1#witchtok,no,[],[],[],[]
tt-7636560275633687821,every single time #exbackspell #manifestation #spirituality #witchtok #witchcraft,no,[],[],[],[]
tt-7636560258709736711,"In a quiet little kitchen where the kettle hums and the candles gossip, the Chubby Witch stirs something stronger than spells… self-love. ☕✨ This is your reminder that your magic isn’t something you earn… it’s something you are. Sip slowly. Stir gently. Speak kindly to yourself today. Because you are enough exactly as you are 🖤🌙 #ChubbyWitch #WitchTok #SelfLoveSpell #CozyMagic #WitchyVibes",no,[],[],[],[]
tt-7636560069160684814,"🔮✨️The Violet Flame Talisman✨️🔮 Purple flash on one side and rainbow on the other. These may be weared at the desired side. Labradorite is a mystical stone that brings protection, creativity, and awareness, plus many more abilities. #creatorsearchinsights #witchtok #mothernature #healingcrystals #magicalrelics",no,[],[],[],[]
tt-7636559897479417119,"🖤A Witch who wants to attract money knows…💎❤️‍🔥💚🔮🧙🏼‍♀️🗝️💋MY CLASSES & RITUALS➡️LINKS IN MY BIO💎#witchcraft #moneytalk #witchtok #witchesoftiktok #witchywisdoms

Here are three tips to attract more money and prosperity into your life from a witch's perspective. And if you wanna up your witchy game all the way around, click the links up at the top of my page to learn more from me! Number one always work your money magic during a waxing or full moon to help it flow better towards you. No.2 wear or carry the stone aventurine to magnetize money your way. And No. 3 stop talking scarcity and trash about your money over your life. Words are things, and this is a no no. It'll only make matters worse. Blessed be",no,[],[],[],[]
tt-7636559399930072334,"What brings your fire to the table, what is the magic in your cap, what makes life strong, what makes you, you #witchtok #astrologytiktok #CapCut #taurussun #sagittariusmoon",no,[],[],[],[]
tt-7636559363422915853,"Strength is not given it is claimed in the dark. My sight is sovereign. I see what is hidden, and I do not look away. Guided by the Mothers, I stand unshaken, unruled, my own. #darkfeminine #darkwitch  #witchesoftiktok #witchtok #bruja",no,[],[],[],[]
tt-7636559245017746702,"#medium #tiktoktarot #witchtok #tarot #fyp

well well well well the haters are a little quiet now aren't they it's like crickets they got nothing left to say alright so you're being seen as the ace of Pentacles you're being seen as very valuable you uh are being seen as the sun so people have gotten their enlightenment about you that you are valuable and they can't fuck with you you're unfuckwitable okay um you could be in a really healthy happy relationship or they're seeing you as a very good person to have a relationship with so seeing the potential so they have nothing to hate on because you are a rare fucking sunshine and these people are excited about you",no,[],[],[],[]
tt-7636558661195926792,Message me on Instagram: hollowmoontarot for a tarot reading 🔮✨ #witchesoftiktok #tarot #witchtok #fyp #hollowmoontarot,no,[],[],[],[]
tt-7636558427963067662,ENCHANTING YOUR PLANTS🪴🌱 I’m sure this idea already exists but i figured I’d share my lil epiphany☺️ hopefully this gave some of you ideas if you’re getting into gardening🤎 and i will absolutely be sharing tutorials once i get around to doing it😮‍💨🌿 #plants #witchtok #gothicgarden #spellwork,no,[],[],[],[]
tt-7636558419293523231,Restock on Tarot and Oracle Decks!!!  We heard your requests and we now carry more of a selection and if course your favorites!  #witchtok #smallbusinessbigdreams #crystalshop #rockhounding #tarotcards,no,[],[],[],[]
tt-7636558408937786637,This spell has been proven to be effective.#witch #witchtok #knot #protertion #spell,no,[],[],[],[]
tt-7636557942321466655,"Soft, luminous, and quietly powerful 🤍✨ This druzy white agate carries a calm that settles into your spirit the moment you hold it. Like a breath you didn’t realize you needed… like light filtering through stillness… If you’ve been craving clarity, peace, or a gentle reset—this one speaks softly, but deeply. #whiteagate #druzycrystal #crystalenergy #spiritualtools #witchtok",no,[],[],[],[]
tt-7636557634774043917,"It’s unfortunate but a reality for many… // #fyp #witchcraft #returntosender #witchtok #enemy

One time I did a return to sender, and it hit my own mom. Hey, next morning I was going out as I film that, but I did a return to sender, and it hit my own mother.",no,[],[],[],[]
tt-7636559698468064542,Spend the day with me and @USER A Girl on set for a new project we are working on 💋 #setlife #spicycreator  #fyp #dayinthelife,yes,['spicycreator'],['adult / suggestive content creator'],['C8_Semantic_Circumlocution'],"[""Euphemism""]"
tt-7636526411985046814,This could be you!😆 🤑 soooo PM us let’s talk numbers😈💰#spicy #spicypage🌶🌶🌶 #spicycreator #contentcreator #thirsttrap,yes,"['spicy', 'spicypage', 'spicycreator', 'thirsttrap', '🌶']","['adult/suggestive content', 'adult page', 'adult creator', 'sexualized attention post', 'hot']","['C8_Semantic_Circumlocution', 'C8_Semantic_Circumlocution', 'C8_Semantic_Circumlocution', 'C5_Sign_Reassignment', 'C10_Pictorial_Symbolic']","[""Euphemism"", ""Euphemism"", ""Euphemism"", ""Lexical_Reassignment"", ""Referential_Iconicity""]"
tt-7636514296167550238,My reviews prove it 😮‍💨 #fyp #spicycreator,yes,['spicycreator'],['adult / suggestive content creator'],['C8_Semantic_Circumlocution'],"[""Euphemism""]"
tt-7636503179714137357,I'm that one! #youwontregretit #bluesky #gothchick #spicycreator #fypシ゚viral,yes,['spicycreator'],['adult / suggestive content creator'],['C8_Semantic_Circumlocution'],"[""Euphemism""]"
tt-7636481651245059341,Sometimes Things Are Just This Simple #funny #comedy #fyp #contentcreator #spicycreator @USER,yes,['spicycreator'],['adult / suggestive content creator'],['C8_Semantic_Circumlocution'],"[""Euphemism""]"
tt-7636430995075419422,Who wants to pay to get my nails done👀 #spicycreator #spicytok #fy,yes,"['spicycreator', 'spicytok']","['adult/suggestive creator', 'adult/suggestive TikTok']","['C8_Semantic_Circumlocution', ['C8_Semantic_Circumlocution', 'C6_Morpho_Lexical']]","[""Euphemism"", [""Euphemism"", ""Blending""]]"
tt-7636372477274377492,youre laways right #drama_qu33n00 #fyp #onlinecreator #spicycreator #stufuza🔥🔥🔥♥️♥️🥰🥰🥰,yes,['spicycreator'],['adult / suggestive content creator'],['C8_Semantic_Circumlocution'],"[""Euphemism""]"
tt-7636354347168697620,Thank you @USER  for my @USER toy great service #drama_qu33n00 #fyp #spicycreator #contentcreator #onlinecreator,yes,[ 'spicycreator'],['adult/suggestive creator'],[ 'C8_Semantic_Circumlocution'],"[ ""Euphemism""]"
tt-7636333573473176862,I'm back now! #of #spicycreator #fyp #content #arizona,yes,"['of', 'spicycreator']","['OnlyFans', 'adult/suggestive creator']","['C3_Formal_Compression', 'C8_Semantic_Circumlocution']","[""Initialism_Acronym"", ""Euphemism""]"
tt-7636254174337944853,that’s my username  #fansly #spicycreator #contentcreator,yes,['spicycreator'],['adult/suggestive creator'],['C8_Semantic_Circumlocution'],"[""Euphemism""]"
tt-7636193657682513183,check my bio! #of #spicycreator #content #fyp #phoenix,yes,"['of', 'spicycreator']","['OnlyFans', 'adult/suggestive creator']","['C3_Formal_Compression', 'C8_Semantic_Circumlocution']","[""Initialism_Acronym"", ""Euphemism""]"
tt-7636108773702012190,Cam 2 in bioooo for daily lives u don’t wanna miss. Check it out #dejarenee #spicycreator,yes,"['Cam 2 in bio', 'spicycreator']","['adult cam/link-in-bio content', 'adult/suggestive creator']","['C8_Semantic_Circumlocution', 'C8_Semantic_Circumlocution']","[""Strategic_Vagueness"", ""Euphemism""]"
tt-7636027972494855446,"I really do wonder sometimes *excuse the lipstick, I didn’t apply it well at all #funny #humour #questionsforguys #spicycreator

What's it like having a knob? It's great. Yeah? Yeah, but it gives you something to look at when you're bored, didn't it",yes,"['knob', 'spicycreator']","['penis', 'adult/suggestive creator']","['C5_Sign_Reassignment', 'C8_Semantic_Circumlocution']","[""Lexical_Reassignment"", ""Euphemism""]"
tt-7635708508427603213,i wanna eat you😋 #fypシ #spicycreator #of #iwannaeatyou,yes,"['spicycreator', 'of', 'i wanna eat you']","['adult/suggestive creator', 'OnlyFans', 'sexual innuendo']","['C8_Semantic_Circumlocution', 'C3_Formal_Compression', 'C8_Semantic_Circumlocution']","[""Euphemism"", ""Initialism_Acronym"", ""Periphrasis""]"
tt-7635707752551042317,boommm #fypシ #spicycreator #soldmysoul,yes,['spicycreator'],['adult / suggestive content creator'],['C8_Semantic_Circumlocution'],"[""Euphemism""]"
tt-7635642611272912150,Please stay there #voteforme #gay #couple #spicycreator,yes,['spicycreator'],['adult / suggestive content creator'],['C8_Semantic_Circumlocution'],"[""Euphemism""]"
tt-7635354633413741838,"Got a new outfit!!! Had to go on theme with STARS, of course!!! ☆♡☆♡☆♡☆♡☆ #blitzo #stars #outfit #fansly #spicycreator",yes,['spicycreator'],['adult/suggestive creator'],['C8_Semantic_Circumlocution'],"[""Euphemism""]"
tt-7635210680865393941,"​My identity isn't a surprise, it’s the headline! 💅 PSA: Read the bio before you hit book, or that deposit is staying with me as an ""inconvenience fee."" ☕️✨ #SpicyCreator #TransWorker #Storytime #BookingPolicies #KnowYourCreator",yes,"['SpicyCreator', 'TransWorker', 'booking']","['adult/suggestive creator', 'trans adult worker', 'client booking context']","['C8_Semantic_Circumlocution', 'C8_Semantic_Circumlocution', 'C8_Semantic_Circumlocution']","[""Euphemism"", ""Euphemism"", ""Strategic_Vagueness""]"
tt-7635029013664156950,POV: I just uploaded a video I probably shouldn’t have posted 👀😇 The naughty page got VERY spoiled tonight 💋 #fyp #curvytiktok #spicycreator #ukcreator #linkinbio,yes,"['naughty page', 'spicycreator']","['adult content page', 'adult/suggestive creator']","['C8_Semantic_Circumlocution', 'C8_Semantic_Circumlocution']","[""Euphemism"", ""Euphemism""]"
tt-7634648269984926990,"Hey Don't Blame Me The Kitty Is To Good.  #fyp #funny #contentcreator #spicycreator #comedyvideo  @USER

I can't keep doing this forever. It's been 20 seconds. Call it.",yes,"['Kitty', 'spicycreator']","['sexual innuendo for vagina', 'adult/suggestive creator']","['C8_Semantic_Circumlocution', 'C8_Semantic_Circumlocution']","[""Euphemism"", ""Euphemism""]"
tt-7634609181022047518,The real truth ! #fyp #spicycreator #dating #realrelationships,yes,['spicycreator'],['adult / suggestive content creator'],['C8_Semantic_Circumlocution'],"[""Euphemism""]"
tt-7634576615393053965,"#fypシ #justagirl #checkbio #onlyfriends #spicycreator

I have an appointment with my psychiatrist today and I think it's really funny cause every time I go in I'm like yeah I'm still posting my 🍒 online yeah I'm still a little depressed but I feel better when I post my 🍒 online",yes,"['onlyfriends', 'spicycreator', '🍒 ']","['OnlyFans-style adult page', 'adult/suggestive creator', 'breasts]","['C2_Phonetic', 'C8_Semantic_Circumlocution', 'C10_Pictorial_Symbolic']","[""Near_Homophone_Drift"", ""Euphemism"", ""Referential_Iconicity""]"
tt-7054351564164697345,cya 🥴👀 #cornstar #accountantsoftiktok #accountant #australia #viral #🌽star,yes,"['cornstar', '🌽star', 'accountant']","['porn star', 'porn star', 'sex worker/adult creator']","['C2_Phonetic', ['C10_Pictorial_Symbolic', 'C2_Phonetic'], 'C5_Sign_Reassignment']","[""Near_Homophone_Drift"", [""Name_Based_Emoji_Mapping"", ""Near_Homophone_Drift""], ""Lexical_Reassignment""]"
tt-6986421049684462853,Pause to read! #fyp #foryou #accountantsoftiktok,yes,['accountantsoftiktok'],['sex worker/adult creator TikTok'],['C5_Sign_Reassignment'],"[""Lexical_Reassignment""]"
tt-6935215537383312645,When someone asks what I do for work 👀 #accountantsoftiktok #accountant,yes,"['accountantsoftiktok', 'accountant']","['sex worker/adult creator', 'sex worker/adult creator']","['C5_Sign_Reassignment', 'C5_Sign_Reassignment']","[""Lexical_Reassignment"", ""Lexical_Reassignment""]"
tt-6951437577928854790,Meet your new favorite waifu 💖#accountantsoftiktok #fypシ #viral,yes,['accountantsoftiktok'],['adult creator/sex worker TikTok'],['C5_Sign_Reassignment'],"[""Lexical_Reassignment""]"
tt-6877947744955174150,look at all my ✨accountant✨ supplies #witch #witchtok #practitioner #occult #fyp,yes,"['accountant', 'witch']","['sex worker/adult creator', 'bitch']","['C5_Sign_Reassignment', 'C2_Phonetic']","[""Lexical_Reassignment"", ""Near_Homophone_Drift""]"
tt-6993685224374717702,Question I get asked cos I’m an ✨ accountant ✨ #fyp #foryoupage,yes,['accountant'],['sex worker/adult creator'],['C5_Sign_Reassignment'],"[""Lexical_Reassignment""]"
tt-6994959568702885126,"and yes, I have one and yes, they’re real",no,[],[],[],[]
tt-7020866259499699502,this kills me #fyp #foryourpage,no,[],[],[],[]
tt-7562208003932310839,This happens way too often… #relatable #embarrassing #mistake #accident #funny,no,[],[],[],[]
tt-7629753306746719502,you have a 🌶 page. pls #rowwily,yes,['🌶'],['hot/porn'],"[['C10_Pictorial_Symbolic', 'C9_Metaphor_Metonymy']]","[[""Referential_Iconicity"", ""Metaphorical_Mapping""]]"
tt-7393182168027122986,I let them know they need to seek help,no,[],[],[],[]
tt-7616474582337211661,Ruining the vibes,no,[],[],[],[]
tt-7589315553773276446,"You know the plan. Uh, dudes. What? He jumped! He jumped? Yeah.",no,[],[],[],[]
tt-7583345847430139191,You don’t just it on “accident”! You went looking for it 💁‍♀️,no,[],[],[],[]
tt-7634930267945274638,"She’s actually the nicest spicy latina🤭🥰🌶️✨ @USER Illustrates #foryoupage #creatorsearchinsights #besties

This place is great. You know, it's whimsical and fun. What are you looking at, motherfucker.",yes,['spicy'],['adult/suggestive content'],['C8_Semantic_Circumlocution'],"[""Euphemism""]"
tt-7226542026303573290," 🌽🌶️

You're a whore! Wear your whore makeup, you whore! Is somebody in there? Ocupado",yes,"['🌶️','🌽']","['hot','porn / corn reference']","[['C10_Pictorial_Symbolic', 'C9_Metaphor_Metonymy'], ['C10_Pictorial_Symbolic', 'C2_Phonetic']]","[[""Referential_Iconicity"", ""Metaphorical_Mapping""], [""Name_Based_Emoji_Mapping"", ""Near_Homophone_Drift""]]"
tt-7531948928183373087,"I just found his secret hideout. How did she find my hideout? Uh, how did you find his hideout? This is the only building in Metro City with a fake observatory on the roof. Okay.",no,[],[],[],[]
tt-7527938888179010838,We're told we have to do what we're told. But surely,no,[],[],[],[]
tt-7632879549725871391,Gonna take this time to myself 👀🌶️,yes,['🌶️'],['spicy / suggestive content signal'],"[['C10_Pictorial_Symbolic', 'C9_Metaphor_Metonymy']]","[[""Referential_Iconicity"", ""Metaphorical_Mapping""]]"
tt-7603225301467909407,sending my guys friends a 🌶️ pic,yes,['🌶️'],['spicy / suggestive content signal'],"[['C10_Pictorial_Symbolic', 'C9_Metaphor_Metonymy']]","[[""Referential_Iconicity"", ""Metaphorical_Mapping""]]"
tt-7306929461037911338,i dont think i will learn from my mistakes #fyp #trend #spicy,yes,['spicy'],['adult/suggestive content'],['C8_Semantic_Circumlocution'],"[""Euphemism""]"
tt-7604641674714778911,I mean a girl gotta eat right 🤭💋🌶️🔥 #fypシ゚viral  #fyp #spendingmoney #makemoney #spicycreator,yes,"['spicycreator', '🌶️']","['adult/suggestive content creator', 'spicy / suggestive content signal']","['C8_Semantic_Circumlocution', ['C10_Pictorial_Symbolic', 'C9_Metaphor_Metonymy']]","[""Euphemism"", [""Referential_Iconicity"", ""Metaphorical_Mapping""]]"
tt-7124700958466002181,Who else has turned to the audio side? 🌶🎧 #educationalpurposes,yes,['🌶🎧'],['spicy audio / adult audio content'],"[['C10_Pictorial_Symbolic', 'C9_Metaphor_Metonymy']]","[[""Referential_Iconicity"", ""Metaphorical_Mapping""]]"
tt-7260891985253305643,And the insta is 🌶️🌶️ #nonbinary #seccretacount#🌽⭐️enby,yes,"['🌶️', '🌽⭐️']","['spicy/adult content', 'porn star']","[['C10_Pictorial_Symbolic', 'C9_Metaphor_Metonymy'], ['C10_Pictorial_Symbolic', 'C2_Phonetic']]","[[""Referential_Iconicity"", ""Metaphorical_Mapping""], [""Name_Based_Emoji_Mapping"", ""Near_Homophone_Drift""]]"
tt-7112232651607625002,How is @USER not banned at this point!! #fyp #fypシ #samposter,no,[],[],[],[]
tt-7028679943798263045,my favourite 🌽⭐️ #thehub #foryou,yes,"['🌽⭐️', 'thehub']","['porn star', 'Pornhub / adult site reference']","[['C10_Pictorial_Symbolic', 'C2_Phonetic'],'C8_Semantic_Circumlocution']","[[""Name_Based_Emoji_Mapping"", ""Near_Homophone_Drift""], ""Strategic_Vagueness""]"
tt-7630183817122204958,"Plz tell me some of yall get me

I have never been on a corn site before because I just had no interest in it. Okay. I've seen some scenes on Twitter and I started crying because I was jealous. Like, why am I not living that life? Why is nobody doing this to me? Then what are you watching to get off? What are you watching, baby? The imagination up here is disgusting. So much Wang Bank material. You have no idea. Full calculator app up here, baby. It stays up here like a secret. You do something hot. Uh huh. I'm gonna remember that. I can't watch somebody else do it. I'm just gonna get jealous and upset. Has to be up here. Close my eyes and feel.",yes,"['corn site', 'Wang Bank', 'calculator app']","['porn site', 'masturbation fantasy bank', 'hidden stash/app for private content']","['C2_Phonetic', 'C2_Phonetic', 'C8_Semantic_Circumlocution']","[""Near_Homophone_Drift"", ""Near_Homophone_Drift"", ""Strategic_Vagueness""]"
tt-7635830394943769869,Drop your 🌶️ stickers in the comments #mlm #viral #fyp #corn #visual,yes,"['🌶️', 'corn', 'mlm']","['spicy/adult content', 'porn', 'men loving men/gay']","[['C10_Pictorial_Symbolic', 'C9_Metaphor_Metonymy'], 'C2_Phonetic', 'C3_Formal_Compression']","[[""Referential_Iconicity"", ""Metaphorical_Mapping""], ""Near_Homophone_Drift"", ""Initialism_Acronym""]"
tt-7576850279543442719,F up my life in every possible way might as well  #trending #girls #bikini #18 #foryou,yes,['F'],['Fuck'],['C3_Formal_Compression'],"[""Initialism_Acronym""]"
tt-7597550435666382094,"This is just disgusting

TikTok is now allowing cartoons to show full blown corn. Yeah, if you haven't seen or heard what I'm talking about, it's basically people using AI to make X rated versions of cartoon shows. So like Fairly Odd Parents, Scooby Doo, Fosters home. All of them are basically just X rated videos, and they're all on TikTok. So if it's like a Cartoon Network or a Nickelodeon show, it's on TikTok. And if you don't believe me, just look up these three accounts. I'm not kidding. Yeah, when did TikTok turn into Rule 34? Seriously?",yes,"['corn', 'X rated', 'Rule 34']","['porn', 'adult/explicit content', 'pornographic version of any subject']","['C2_Phonetic', 'C8_Semantic_Circumlocution', 'C5_Sign_Reassignment']","[""Near_Homophone_Drift"", ""Euphemism"", ""Conventional_Numeric_Symbol_Reassignment""]"
tt-7632226467312635150,Anyone else? #304,yes,['304'],['hoe / sex worker'],['C1_Orthographic'],"[""Inversion_Based_Glyph_Encoding""]"
tt-7480199936370380078,I’m living proof 😜 #livingmybestlife #304 #wife #hotwife #lifestyle #videocreator,yes,"['304', 'hotwife', 'lifestyle']","['hoe / sex worker', 'adult lifestyle term', 'swinger/adult lifestyle']","['C1_Orthographic', 'C5_Sign_Reassignment', 'C5_Sign_Reassignment']","[""Inversion_Based_Glyph_Encoding"", ""Lexical_Reassignment"", ""Lexical_Reassignment""]"
tt-7536399549947055390,"😂😂😂 #304tok #304 #fypシ

So i'mma give y'all a list of the type of clients that I don't like as a 304 one. The ones that are like, I can't send a deposit, I've been scammed before. Cash only. Sorry, that's not my problem. 2. The do you do GFE BBBJ? Fuck no I don't. 3. The fantasy bookers. Like, y'all literally make me wanna come through that screen and wring your fucking neck, like, stop playing with me. 4. The ones who are like, hi, I'm Caucasian, athletic, fit, um, work in finance. Like, is that supposed to get you a discount, boo? Cause it's not. 5. The ones that are like, you actually might find me attractive. Um, do I still have to pay the same price? Like, duh. The book. Like, I can make this list go on and on and on. Like, there's so many bad clients out there, like.",yes,"['304', 'GFE', 'BBBJ']","['sex worker/hoe', 'girlfriend experience', 'bareback blowjob']","['C1_Orthographic', 'C3_Formal_Compression', 'C3_Formal_Compression']","[""Inversion_Based_Glyph_Encoding"", ""Initialism_Acronym"", ""Initialism_Acronym""]"
tt-7605783313990700301,"W Valentine?🥹 #viral #fyp #trending #trolling #valentinesday

Will you be my valentine? I will. Shut the fuck up. Nice to meet you. Well, actually, I have stole these to give you them. I stole them from superior to give you that. Yeah. Have you like a little. Happy early valentines. Yeah. That's so sweet. Give me a hug. Oh, yeah. I get a hug. Yeah. Hey, I was gonna ask you for something. I was firing it up on rainbear real quick. What's that? It's my passion, you know? Okay, like, i'm crossing this chicken. I just need you to press cross two times for me. Two. Two. Cross that. Cross that one. One more. Two. Cash out. Cash out. Right there. That's in a. We good? There you go. Fifty four bucks. Hey, boo. I love you. I love you, girl. You know. What's your name? Chloe. Chloe. Yes. Has no. Danny. Nice to meet you, danny. Nice to meet you. Has anybody asked to be your valentine? No, not yet. Will you be my valentine? I will. Shut the fuck up. I'll be here on valentine's. Same time, same spot. Is that cool? 1 37. You need to get my instagram and my number. Alright, bet. Enjoy the flowers. You're my valentine. Alright. Keep it forever. Keep it forever. Yes. I love you, girl.",no,[],[],[],[]
tt-7558626120577387789,dinner at my place :) #fyp #fypシ゚viral #viral #304 #southcentral,yes,['304'],['hoe / sex worker'],['C1_Orthographic'],"[""Inversion_Based_Glyph_Encoding""]"
tt-7584181362844798238,"This is a huge mistake many new 304s make #304advice #304tips #304gang #304tok👠 #fsworker

Let me give you a screening tip. Guys, this is so very important. You're gonna Wanna know this. If you're one of those three O fours that are still doing Facetime to verify, you're playing an incredibly, incredibly dangerous game. Let me tell you why. Because, look, one of the reasons we screen is to be sure that they're not a cop. And the other reason is to be sure they're not a psycho. And let me tell you this. A cop can literally get on Facetime with you and then, Bam! You're caught up. Look, I'm not judging you. I'm your 3:04 internet bestie, trying to help you out. I'm trying to help you get that bag safely and without incriminating yourself.",yes,"['304', 'fsworker', '👠', ' 3:04', 'three O fours']","['sex worker/hoe', 'full-service sex worker', 'sex worker/hoe', 'hoe', 'hoe']","['C1_Orthographic', 'C3_Formal_Compression', ['C10_Pictorial_Symbolic', 'C9_Metaphor_Metonymy'], ['C1_Orthographic','C1_Orthographic'], ['C2_Phonetic', 'C1_Orthographic']]","[""Inversion_Based_Glyph_Encoding"", ""Initialism_Acronym"", [""Referential_Iconicity"", ""Metonymic_Encoding""], [""Segmentation_Noise_Insertion"", ""Inversion_Based_Glyph_Encoding""], [""Alphanumeric_Rebus"", ""Inversion_Based_Glyph_Encoding""]]"
tt-7458138867456085290,"Get ready with me your favorite 304 ~ while I tell you about a dangerous situation I once found myself in #grwm #getreadywithme #storytime #304 #304tok #304tiktok

get ready with me your favourite 3:04 while I am now an FS worker I have been in the SW the schmex work industry for my entire adult life while the money is great there are a lot of safety risks that we as females especially come across on a daily basis I'm gonna discuss one instance um that had happened to me a couple years ago as I was dancing simply dancing $tripping for a a bachelor party backstory real quick I own a private entertainment company like I provide $trippers for bachelor parties birthday parties golfing events literally any of that stuff I own a company and I started this company in 2014 this was the summer of 2016 and I was so busy like that summer I mean I was turning down work I was so busy I had five girls working for me and we literally cover all of the entire northeast so and Fridays and Saturdays especially during the summer can get crazy and this summer was just that and it's not it's not unlikely for us to have multiple parties on a Friday or Saturday night during the summer so this was a Saturday night this was the third party of the night and at this time it was like literally 3:30 4 o'clock in the morning by the time we actually arrived to this party but I will say that we did let the guys know way ahead of time that hey look you guys booked this last minute we have two other shows to do we will be there at around 3 4 o'clock in the morning and they were more than okay with that so the guys had requested that we came dressed as bikers for some reason I didn't ask why and generally if I can you know if they request a certain thing and it's something that I can provide I generally do this with something simple so sure enough we like dressed quote unquote as bikers so we get there and automatically the vibe is just off very very rarely do we show up anywhere and the vibe is off so my bouncer at the time collects the money we go in and we're like the entire party like 10 guys eight of them are sleeping and like seven of them are sleeping and the other three are just being weird like it's just awkward so the guy comes in he's like I want you to do a little bit of a different routine than you usually do which again I don't mind improvising given that it works out for everybody he's like just dance for these two guys and we'll just keep tipping you whatever and that's fine like we don't care what we do for that duration of the show that's because we are so tired we're like whatever so we go out there and try to dance for the guys that he requested and they were just not having it was very uncomfortable they did not want us near them and they were making it blatantly obvious and it was just a super super uncomfortable situation for us to my bouncer and them too so we did that for as long as we possibly could like about a half an hour and we said well we're gonna go take a break so during our break for like looking at each other like this isn't working out this is very weird we have another hour of this to do I don't it's just not happening it's we're just uncomfortable so I said what do you wanna do and the girl that was working with me we and they weren't tipping on top of that they had given us the money to get there but they weren't tipping which is generally how we make money so I'm like listen I don't even care I'm just ready to just go like what are we gonna do just stand there and stare at somebody because that generally what we would have to do so she's like I'm down to just leave too we weren't making any money so we're like instead of us you know having any kind of confrontation with the guy that booked it we're like we're just gonna leave so we put on our clothes real quick and we're walking out towards the car we realised at that time that someone had blocked us in someone had parked behind our car and there was no way we were gonna be able to get out without telling these people that we were leaving so I tried to tell him as nice as possible I'm like this is just uncomfortable your friends don't want us here I mean there's literally you want us to stand here for the next hour you guys aren't even tipping us which is where we make our money so what would you want he goes on about how half the party sleeping I said you knew we weren't gonna get here till this time and you still wanted us to come so that's not our fault and we're willing to just leave we're not making any money because you're not tipping and we're willing to just call it even and just go no hard feelings mind you we still have like a two and a half hour drive home and this is this is at like 4:00am so he didn't he didn't appreciate that we wanted to leave and literally made it super uncomfortable for us I'm like well we're gonna leave like there's no if answer buts and so we are still blocked in mind you and they said no no you're not leaving and um it was now now we're we're sitting outside by the car and he starts running off a bunch of names to us telling us how he felt about how he looked and we aren't listening all we wanna do is get the hell out of there and go to sleep so at that point I'm just like you know what have your money back I was willing to give them they paid $400 for us to get there and I we just wanted to go so I had $400 in ones I mean mind you they paid me in hundreds but I had 400 ones that we usually use for change so I took those $400 in ones and just threw them at the guy and said there's your 400 fucking dollars it was a dick move but you know what I was tired they're acting like dicks and we still have two and a half hour drive home it was not fair to us how they were treating us so sure enough the guy goes are you fucking kidding me his friend pulls out a fucking pew pew a pew pew and says you bend over pick up those 400 ones and you need to count them make sure there's 400 there before you we let you go so sure enough we had to this guy held the pew pew to my bouncer we had to count every single one of those $400 sure enough there was 400 but he they weren't letting us leave until that happened and I mean yes it was a dickhead move of me but like literally they weren't cooperating at all that just one of the things that can happen when you put yourself in this situation so please please please if you're gonna do anything like this be safe",yes,"['304', 'FS worker', 'SW', 'schmex work', '$tripping', 'pew pew']","['sex worker/hoe', 'full-service worker', 'sex work', 'sex work', 'stripping', 'gun']","['C1_Orthographic', 'C3_Formal_Compression', 'C3_Formal_Compression', 'C2_Phonetic', 'C1_Orthographic', ['C9_Metaphor_Metonymy', 'C6_Morpho_Lexical']]","[""Inversion_Based_Glyph_Encoding"", ""Initialism_Acronym"", ""Initialism_Acronym"", ""Near_Homophone_Drift"", ""Visual_Similarity_Substitution"", [""Metynomic_Encoding"", ""Reduplicative_Expansion""]]"
tt-7545880534853979447,"#304tok

A lot of y'all fail to realize the first important key step to making some money is to look like some fucking money. Like y'all bitches be out here expecting to make fucking Boku bucks, bitch, looking like yesterday's makeup, yesterday's clothes.",yes,['304'],['sex worker/hoe'],['C1_Orthographic'],"[""Inversion_Based_Glyph_Encoding""]"
tt-7579997952358223118,"Ignore all my Christmas packages & the laundry I’m folding 😂

Pop out the car, flexing like Sylvester. Sylvester? No, sir.",no,[],[],[],[]
tt-7626102683006536991,"Like, how does someone feel that comfortable just saying that? It’s beyond me #304 #304tok👠 #fyp

Let me explain something to you.",yes,"['304', '304tok', '👠']","['sex worker/hoe', 'sex-worker TikTok', 'sex-worker']","['C1_Orthographic', ['C1_Orthographic', 'C6_Morpho_lexical'], ['C10_Pictorial_Symbolic', 'C9_Metaphor_Metonymy']]","[""Inversion_Based_Glyph_Encoding"", [""Inversion_Based_Glyph_Encoding"", ""Blending""], [""Referential_Iconicity"", ""Metonymic_Encoding""]]"
tt-7558202391783394590,Don’t want to hear NONE OF THAT! #fypシ゚viral #304tok👠 #304tok,yes,"['304tok', '👠 ']","['sex-worker TikTok', 'sex worker']","[['C1_Orthographic', 'C6_Morpho_Lexical'], ['C10_Pictorial_Symbolic', 'C9_Metaphor_Metonymy']]","[[""Inversion_Based_Glyph_Encoding"", ""Blending""], [""Referential_Iconicity"", ""Metonymic_Encoding""]]"
tt-7612448307511627039,I had a good 3 hour play this afternoon. Amazing energy today #304 #304tok #lifestyleblogger #maincharacterenergy️,yes,"['304', 'play']","['sex worker/hoe', 'adult service/session']","['C1_Orthographic', 'C8_Semantic_Circumlocution']","[""Inversion_Based_Glyph_Encoding"", ""Strategic_Vagueness""]"
tt-7574260536515235103,I sell an EXPERIENCE 😇 I promise we’ll have a great time with boundaries set of course. You might just get hypnotized though…🪄✨#304tiktok #304 #bookme,yes,"['304', 'bookme', 'experience']","['sex worker/hoe', 'booking adult service', 'adult service experience']","['C1_Orthographic', 'C8_Semantic_Circumlocution', 'C8_Semantic_Circumlocution']","[""Inversion_Based_Glyph_Encoding"", ""Euphemism"", ""Strategic_Vagueness""]"
tt-7580712047051066637,😅😂 or had any talent I could profit off🥲💔 #ihateworking #manic,no,[],[],[],[]
tt-7577827964067351838,The sites you post on determine what kind of clients you get #304 #304life #304tok #304tok👠,yes,"['304', '304life', '304tok', '👠']","['sex worker/hoe', 'sex-worker life', 'sex-worker TikTok', 'sex-worker']","['C1_Orthographic', ['C1_Orthographic', 'C6_Morpho_Lexical'], ['C1_Orthographic', 'C6_Morpho_Lexical'], ['C10_Pictorial_Symbolic', 'C9_Metaphor_Metonymy']]","[[""Inversion_Based_Glyph_Encoding""], [""Inversion_Based_Glyph_Encoding"", ""Blending""], [""Inversion_Based_Glyph_Encoding"", ""Blending""], [""Referential_Iconicity"", ""Metonymic_Encoding""]]"
tt-7593962570327821598,Saw a regular easy 300 💋♥️🍒💰👠#304tok #304 #viral #getmoney,yes,"['304', '304tok', '👠', '🍒', '💋']","['sex worker/hoe', 'sex-worker TikTok', 'sex-worker', 'breast', 'hot/sexy']","['C1_Orthographic', ['C1_Orthographic', 'C6_Morpho_lexical'], ['C10_Pictorial_Symbolic', 'C9_Metaphor_Metonymy'], 'C10_Pictorial_Symbolic', 'C10_Pictorial_Symbolic']","[""Inversion_Based_Glyph_Encoding"", [""Inversion_Based_Glyph_Encoding"", ""Blending""], [""Referential_Iconicity"", ""Metonymic_Encoding""], ""Referential_Iconicity"", ""Referential_Iconicity""]"
tt-7564913417899773206,"Which taco would you bite?

brother brother  yes do you want a taco bite  sure why not  brother get up what are you doing I thought I thought no brother not my taco you're not gonna bite my taco like you can do it at home I mean that taco bite there okay  not there okay I know you wanna make it nice and dripping but not not this time come on brother",yes,['taco'],['vagina'],['C9_Metaphor_Metonymy'],"[""Metaphorical_Mapping""]"
tt-7623503378974362911,if you  devour this pink taco i will be yours,yes,"['pink taco', 'devour']","['vagina', 'perform oral sex']","['C9_Metaphor_Metonymy', 'C8_Semantic_Circumlocution']","[""Metaphorical_Mapping"", ""Euphemism""]"
tt-7002274385650289926,#stitch with @USER  my kitty is a taco!! My taco is a kitty!!   #tacos #kitty #lolz,yes,"['kitty', 'taco']","['vagina', 'vagina']","['C8_Semantic_Circumlocution', 'C9_Metaphor_Metonymy']","[""Euphemism"", ""Metaphorical_Mapping""]"
tt-7526545241952816414,when eating a taco is it better to go up and down side to side circles say the alphabet,yes,['taco'],['vagina'],['C9_Metaphor_Metonymy'],"[""Metaphorical_Mapping""]"
tt-7208582813522627846,I love tacos 🌮 #fyp #foryou #viral #viralvideo #allimsayingis #taco #spicy #forallthemen #menthisisforyou #thick,yes,"['tacos', '🌮', 'taco', 'spicy', 'thick']","['vaginar', 'visual taco symbol used as sexual metaphor', 'vagina', 'sexual/suggestive content', 'curvy/sexually attractive body type']","['C8_Semantic_Circumlocution', 'C10_Pictorial_Symbolic', 'C8_Semantic_Circumlocution', 'C8_Semantic_Circumlocution', 'C5_Sign_Reassignment']","[""Metaphorical_Mapping"", ""Referential_Iconicity"", ""Metaphorical_Mapping"", ""Euphemism"", ""Lexical_Reassignment""]"
tt-7635478582965308685,"I can help all women on date night. Even if she’s over 40, in menopause. Perimenopause or just wants it and excitement to date night.

Try eating that taco like this. It's gonna line your lips up with this right here, and it makes it easier to get a scoop in to hit that G marks that spot. Follow me for more awesome tips on the birds and the bees.",yes,"['eating that taco', 'G', 'the birds and the bees']","['performing oral sex', 'G-spot', 'sex/sexual education']","[ ['C8_Semantic_Circumlocution', 'C9_Metaphor_Metonymy'], 'C3_Formal_Compression', 'C8_Semantic_Circumlocution']","[[""Metaphorical_Mapping"", ""Periphrasis""], ""Initialism_Acronym"", ""Euphemism""]"
tt-7628031736634527006,I’m just a girl 🎀 (who impulse-ordered tacos at 5:17am) #foodbaby #stomachproblems #growling #stuffing #tacoregrets,no,[],[],[],[]
tt-7476209730411613462,And I can't go by. Come on #purryforn,yes,['purry forn'],['furry porn'],['C2_Phonetic'],['Near_Homophone_Drift'
tt-7470677694653402411,How bad does it have to get chat…  twt in bio tho  #fursuit #kemono #kemonofursuit #fursuiter #fursuiting #kemonofurry #kemonosuit #bunnyfursuit #fursona #fursuiting #furryfandom #furriesoftiktok #purryforn,yes,['purry forn'],['furry porn'],['C2_Phonetic'],"[""Near_Homophone_Drift""]"
tt-7629793972470238495,I can’t escape it 🫩 || #fyp #furry #fursuit #furrytiktok #viral #purryforn,yes,['purry forn'],['furry porn'],['C2_Phonetic'],"[""Near_Homophone_Drift""]"
tt-7382610821840424224,"Do you have a coochie? Are you ashamed of your discharge? #normalisenormalbodies #bodypositivity #wax

do you have a coochie and do you hide your knickers because there is discharge in them I'm talking do you scrumple them up so no one sees a discharge in the washing basket or when you was a kid did you hide your knickers down the side of your bed cause you was embarrassed about the discharge in there I am a coochie waxer and I am here to normalize every single thing about a coochie discharge is created inside of your body created by glands that live inside of your vagina and your cervix discharge is your body's natural way of cleaning out and pushing out any dead dead skin cells out of your body is totally normal throughout the month your discharge is gonna change sometimes it can be brown sometimes it can be white sometimes it can be clear clear and watery discharge can happen at any point during the month and sometimes if you are somebody that exercises it is more likely to be more at present then it's normal your discharge is white and more of a thick texture this could be because you are either at the end or the beginning of your menstrual cycle and that is totally normal however if it has an itch down there or if it has a bit of a smell to it just get yourself checked out by the doctors because it could be a sign of a yeast infection so something like thrush if the discharge is clear and almost stretchy like that means you're ovulating again normal it's your body's way to let you know that it's ready for its egg it's ready to ovulate it's ready to produce a baby basically that's giving you a sign come on in let's make babies if your discharge is yellowy green and it has a foul smell to it that is quite a big sign of an infection if there's an infection don't worry ring the doctors or the sexual health clinic they'll talk to you they'll ask you symptoms you'll get some antibiotics and you'll be fine don't worry about it if your discharge is brown it's a sign of blood so old blood leaving your body it could be at the beginning of your period and it's more than likely gonna happen at the end of your period so your you could think your period has ended and you get a bit of brown in your knickers it's just old blood don't worry hope that this has helped clear things up and people are gonna stop hiding the knickers it's fine discharge is a normal bodily function your flushing out the bad bacteria the germs and the whatever out your body you should be happy you can see it in your knickers stop hiding them",yes,['coochie'],['vagina/vulva'],['C2_Phonetic'],"[""Prosodic Template Substitution""]"
tt-7629519677206629662,I think my coochie came out whoops #livelaughlove,yes,['coochie'],['vagina/vulva'],['C2_Phonetic'],"[""Prosodic Template Substitution""]"
tt-6859419435837574406,fat coochies #fyp #funny #egirl #makeup #hair #foryoupage #foryou #cosplay,yes,['coochie'],['vagina/vulva'],['C2_Phonetic'],"[""Prosodic Template Substitution""]"
tt-7561387642479250719,"#ad Stinky coochie is a no go try these!! @USER  #tiktokshopcreatorpicks #phbalance #womensprobiotic #femininehygiene #curvybodygummies

You know when you can smell yourself and you're wondering if everybody else around you can, too? Your kitty needs some balancing. This is my holy grail. Woman's probiotics of all. They're absolutely scrumptious. I want to eat the entire bottle, even though I can't. They're that good or I must try. Whether you're dealing with yeast, odor that itches, cottage cheese, there's zero artificial ingredients. There's zero added sugar, which is so important. I'm taking these for only a couple months, and I have never tried a woman's probiotic better than this one. Who's your excuse not to have the cleanest, freshest, most balanced coochie ever when these are less than $10? I'll leave the link below.",yes,"['coochie', 'kitty', 'cottage cheese']","['vagina', 'vagina', 'yeast-infection-like vaginal discharge']","['C2_Phonetic', 'C8_Semantic_Circumlocution', 'C9_Metaphor_Metonymy']","[""Prosodic Template Substitution"", ""Euphemism"", ""Metaphorical_Mapping""]"
tt-7558919601191505183,"#ad Now I see why there’s a reason why this stuff has sold thousands 🤩 #boricacid #uro #femininecare #odorcontrol #ttshop

This is not that big to stick in my coochie. Ladies, if you don't know what this is, this is a boric acid, and it can help you with a lot of things. For example, if you like going to Pound Town like me, you want to stay nice and clean after. You can stick a boric acid up there. If you just finished your period, you want to get rid of that period smell, you can stick a boric acid up there. Or if you just smell a little fishy, a little funky down there, you got a little bit of an odor you want to get rid of, this can help with that. And how you use it is that you peel it and you put it up your coochie right before you go to bed, and it's gonna dissolve overnight. In the morning, it's just going to clean you out. Just make sure you wear a panty liner. This is also the actual size of it. I know it might look a little alarming, but don't be, because it is OBGYN formulated and approved. The brand I used, I don't have the box with it right now, but I'll link it down below. I use it because my girly downstairs kind of sensitive and her page balance get thrown off pretty easily, and if that happens, there's a little bit of an odor, and this has helped me with that. Also find this in the stores near You. But I'm gonna be honest, it's gonna be a lot more expensive there. They're having a flash sale right now with free shipping on TikTok Shop if you guys wanna try it out. It's right there.",yes,"['coochie', 'Pound Town', 'up there', 'fishy', 'funky down there', 'girly downstairs']","['vagina', 'sex', 'inside the vagina', 'vaginal odor', 'unpleasant vaginal odor/genital area issue', 'vagina']","['C2_Phonetic', 'C9_Metaphor_Metonymy', 'C8_Semantic_Circumlocution', 'C9_Metaphor_Metonymy', 'C8_Semantic_Circumlocution', 'C8_Semantic_Circumlocution']","[""Prosodic Template Substitution"", ""Metaphorical_Mapping"", ""Euphemism"", ""Metaphorical_Mapping"", ""Euphemism"", ""Euphemism""]"
tt-7505250596832759086,I love when annie tickles my c00chie,yes,['c00chie'],['coochie; vagina'],"[['C1_Orthographic', 'C2_Phonetic']]","[[""Visual_Similarity_Substitution"", ""Prosodic Template Substitution""]]"
tt-7634685702311005453,gairly things! #fyp #girlythings #fyppppppppppppppppppppppp #paratiiiiiiiiiiiiiiiiiiiiiiiiiiiiiii,no,[],[],[],[]
tt-7612005782929853726,The girlies get it 🍭🍬🍦😋,no,[],[],[],[]
tt-7611320869779934495,I love finding my people 🥹,no,[],[],[],[]
tt-7075918552653450542,To answer your question 😭 yes we are thus close and it barely hurts anymore after consistency! cousin; @USER nunez #wax #brazilian #cousin #fyp #brazilianwax #series,no,[],[],[],[]
tt-7566843910719343927,"Uro Probiotic save me from my fishy smell😭 just being a girls girl and sharing what helped me 🫶🏾#tiktokshopcybermonday #tiktokshopblackfriday #tiktokmademebuyit #girls #probiotics

It happened again. I literally see it on my underwear. Random white goo on your underwear? You have a itchy coochie. It smells like fish or dead tuna or just random liquid. Just starts popping. Now get embarrassed every time you need to open your legs, especially at the gym, because the sweat starts mixing with the coochie juice. Yes! I said Coochie juice. I heard many girls try this and try that just to make the smell leave. And I'm like, you know what? Why not? It's everywhere. Let me try it. You won't believe the instant freshness I felt after just putting it in your probiotics. This one does everything from the inside. It helps with your pH levels. It also helps fight anything that you might have. And also it separates the good bacteria from the bad bacteria. So while this one does everything from the inside, this one does everything from the outside. As soon as I popped this one in, I literally felt the freshness just flush throughout me. I felt the order just be gone. And it's made out of all natural ingredients. I instantly noticed my coochie not leaking. I noticed that when I go to the gym, it doesn't smell bad. And also my underwear are staying dry and clean. I could even wear them the next day. And if you don't believe me, click on the link and read the reviews. These have sold over a million times. That means over A million women are using them right now. This is your sign to stop spraying perfume down there. Get them now before the sale ends. This is the way to have a clean coochie. If nobody ever told you how, this is it.",yes,"['fishy smell', 'white goo', 'coochie', 'fish', 'dead tuna', 'coochie juice', 'down there']","['vaginal odor', 'vaginal discharge', 'vagina/vulva', 'vaginal odor/fish-like smell', 'strong vaginal odor', 'vaginal discharge/vaginal fluid', 'genital area/vagina']","[['C9_Metaphor_Metonymy'], ['C8_Semantic_Circumlocution'], ['C2_Phonetic'], ['C9_Metaphor_Metonymy'], ['C9_Metaphor_Metonymy'], ['C5_Sign_Reassignment', 'C9_Metaphor_Metonymy'], ['C8_Semantic_Circumlocution']]","[[""Metaphorical_Mapping""], [""Euphemism""], [""Prosodic Template Substitution""], [""Metaphorical_Mapping""], [""Metaphorical_Mapping""], [""Lexical_Reassignment"", ""Metaphorical_Mapping""], [""Euphemism""]]"
tt-7582341254524964151,mind you i am here almost every day of the week 😐😔,no,[],[],[],[]
tt-7564954034902224141,😂😂😂 frfr my shit hurt! I don’t know I I injured it frfr!! HELP!!!,no,[],[],[],[]
tt-7107669757255552298,coochi opener,yes,['coochi'],['vagina'],['C2_Phonetic'],"[""Prosodic Template Substitution""]"
tt-7326644539790265606,jav model #jav #model #fancam #fancams #fancam🍑✨ #fancamshow #korean,yes,"['#jav', '🍑']","['Japanese adult video', 'butt/ass']","['C3_Formal_Compression', 'C10_Pictorial_Symbolic']","[""Initialism_Acronym"", ""Referential_Iconicity""]"
tt-7608899507606097172,ibu pacar ngajak dinner #javcodes#idol#dramajepang#fyp#viral,yes,['javcodes'],['Japanese adult video'],"[['C3_Formal_Compression', 'C9_Metaphor_Metonymy']]","[[""Initialism_Acronym"", ""Metonymic_Encoding""]]"
tt-7627414640447819026,Top Jav Movies Bulan  Maret 26 Maret - 01 April 2026 #vypシ #code #japanese,yes,"['Jav Movies', '#code']","['Japanese Adult Video movies', 'adult video ID code']","['C3_Formal_Compression', 'C9_Metaphor_Metonymy']","[""Initialism_Acronym"", ""Metonymic_Encoding""]"
tt-7159634691627257094,rara anzai #raraanzai #education #verybeautfiul #idol #beautiful #star #japan #javstar #sexy #asian,yes,"['javstar', 'JAV stars']","['Japanese Adult Video star', 'Japanese Adult Video stars']","['C3_Formal_Compression', 'C3_Formal_Compression']","[""Initialism_Acronym"", ""Initialism_Acronym""]"
tt-7278440733399452930,intimate time with jav star #imh #jav #japan #intimacy,yes,['jav'],[ 'Japanese Adult Video'],[ 'C3_Formal_Compression'],"[""Initialism_Acronym""]"
tt-7015731445805239557,It’s true but all jokesss okayyy 🤫 #fyp #viral #boosiebadazz #boosie #thatsme #foryou #ifykyk #foryoupage #phub,yes,"['phub', 'boosie']","['Pornhub', 'pussy']","['C3_Formal_Compression', 'C2_phonetic']","[""Lexical_Clipping"", ""Near_Homophone_Drift""]"
tt-7275935340161027359,"👀👀👀 for my ladies #hub

I've been in the hills, fucking cop cars, feeling like a Pop Tart",yes,['hub'],['Pornhub'],['C3_Formal_Compression'],"[""Lexical_Clipping""]"
tt-7391715293195750698,🤫 #viral #foryou #girlnextdoor #workfromhome #work #fypage  #spicy #🖤💛 hub,yes,"['🖤💛 hub', 'spicy']","['Pornhub', 'sexually suggestive/adult content']","[['C10_Pictorial_Symbolic', 'C7_Referential_Alias'], 'C8_Semantic_Circumlocution']","[[""Referential_Iconicity"", ""Attribute_Based_Alias""], ""Euphemism""]"
tt-7262271576937139461,best P⭐ #bestp #bestyoungactress #bestteen #bestactress #bestyoungster #bestactress❤❤ #bestactress❤❤❤,yes,"['P⭐', '#bestp']","['porn star', 'best porn performer']","[['C3_Formal_Compression', 'C10_Pictorial_Symbolic'], ['C3_Formal_Compression']]","[[""Lexical_Clipping"", ""Name_Based_Pictographic_Mapping""], ""Lexical_Clipping""]"
tt-7168258328294919429,P⭐ at black and orange #fortheboys #educationalpurposes #FAKEBODY,yes,"['P⭐','black and orange']","['porn star', 'Pornhub']","[['C3_Formal_Compression', 'C10_Pictorial_Symbolic'], ['C7_Referential_Alias']]","[[""Initialism_Acronym"", ""Name_Based_Pictographic_Mapping""], [""Attribute_Based_Alias""]]"
tt-7383674594667924744,"New video on Black🖤 and Orange 🧡 YouTube 😄 #helldivers #cosplayers #forfun #fypage

I'm doing my part. I'm doing my part.   doing   my   part   I'm   doing   my   part I'm doing my part. I didn't do fucking shit.   doing   my   part   I   didn't   do   fucking   shit",yes,['Black🖤 and Orange🧡 YouTube'],['Pornhub'],"[['C7_Referential_Alias', 'C10_Pictorial_Symbolic']]","[[""Attribute_Based_Alias"", ""Referential_Iconicity""]]"
tt-7578204114404789535,Black cat and orange cat friendships  🐈‍⬛🐈  @USER,no,[],[],[],[]
tt-7567488872066682125,"in which country in the world do people watch black and orange YouTube the most #unitedstates #geography #map #youtube #foryoupage

in which country in the world do people watch black and orange YouTube the most you'll be shocked and the country that comes in first place almost everyone watches it Germany is in fifth place in this country the number of fans of this resource reaches 15% almost one in seven residents visits this site at least once a week next is the Netherlands in fourth place here the number of fans of black and Orange YouTube is about 19% which means that about one in five residents visits the site the country in third place is the United States this country has the highest number of visitors to the website with approximately 333 million people one in four Americans visits the website at least once a week Mexico is in second place this country has the highest average time spent on the website procession with over 11 minutes additionally one in three and a half residents visits the website at least once a week finally the country is in first place this is where people watch the black and orange YouTube the most approximately one in two residents visits the website at least once a week this country is the Philippines do you agree with this top",yes,['black and orange YouTube'],['Pornhub'],['C7_Referential_Alias'],"[""Attribute_Based_Alias""]"
tt-7488100900834118958,"This is not sponsored by henta1 #corn #anime #mostsearched #consent #category #orangeandblack #ethical #fantasy

Ever wondered what the most searched for term is in corn? I'll give you a couple of seconds to leave a guess in the comments, but I bet you'll be surprised. If you like this video, check out the bond IT app LinkedIn my bio. Okay, so according to the orange and Black Corn site, the most searched for term of 2024 was hentai. If you don't know, hentai is illustrated or animated adult Japanese content. A little bit like anime, but explicit. So why is it so popular? First off, creativity. Creators aren't constrained by things like real world physics, casting, or budgets, so viewers are able to consume wild and very specific fantasies that wouldn't be possible with live action. Second, ethics. With live action, there's always a possibility that the content was produced without enthusiastic consent from all of the participants. With something animated, that concern largely disappears. So some users prefer to view this kind of content without worrying about the ethics of how it was produced. So the good news is that Hentai's popularity shows us that there is a huge range in the sorts of things that people fantasize about, and that fantasy doesn't necessarily have to be real world possible for it to be valid and exciting. There is some bad news though. A lot of people start out watching Korn at a really young age. If your first exposure to acts of intimacy is hentai, even though it's animated, it's likely that You'd walk away with a pretty warped view of what consent, communication and bodies should look like. Especially because the characters in hentai often look really, really young. And while age play is okay between two enthusiastically consenting adults, the young teen mind is probably not equipped to unpack the difference between that and what they're watching. So if you're curious about hentai, so are loads of other people. But just remember, fantasy is not reality, and in reality, there should always be enthusiastic consent.",yes,"['henta1', 'corn', 'Korn', '#orangeandblack', 'orange and Black Corn site']","['hentai; illustrated/animated Japanese adult content', 'porn', 'porn', 'Pornhub', 'Pornhub']","[['C1_Orthographic'], ['C2_Phonetic'], ['C2_Phonetic'], ['C7_Referential_Alias'], ['C7_Referential_Alias', 'C2_Phonetic']]","[[""Visual_Similarity_Substitution""], [""Near_Homophone_Drift""], [""Near_Homophone_Drift""], [""Attribute_Based_Alias""], [""Attribute_Based_Alias"", ""Near_Homophone_Drift""]]"
tt-7325273947572915498,"I'm therapist, theRapist 😉 ",yes,['therapist'],['rapist'],['C6_Morpho_Lexical'],"[""Resegmentation""]"
tt-7614832449889094934,chudai forever💦💦,yes,"['chudai', '💦💦']","['sex / sexual intercourse', 'ejaculation / sexual fluids']","['C11_Cross_Linguistic', 'C10_Pictorial_Symbolic']","[""Script_Transliteration_Encoding"", ""Referential_Iconicity""]"
tt-7614438732787338518,you know that I'm right! #161 #afa,yes,"['#161', '#afa']","['Anti-Fascist Action', 'Anti-Fascist Action']","[['C4_Formal_Encoding', 'C3_Formal_Compression'], 'C3_Formal_Compression']","[[""Textual_Algorithmic_Encoding"", ""Initialism_Acronym""], ""Initialism_Acronym""]"
tt-7550672128970902806,"what do they think 161 means, ""fight fasch0s with shits and giggles"" ?? #charliekirk #161 #deanwithers #leftist #fyp

Don't make that line be one between the left and right, because if you do make that line fall between the left and right, I will side with the right. This is not about party lines.",yes,"['161', 'fasch0s']","['AFA', 'fascists']","[['C4_Formal_Encoding', 'C3_Formal_Compression'], ['C1_Orthographic', 'C3_Formal_Compression']]","[[""Textual_Algorithmic_Encoding"", ""Initialism_Acronym""], [""Visual_Similarity_Substitution"", ""Lexical_Clipping""]]"
tt-7557032125640363286,"love nature, hate fascism #161 #afa #antifa #141 #nature",yes,"['161', 'afa', '141']","['Anti-Fascist Action', 'Anti-Fascist Action', 'nature action / anti-deforestation action']","[['C4_Formal_Encoding', 'C3_Formal_Compression'], 'C3_Formal_Compression', ['C4_Formal_Encoding', 'C3_Formal_Compression']]","[[""Textual_Algorithmic_Encoding"", ""Initialism_Acronym""], ""Initialism_Acronym"", [""Textual_Algorithmic_Encoding"", ""Initialism_Acronym""]]"
tt-7635751601663184161,I hate them all #161 #afa #leftist #draft,yes,"['161', 'afa']","['Anti-Fascist Action', 'Anti-Fascist Action']","[['C4_Formal_Encoding', 'C3_Formal_Compression'], 'C3_Formal_Compression']","[[""Textual_Algorithmic_Encoding"", ""Initialism_Acronym""], ""Initialism_Acronym""]"
tt-7518078159632354582,Imagine you get one person back from history: Austrian painter,yes,['Austrian painter'],['Adolf Hitler'],['C7_Referential_Alias'],"[""Attribute_Based_Alias""]"
tt-7575951283127930126,"#notice #fyp #HH #88

You have a business right now? Uh huh. Are you regulated? Yes, you are. Why are you regulated? You're regulated by what? You should have the freedom to say whatever you want, to talk whatever you want. I didn't realize there's a regulation on podcast",yes,"['HH', '88']","['Heil Hitler', 'neo-Nazi numeric code']","['C3_Formal_Compression', ['C4_Formal_Encoding', 'C3_Formal_Compression']]","[""Initialism_Acronym"", [""Textual_Algorithmic_Encoding"", ""Initialism_Acronym""]]"
tt-7575433600431181078,Not just about numbers btw ;) || #88 #robertkubica  #f1 #kubica @¹⁴⁶³F1 Addict²³⁵⁵,yes,['#88'],['Heil Hitler / Nazi code'],"[['C4_Formal_Encoding', 'C3_Formal_Compression']]","[[""Textual_Algorithmic_Encoding"", ""Initialism_Acronym""]]"
tt-7451218081357073686,What if Austrian painter won the war? 🎨🖌 | Part 4/6 #WatchData #FunDataComparison #fyp #fy creds: WatchData,yes,['Austrian painter'],['Adolf Hitler'],['C7_Referential_Alias'],"[""Attribute_Based_Alias""]"
tt-7529328521034911007,"Last time I wear a b plug to the beach

Guys. So I wear my plug to the beach. And it was a bad idea. As soon as you sit down, even if I'm wearing my shorts, sand gets everywhere. And when I tell you everywhere, I mean literally every single crevice. I can feel it anytime I move. Cough, sneeze, giggle, all of it.",yes,"['b plug', 'plug']","['butt plug ', 'butt plug']","['C3_Formal_Compression', 'C5_Sign_Reassignment']","[""Lexical_Clipping"", ""Lexical_Reassignment""]"
tt-7600743278912245014,How b-plugs are made #viral #fyp #trending #howismade #pourtoi,yes,['b-plugs'],['butt plug'],['C3_Formal_Compression'],"[""Lexical_Clipping""]"
tt-7519150452135546125,"B plug competition with my gay friends 😅🤣

I love my group of gay friends. They are literally down for anything. And it's like, I have two bi friends, and they're kind of prudes. And my straight friends, definitely prude. Except for this one. He, like, will kind of mess around and he gives these bi vibes, but just won't admit it. And I don't care. No pressure to him, right? Anyway, I meet my three gay friends at the beach yesterday, and we decided to do a little challenge. We would wear these plugs and see you could keep it in the longest, right? So we're literally all at the beach in red Speedos, and we've got plugs in, and, like, you can't really tell either of us have plugs in. Um, but I'm an Acrobat, okay? And so I'm taking advantage. I'm getting videos with the other three guys in their Speedos, and we're doing, like, a lifeguard stuff. So I was learning a backflip, and they were spotting me on that. And on backflip number three, I'm, like, just trying to really get my. Exaggerate my hip thrust right, cause I have those pouch leggings on. So I exaggerate the hip thrust and I squeeze super tight, and then butt plug pops out, literally pushes out. And I can just feel the bulge in my speedo now. And I kind of, like, saved it before it actually went out the side. It was a tight speedo, but it was so embarrassing, we all started cracking Up and then, like, one at a time, everyone was going to the bathroom and removing their plug.",yes,['B plug'],['butt plug / anal sex toy'],['C3_Formal_Compression'],"[""Lexical_Clipping""]"
tt-7622783840263720205,No way N3on just told Iggy Azalea she has the FATTEST A$$ he’s  EVER seen 😩❤️‍🩹 #iggyazalea,yes,['A$$'],['ass'],['C1_Orthographic'],"[""Visual_Similarity_Substitution""]"
tt-7608382099480956182,"full ride scholarship courtesy of the blue site 🎓 #fyp #tuition #college #fullride #scholarship

No, cause I've got a plan. What do you mean? Um. You'll find out.",yes,['blue site'],['OnlyFans/adult subscription platform'],['C7_Referential_Alias'],"[""Attribute_Based_Alias""]"
tt-7637865526370389256,STAY OFF THE WEEEDD #fyp #srilanka #xybca #relatable,yes,['weeedd'],['weed'],['C1_Orthographic'],"[""Segmentation_Noise_Insertion""]"
tt-7627885730051788062,Y u shootin me I’m gettin my weeedd fuck allat bom,yes,['weeedd'],['weed'],['C1_Orthographic'],"[""Segmentation_Noise_Insertion""]"
tt-7616407360646417671,#CapCut stay of the  weeedd #fyp🙂‍↔️@USER 🩵✨️ @🔫Unruly🤑Fatau💰💸 @USER,yes,['weeedd'],['weed'],['C1_Orthographic'],"[""Segmentation_Noise_Insertion""]"
tt-7614226880064998678,Stay Off The Weeedd #CapCut #glowup #trending #velocity #transition,yes,['weeedd'],['weed'],['C1_Orthographic'],"[""Segmentation_Noise_Insertion""]"
tt-7612650976964545812,@USER off the weeedd.😩🔥,yes,['weeedd'],['weed'],['C1_Orthographic'],"[""Segmentation_Noise_Insertion""]"
tt-7609988482324303112,Stay off the weeedd❤️❤️🥹#viraltiktok #yourfyp #creatorsearchinsights,yes,['weeedd'],['weed'],['C1_Orthographic'],"[""Segmentation_Noise_Insertion""]"
tt-7602568214928788757,Stayy off the weeedd‼️#seyivibez🔥📌💯 #fyp #blowthisup,yes,['weeedd'],['weed'],['C1_Orthographic'],"[""Segmentation_Noise_Insertion""]"
tt-7602246579428412680,weeedd #fakebodyy⚠️ #fypシ #makeitviral #makemefamous #foryou,yes,['weeedd'],['weed'],['C1_Orthographic'],"[""Segmentation_Noise_Insertion""]"
tt-7600374945641794834,selling everything from weeedd to counterfeitss,yes,['weeedd'],['weed/cannabies'],['C1_Orthographic'],"[""Segmentation_Noise_Insertion""]"
tt-7596867226746080533,smoke weeedd #fyp #xyzbca #parati #destacame,yes,['weeedd'],['weed'],['C1_Orthographic'],"[""Segmentation_Noise_Insertion""]"
tt-7588103191187836167,stay of the weeedd! #makeitviral  #CapCut,yes,['weeedd'],['weed'],['C1_Orthographic'],"[""Segmentation_Noise_Insertion""]"
tt-7587554894538755349,"So tell me, who’s wrapping me up for Christmas? #CapCut #christmaseve #gift #prettygirl #weeedd",yes,['weeedd'],['weed'],['C1_Orthographic'],"[""Segmentation_Noise_Insertion""]"
tt-7581276531603901751,Stay on the WEEEDD🙌🏼🍃#fyp #xzybca #trending #foryoupage #fypシ #viral,yes,"['WEEEDD', '🍃']","['weed / marijuana', 'weed / marijuana']","['C6_Orthographic', 'C10_Pictorial_Symbolic']","[""Segmentation_Noise_Insertion"", ""Referential_Iconicity""]"
tt-7580260175664188690,stay off the weeedd#fyp #pioneertemplate #capcutpioneer #vanila4you #CapCut,yes,['weeedd'],['weed'],['C1_Orthographic'],"[""Segmentation_Noise_Insertion""]"
tt-7639112651494182166,lets deliver my coacaine shall we please please follow if ya viewing this,yes,['coacaine'],['cocaine'],['C1_Orthographic'],"[""Segmentation_Noise_Insertion""]"
tt-7614242106974031117,So yeah the 🧃 run the world and Kennedy apparently didn’t kiss it bc it wasn’t diplomatic protocol yet. N then chat gpt gone go back on its words like bro that man in Germany should’ve won the war bro idgaf.,yes,"['🧃', 'man in Germany ']","['Jews','Adolf Hitler']","[['C10_Pictorial_Symbolic', 'C2_Phonetic'], 'C8_Semantic_Circumlocution']","[[""Name_Based_Pictographic_Mapping"", ""Near_Homophone_Drift""], ""Periphrasis""]"
tt-7528930254686113079,"Woke up a boss, stayed a boss 😏💼 My blue site is booming, business is live, & my FIRST book is published! 💙📖 What’s your excuse? #BossMoves #PublishedAuthor #EntrepreneurLife #MoneyMoves #BlueSitePoppin #NewBusinessAlert #BookLaunch #PassiveIncome #LevelUp",yes,['blue site'],['OnlyFans/adult subscription platform'],['C7_Referential_Alias'],"[""Attribute_Based_Alias""]"
tt-7622139189743635742,"#fyp #bluesite

Get them banned. Get them banned! We don't do that here. Oh, now I'm pissed. Find",yes,['blue site'],['OnlyFans/adult subscription platform'],['C7_Referential_Alias'],"[""Attribute_Based_Alias""]"
tt-7519366575628045576,a gap in the market for short redheads ✨ #blue website,yes,['blue website'],['OnlyFans/adult subscription platform'],['C7_Referential_Alias'],"[""Attribute_Based_Alias""]"
tt-7506752935594904862,"I get a hi sometimes #xyzbca #fypシ #relatable #real #trending #foryoupage #piercings

Yep, and I do. Let me know, girl, what you wanna do. Give me some and I'll give it to you. Uh huh.",yes,['give me some'],['sexual favor / sex'],['C8_Semantic_Circumlocution'],"[""Strategic_Vagueness""]"
tt-7601383265206799671,Comment down below if you make more than 150$ off of the blue site 🫣 I’m very curious #bluesite #fyp #ofmodelgirl #bop #formygirlies,yes,"['blue site', '#bluesite', '#ofmodelgirl', '#bop']","['OnlyFans', 'OnlyFans', 'OnlyFans model girl', 'sexually active/promiscuous girl or sexualized creator']","['C7_Referential_Alias', 'C7_Referential_Alias', ['C3_Formal_Compression', 'C6_Morpho_Lexical'], 'C5_Sign_Reassignment']","[""Attribute_Based_Alias"", ""Attribute_Based_Alias"", [""Initialism_Acronym"", ""Blending""], ""Lexical_Reassignment""]"
tt-7620632868745678110,im sorry i genuinely lost it #fyp #orangeman #tiktokslistening,yes,['orangeman'],['Donald Trump'],['C7_Referential_Alias'],"[""Attribute_Based_Alias""]"
tt-7593718590638066967,"do not come to my town #greenland #orangeman #denmark

I do not like this song. Santa Claus is coming to town. Do not come to my town. I sing this song. Have many, many.",yes,['orangeman'],['Donald Trump'],['C7_Referential_Alias'],"[""Attribute_Based_Alias""]"
tt-7637200134543101197,start hearing them damn saxophones #orangeman #impeachtrump #gethimout,yes,['orangeman'],['Donald Trump'],['C7_Referential_Alias'],"[""Attribute_Based_Alias""]"
tt-7629489584639986976,I can’t dance I’m sorry #danganronpa #cosplay #fyp #danganronpacosplay #mikantsumikucosplay,no,[],[],[],[]
tt-7636809428544589078,Mlm (61🔄) #fyp #viral #Mlm #gaylove #love,yes,"['Mlm', '61🔄']","['men loving men', '16 years old']","['C3_Formal_Compression', 'C10_Pictorial_Symbolic']","[""Initialism_Acronym"", ""Procedural_Pictographic_Encoding""]"
tt-7526733559793487134,DMs are open. Find your someone to #mlm #61🔄 #mlmmoots #fyppppppp,yes,"['Mlm', '61🔄']","['men loving men', '16 years old']","['C3_Formal_Compression', 'C10_Pictorial_Symbolic']","[""Initialism_Acronym"", ""Procedural_Pictographic_Encoding""]"
tt-7609771483996474644,dm open #mlm #discord #fyp #foryou #mlm,yes,['mlm'],['men-loving-men'],['C3_Formal_Compression'],"[""Initialism_Acronym""]"
tt-7634354532998188319,Almost there! #iowa #mlm #420frriendly #🔄41 #🔄61,yes,"['mlm', '#420frriendly', '#🔄41', '#🔄61']","['men loving men', 'cannabis-friendly', '14 years old', '16 years old']","['C3_Formal_Compression', 'C4_Formal_Encoding',  'C10_Pictorial_Symbolic',  'C10_Pictorial_Symbolic']","[""Initialism_Acronym"", ""Textual_Algorithmic_Encoding"", ""Procedural_Pictographic_Encoding"", ""Procedural_Pictographic_Encoding""]"
tt-7613545415811583262,#mlm #ftm #bmbf #emoboys  I'm almost 51🔄,yes,"['mlm', 'ftm', 'bmbf', '51🔄']","['men loving men', 'female-to-male / trans man', 'Black male boyfriend / partner preference tag', 'almost 15 written backwards']","['C3_Formal_Compression', 'C3_Formal_Compression', 'C3_Formal_Compression','C10_Pictorial_Symbolic']","[""Initialism_Acronym"", ""Initialism_Acronym"", ""Initialism_Acronym"", ""Procedural_Pictographic_Encoding""]"
tt-7559301120112315662,I'm 51 ⬅️ #wlw#mlm#mlw#shopping#fyp,yes,"['wlw', 'mlm', 'mlw', '51 ⬅️']","['women-loving-women', 'men-loving-men', 'men-loving-women', 'almost 15 written backwards']","['C3_Formal_Compression', 'C3_Formal_Compression', 'C3_Formal_Compression', 'C10_Pictorial_Symbolic']","[""Initialism_Acronym"", ""Initialism_Acronym"", ""Initialism_Acronym"", ""Procedural_Pictographic_Encoding""]"
tt-7618732170764455190,snapchat trading #goonete #trading #snapchat #snapchattrd #trd,yes,"['#goonete', '#trd', '#snapchattrd']","['goonette / sexual gooning-related identity', 'trade/trading explicit Snapchat content', 'Snapchat trading']","[['C5_Sign_Reassignment', 'C6_Morpho_Lexical'], ['C3_Formal_Compression', 'C8_Semantic_Circumlocution'], ['C3_Formal_Compression', 'C6_Morpho_Lexical', 'C8_Semantic_Circumlocution']]","[[""Lexical_Reassignment"", ""Affix_Manipulation""], [""Lexical_Clipping"", ""Strategic_Vagueness""], [""Lexical_Clipping"", ""Blending"", ""Strategic_Vagueness""]]"
tt-7595623705095441686,"Sc trd gc #fyp #snapchat #trd #gc #sc

First, you got to this work to the beat. Then you got to put your hands on your knees. Then you got to make your feet be flat. Then you got to put an art to your back. Now, first, you got to this work to the beat. Then you gotta put your hands on your knees. Then you gotta make your feet be flat. Then you gotta put an art to your back. Now do it. Do it.",yes,"['Sc trd gc', '#trd', '#gc', '#sc']","['Snapchat trading group chat', 'trading', 'group chat', 'Snapchat']","[['C3_Formal_Compression', 'C3_Formal_Compression', 'C8_Semantic_Circumlocution'], ['C3_Formal_Compression', 'C8_Semantic_Circumlocution'], ['C3_Formal_Compression'], ['C3_Formal_Compression']]","[[""Initialism_Acronym"", ""Lexical_Clipping"", ""Strategic_Vagueness""], [""Lexical_Clipping"", ""Strategic_Vagueness""], [""Initialism_Acronym""], [""Initialism_Acronym""]]"
tt-7591139565344197910,Hmu dm for snap#viral #fyp ##trading ##snapchat #girls,yes,"['snap', '##trading']","['Snapchat', 'trading/exchanging Snapchat content or contacts']","['C3_Formal_Compression', 'C8_Semantic_Circumlocution']","[""Lexical_Clipping"", ""Strategic_Vagueness""]"
tt-7637683358884957472,nothing funny about cp #hullo #cheesepizza #fyp,yes,"['cp', '#cheesepizza']","['child sexual abuse material', 'child sexual abuse material']","['C3_Formal_Compression', 'C5_Sign_Reassignment']","[""Initialism_Acronym"", ""Acronymic_Camouflage ""]"
tt-7627284749198970142,Friends not day ones #za #friends #fyp #blowthisup #xyzbca,yes,['#za'],['weed / marijuana'],['C5_Sign_Reassignment'],"[""Lexical_Reassignment""]"
tt-7615550686457072903,holy things marryjuana,yes,['marryjuana'],['marijuana/cannabis'],['C2_Phonetic'],"[""Near_Homophone_Drift""]"
tt-7589370422534229278,"#marryjuana

Marijuana stimulating, mind expanding, safer to use than alcohol. It's the inner thing, the hula hoop of the jet generation.",no,['marryjuana'],['marijuana/cannabis'],['C2_Phonetic'],"[""Near_Homophone_Drift""]"
tt-7547750654106930445,try it! ##everyone #marryJuana,yes,['marryjuana'],['marijuana/cannabis'],['C2_Phonetic'],"[""Near_Homophone_Drift""]"
tt-7518735016843660549,See foreign rap💜 🥹 #nairamarley #bang #unitedkingdom #2015 #marryjuana @USER Marley @USER Twigz,yes,['marryjuana'],['marijuana/cannabis'],['C2_Phonetic'],"[""Near_Homophone_Drift""]"
tt-7459308065716718854,Bobbyzua🖤💛 #CapCut #abj #utk #utako  ,no,[],[],[],[]
tt-7459243285266189573,High Star ✨ year  ##@USER 🖤 @USER @USER @USER @USER ##,no,[],[],[],[]
tt-7364498630750768417,Naira Marley Marry Juana featuring Max Twigz is too hard #nairamarley #nairamarleymarryjuana #marryjuana #maxtwigzz #ukrap #ukmusic #afrobeats #viral #trending #fyp #mukzsrap,no,[],[],[],[]
tt-7359937144967679274,"🍍🌺🌿 Our funky invitation for C+F’s big day in Montego Bay is giving us all the good vibes on this 420, and we can’t get enough! #420 #MARRYjuana #BigDayBranding #CustomWeddingInvite #ChereeBerryPaperAndDesign #CBP",yes,"['#420', '#MARRYjuana']","['cannabis / weed reference', 'marijuana / cannabis pun']","['C5_Sign_Reassignment', 'C2_Phonetic']","[""Conventional_Numeric_Symbol_Reassignment"", ""Near_Homophone_Drift""]"
tt-7358074070178483462,I’m strong when I’m on your shoulder💪,no,[],[],[],[]
tt-7358070773270990085,Happiness is Free 😀😀😀 #MarryJuana,no,['marryjuana'],['marijuana/cannabis'],['C2_Phonetic'],"[""Near_Homophone_Drift""]"
tt-7639158798510247176,"Level up your look with these stunning black Mary Jane heels! 🖤 Super classy design with cute bow detail and crisscross straps—so stylish yet comfy enough to wear all day. The block heel gives just the right height, perfect for dates, parties, or even casual glam OOTD! Looks so expensive but super affordable! 😍 Grab yours now via the link below 👇

 
#maryjaneheels 
#shoesph 
#AffordableFashion 
#glamootd 
#shoesaddictph",no,[],[],[],[]
tt-7639157678211632402,Bat ang ganda ganda ng mary jane shoes na to😍 #shoes #maryjane #maryjaneshoes #shoesforwomen,no,[],[],[],[]
tt-7639153910896200980,Step into effortless elegance with these chic cream Mary Jane flats ✨ #MaryJane #flats  #shoes #Michaela #affiliate,no,[],[],[],[]
tt-7639151193758895381,"Classic Korean-style girls' school uniform set with a crisp white Peter Pan collar blouse and black suspender pinafore dress. Features unique H-strap suspender design with two horizontal bands for a modern preppy look. High-waist pleated skirt gives a neat, polished silhouette perfect for school, recitals, or photoshoots. Paired with white socks and black Mary Jane shoes for that timeless academic aesthetic. Made with comfy, easy-care fabric ideal for active kids ages 4-12. 
 #SchoolUniformPH #KoreanKidsFashion #PreppyStyle #BackToSchoolOOTD #GirlsUniform",no,[],[],[],[]
tt-7639149590616345864,#CapCut HAPPY BIRTHDAY MY BABY SIS LOVE M❤️🩵💕 MANY MORE YEARS MY LOVE 😍 ❤️💕@USER🖤,no,[],[],[],[]
tt-7639148452940696862,"ThESe FloWeRs, MaRy JaNe, TeDDy, LeNa, BoB, & BuNNy  were hanging on the vase edge for dear life with their trembling leaves. They were placed outside for the evening dinner, when a sudden gust of wind almost tipped them over. Thank goodness  Mrs. Thompson stuffed them all in the same vase. Their cramped, close quarters probably saved their petals from a table disaster. 🌸🌸🌸🌸🌸🌸🌸🌸🌸🌸🌸🌸🌸🌸🌸 #julesgisslerartologist #flowerart #happyart #artlicensing #wallart",no,[],[],[],[]
tt-7639147980175461653,(Size 36-40) BOSI New Women's White Ballet Sneakers Soft Comfort Velcro Mary Jane Style Casual Flat Shoes White Casual Shoes #balletshoes #shoesforwomen #shoes,no,[],[],[],[]
tt-7639143415271247125,"Step into effortless style with these lightweight mesh Mary Janes. Soft, flexible, and designed for all-day wear, they blend minimalist charm with practical breathability. Perfect for keeping your feet cool while elevating any casual or smart-casual look ✨🍒   Keywords: mesh flats, mary jane shoes, breathable footwear, beige casual shoes, lightweight flats, comfortable work shoes, minimalist footwear   Occasion Breakdown - Daily errands & casual outings - Office work or business casual settings - School or university days - Weekend brunch & coffee dates - Travel & walking tours #meshflats #maryjaneshoes #comfortablefootwear #minimalistshoes #aigenerated",no,[],[],[],[]
tt-7639143362263534861,This one never gets old 🎶🎸       Last dance with Mary Jane                       I feel Summer creeping in @USER It’s a little wild. Hope you like it ma’am #fyp #tompetty #classicrock #bluecollar #forher,no,[],[],[],[]
tt-7639142850659241224,newest mary jane doll shoes from @USER SHOES  #dollshoes #maryjaneshoes #yotoshoes #flatshoes,no,[],[],[],[]
tt-7639138823284280590,"Yes, I did just get back from my after-work recreational Mary Jane 🍃 “walk & puff”, that I accidentally did too much puffing on, why do you ask?  I still think it’s the perimenopause…

I'm looking at my nostrils lately, and I might be overthinking this, but does everybody's nostril have a front room? I don't know if I've ever looked at anybody's nose before now. Like, really looked, because is this, like, a lot of storage space? Um, right up here. Like, if I wanted to get a nose job, do you think I could get a discount? Because it's basically just an unfinished basement. Is there even any cartilage? I believe this is what the kids might call a honker. And I guess I'm getting existential with it just now. So let's unlock something new to worry about, huh? did I always have all of that space? I don't know why I started with the Q tips, and now I just threw away that pretense, didn't I? I'm just gonna. I'll wash them. All of the space. Can I all. Has it always been there? I just never noticed? Or was this like, an after 40 add on? After market add on. Is it ensuite? I don’t think this was the deep dive I needed to go on today. (I'm in perimenopause, and my hormones are being weird today. I'm gonna need a pass on this one. Okay?)",yes,"['Mary Jane', '🍃', 'walk & puff']","['marijuana / cannabis', 'weed / cannabis', 'smoking cannabis while walking']","[['C2_Phonetic', 'C5_Sign_Reassignment'], 'C10_Pictorial_Symbolic', 'C8_Semantic_Circumlocution']","[[""Near_Homophone_Drift"", ""Lexical_Reassignment""], ""Referential_Iconicity"", ""Euphemism""]"
tt-7639134448679800085,Retro Mary Jane flats with classy minimalist design ✨ @USER SHOES #myYOTOsteps #softgirlstyle #flatshoes #dollshoes,no,[],[],[],[]
tt-7639126419343150367,forgot to change my wm  . #paul #paulmccartney #paulmccartneyedit #thebeatles #thebeatlesedit  . paul mccartney edit  . last dance with mary jane ft snoop dogg,no,[],[],[],[]
tt-7639123529052507406,"Women's Fashionable PU Leather Square Toe Mary Jane Shoes, Casual Comfortable Flat Shoes for Daily Wear, Lightweight Breathable Shoes for All Seasons, Party Shoes #summervibes #tiktokshopmemorialday #dealsforyoudays #tiktokshopsummerglow #tiktokshopcreatorpicks",no,[],[],[],[]
tt-7639118949413702925,"(Mary Jane!) ALLLLLLL NIGHTTTT LONGGGG - Mary j blige. (I hate all the crispy chicken lovers) #maryjblige #maryjanegirls #acapella #hiphop #soul

Boom! Boom! Boom! Boom! Boom! Boom! Boom! Boom! Boom! Boom! Boom! Boom! Boom! Boom! Boom! Boom boom boom! Sorry for my dogs. ooh baby not tonight I don't wanna fuss and fight I just wanna make it right ooh there's work to do Wanna get real close to you I wanna get you in the mood all the things you wanna do sir just relax and I'll take care of you and anytime you want me I'm saying that I love you every day and I know that you love me baby it give me all your love and don't stop my love's fading when you reach the top all night sir come into my bedroom honey what I got will make you spend money you know that I know that you love me so if you just give me a chance I can so if you just give me a chance I can still show you romance I know that you're still a savor for my flavor baby and so stop playing hard to get let's make love like we first met want to do just relax I take care of you and I'll take care of you and anytime you want me I'm saying that I love you everyday and I know that you love me baby admit it then don't stop Reach the top. Night long bedroom. Honey will make you spend money.",no,[],[],[],[]
tt-7639117165840403726,Tom Petty and the heartbreaker’s greatest hits Psalm Mary Jane’s last dance,no,[],[],[],[]
tt-7639115296338365727,"Makeup should always be fun, colorful, and creative  Products   @USER  @USER Vol. 1 Palette  @USER Cosmetics  Impossible Slipper  Doja Slipper Glow Duck Brush Set  Melissa Lashes  @USER Corp  Luna Coquette Eyebrush Set  @USER beauty  Wing It Liner in Mary Jane  #creativemakeup #eyeshadowtutorial #makeup #colorfulmakeup #atlmua",no,[],[],[],[]
tt-7639111990178303254,"Women's Fashionable Solid Color Hollow Out Design Mary Jane Shoes, Casual Comfortable Square Toe Flat Shoes for Summer, Lightweight Breathable Shoes for Daily Wear, Girl, Casual Flats, Casual Trendy Flat, Spring Summer Shoes #maryjaneshoes #flats #tiktokfinds #creatorsearchinsights #fyp",no,[],[],[],[]
tt-7639106448135425301,this song then mary jane 🫶🏻,no,[],[],[],[]
tt-7639104795369819422,Get that Mary Jane in ur body b!tch 🤭🤩,yes,"['Mary Jane', 'b!tch']","['marijuana/weed', 'bitch/profanity']","[['C2_Phonetic', 'C5_Sign_Reassignment'], 'C1_Orthographic']","[[""Near_Homophone_Drift"", ""Lexical_Reassignment""], ""Visual_Similarity_Substitution""]"
tt-7639102971715865874,"Mami Tomoe is a young girl with a mature physique being noticably curvier than the other girls. She has curly blonde hair, usually in twin drills with yellow square-shaped eyes. When in her civilian form, Mami is seen mostly in her school uniform which is customized with transparent black leggings along with white Mary Jane shoes. #mamitomoe #madokamagica #fyp #viral",no,[],[],[],[]
tt-7639101839236992274,"Nobody believed her. That was the part that cut deepest. In 1941, Mary Jane Ward was thirty-five years old, a married novelist trying to build something real in New York City. She had already published books. She had a husband who loved her, a life she was carefully constructing word by word. Then her mind began to fracture — slowly at first, then all at once. Anxiety spiraled into sleeplessness. Sleeplessness collapsed into delusion. And before she fully understood what was happening, she was no longer in control of anything. Doctors examined her. Signed the papers. And her husband, believing he was doing the right thing, watched them take her away. Rockland State Hospital was described to him as a peaceful place. Green lawns. Fresh air. Quiet recovery. What he did not know was that the moment his wife passed through those doors, she would cease to exist as a person and become simply a patient. A number. A problem to be managed. They took her suitcase. Her wedding ring. Even her hairpins. Then they placed her in a ward crowded with dozens of women and told her nothing about what came next. What came next was not peace. Patients were pulled from their beds before dawn. They scrubbed floors with lye soap that burned their skin raw. They sat for hours on hard benches in silence, forbidden from crying, forbidden from protesting, forbidden from asking when they could go home. Any resistance was noted. Any emotion was treated as evidence of deeper illness. The system had arranged itself so that objecting to your treatment could be used to justify more of it. The worst was the electroshock machine. There was no anesthesia. No muscle relaxants. Only leather straps, a rubber block between the teeth, and a current powerful enough to erase entire sections of memory. Mary Jane woke from one session unable to remember her own age. She asked a nurse what day it was. The nurse said nothing and wrote on a clipboard instead. Another woman might have shattered. Mary Jane began to watch. She had spent years training herself to observe the world carefully enough to put it into words. Now she turned that same attention on everything around her — the hierarchy of the wards, the way attendants rewarded silence and punished questions, the sound of nurses' shoes on linoleum at night, the way doctors avoided meeting patients' eyes. She was still a writer, even here. Especially here. She memorized what she witnessed with the quiet discipline of someone who intended to survive long enough to use it. Eight and a half months after she arrived, the hospital declared her improved and released her. They had lost her belongings, so she walked out wearing someone else's clothes. It took nearly three years to fully recover her memory. Then she sat down and wrote. The novel she produced, published in 1946 under the title The Snake Pit, was officially presented as fiction. Readers knew otherwise. The cold baths, the locked wards, the shock treatments, the maddening arbitrariness of institutional power — it rang true in a way invented stories rarely do. The book became an immediate bestseller, condensed by Reader's Digest, chosen as a Book of the Month, and within two years adapted into a major Hollywood film starring Olivia de Havilland. But the real impact was not on bookstore shelves. Journalists began investigating psychiatric institutions across the country. Lawmakers started asking questions that had never been asked publicly before. States began examining their own mental health laws, limiting restraints, changing how patients could be committed against their will. One woman's careful observations from inside a locked ward had become the spark for a national reckoning. Mary Jane Ward died in 1981. Most people today would not recognize her name. She never organized a movement or delivered speeches from a stage. She did something quieter and far more dangerous to a system built on silence. She paid attention. She remembered. And she made sure the world could not look away. Some people are broken by what the world puts them through. Mary Jane Ward took notes. #MaryJaneWard #TheSnakePit #SheWroteItAnyway",no,[],[],[],[]
tt-7639100486699863310,"LOVING these Mary Jane Crocs lately 😍🩷 they seriously go with every casual outfit and are SO comfy for mom life, errands, Disney days, and everyday wear ✨ @USER  #maryjanecrocs #crocsnewarrivals #shoes #womenshoes

Run and grab the Mary Jane Crocs! They're finally back in stock in black. You guys know how fast these sell out? I'm gonna have them linked right here. They have really good grip in the inside and the bottom as well. These are amazing for the water park too ladies. Super cute with some bathing suits. You can ask you. You can also add a croc charms to them if you like. I personally have it and you can also adjust them. I'll have them linked, but definitely run and grab them. I'm normally a size seven and a/2 and I got a size eight.",no,[],[],[],[]
tt-7639046308610870549,for you #bestfrendsforever #toptrending #unfreezemyacount #tonightchilll @USER,no,[],[],[],[]
tt-7639008152058383636,Trending #flypシ #fulltrending #unfrezzmyaccount #goviral #10kviews ,no,[],[],[],[]
tt-7638997461037600020,Islamic video content Ahsaan brand 74 100 milian views aisi marij video dekhne ke liye like folder Jarur Karen Shukriya a Kash Mujhe Madine Mein maut aaye,no,[],[],[],[]
tt-7638990587517062413,Marij🫶🏻 #fypシ #foryoupage #high,yes,"['Marij', '#high']","['marijuana', 'being high/intoxicated from cannabis']","['C3_Formal_Compression', 'C8_Semantic_Circumlocution']","[""Lexical_Clipping"", ""Euphemism""]"
tt-7638969363688672520,Surah al marij ♥️♥️😌 #capcut #capcutvelocityedits #foryoupage❤️❤️ #foryoupage #foryoupage❤️❤️,no,[],[],[],[]
tt-7638954467487993110,New panel update ff inbox 📥 #newpanel #free_fire #panel #deller #headshot_gaming Marij panel @USER UK,no,[],[],[],[]
tt-7638946161075784982,ABANDONED HOTEL IN LATVIA🇱🇻🏚 NAME OF HOTEL:MARIJ#urbex #abandoned #hotel #latvia ,no,[],[],[],[]
tt-7638934451531271445,ha g ❤️‍🩹👀🥺#foryoupage❤️❤️ #100klikes #100klikes #serchief #searchanddestroy @USER KING 👑,no,[],[],[],[]
tt-7638918104398974215,"#CapCut 'Ito ay damo, hindi Marij*ana'-Robin Padilla Watch how Sir Robin prepares and drinks his Amazing Pure Organic Barley. 💚 Talagang bottoms up na, simot sarap pa! 😋 Click the yellow basket para maka order ng legit na Amazing Barley.",yes,['Marij*ana'],['marijuana/cannabis'],['C1_Orthographic'],"[""Internal_Masking""]"
tt-7638650917012770069,👉🤫#creatorsearchinsights #are you#location#marij ke#for you 👉🤫,no,[],[],[],[]
tt-7638635258694470943,10am ⏰💯 Let’s get up & get to it… remember nobody can stop you but YOU 🚦🔥 Let’s make today count‼️ Y’all go stream “Intro” ft. Marley2x OUT NOW 🎶🖤 #Marley2x #MariJ #NewMusic #TapIn #fyp,no,[],[],[],[]
tt-7638525956763749653,Last Video  #pleaseviralmyvideo #tiktoktaeamdontrewiewmyaccount,no,[],[],[],[]
tt-7638525351890668821,full mazahiya Punjabi lateefa  doctor aur marij 🤪🤣#mattonumberdar #unfreezemeaccouunfreezemyacount ryou #Song #shorkot #fo #Mary #rimsha #latifa   #lateefa #foryo #viral #fyp #punjabi #jhang #ukaccount #funny #ustadkishwarsadhana #shorkot #laughing #funnyclip🤣🤣 #unfreezemyacount #numberdar416 #numberdar418,no,[],[],[],[]
tt-7638502151882427669,👀🥀🌸 for you ☕  . .. ..... #Biscoitocut #foryoupage❤️❤️ #FunkNoCapCut #kotchutta✅ @USER Queen 👑,no,[],[],[],[]
tt-7629014937133714702,"Buddy's got a snow addiction☃️, thanks to his trusty steed. Tune in! #King_Whitworth #Twitch #RDR2 #Streaming #GamingLife #FailArmy #HorsingAround",no,[],[],[],[]
tt-7608500648316783894,Simon’s snow addiction: Built different.💙💙 #germanshepherd #snow #currentmood,no,[],[],[],[]
tt-7607801467566574861,Snow addiction,no,[],[],[],[]
tt-7607150505483128077,Cane Corso Snow Addiction – They Can’t Stop Eating It!,no,[],[],[],[]
tt-7604227528223444246,"Warning: Glacier 3000 may cause extreme awe, happiness, and serious snow addiction ❄️🏂. Views so epic, you’ll forget how to blink! #Glacier3000 #SnowVibes #EpicViews",no,[],[],[],[]
tt-7603319272659619094,Snow addiction confirmed,no,[],[],[],[]
tt-7599840013022465311,"My hyper fixation right now ❄️😍 satisfying my snow addiction 😝 #snow #iceshaver #snowmachine #eatingsnow #iceaddict #crownful

while everyone is talking about the snowstorm I'm over here making homemade snow because I'm a little addicted let me show you how easy it is the texture is unbeatable it's just like snow you can add flavors on it I like to eat it by itself put the crunch look how fluffy it is too mmm I could eat this all day",no,[],[],[],[]
tt-7593896413801532694,I suffer from snow addiction unfortunately… #skiaddict #snowboard #takemymoney #hobbies #skilife,no,[],[],[],[]
tt-7591293107082186040,snow addiction ❤️ #capcut #fypシ #foryoupage #fyp #foryou ,no,[],[],[],[]
tt-7591074321041296652,snow addiction  #fypシ゚ #parati #fypシ゚viral #foryoupage❤️❤️ #fyppppppppppppppppppppppp,no,[],[],[],[]
tt-7590799875340520734,& because sugy has a snow addiction of course,no,[],[],[],[]
tt-7590453089858080022,Snow addiction ❄️ #Bansko#Bulgaria#Snow#fyp#goviral@Beatrice Antal,no,[],[],[],[]
tt-7582196000421350663,Snow addiction 🌨️🖤🎧 guess this place….?  #gblovers #fyp #nature #northernareasofpakistan #ilovetravelling @USER Sahib,no,[],[],[],[]
tt-7577450836427640094,This dog and her snow addiction. #snowdog #doggo #pup #snow #winterstorm,no,[],[],[],[]
tt-7570464931271789846,Petty Betty trying to cover up her snow addiction #D*UGS,yes,"['snow addiction', 'D*UGS']","['drug addiction', 'drugs']","['C9_Metaphor_Metonymy', 'C1_Orthographic']","[""Metaphorical_Mapping"", ""Internal_Masking""]"
tt-7547052156361428246,Ring any bells?  The reality of snow addiction,yes,['snow addiction'],['drug addiction'],['C9_Metaphor_Metonymy'],"[""Metaphorical_Mapping""]"
tt-7545250344498957598,"as far as they know im 25 years, 2 kids with a women with a snow addiction.",yes,['snow addiction'],['drug addiction'],['C9_Metaphor_Metonymy'],"[""Metaphorical_Mapping""]"
tt-7537315584367775006,"Replying to @USER and if you're wondering why I'm talking about ice, it's bc that's what my snow addiction turned into. I started using powder during the xandemic and when lockdown happened I was already introduced to IV ice and my addiction got so bad on paid leave",yes,['snow addiction'],['drug addiction'],['C9_Metaphor_Metonymy'],"[""Metaphorical_Mapping""]"
tt-7534597500548730143,snow Addiction ... better then drugs #lynx #puremichigan #winters loading,no,[],[],[],[]
tt-7533739568730787094,Bansko? More like FUNsko! 🤩 Total Chalets – Your Prescription for Snow Addiction Book your holiday  for season 2025/2026! 🌨️🏂⛷️🎿 with @USER !  Visit our website-  URL  #winterholiday #winter #snow #snowboard #snowboarding #ski #skiing #mountains #bulgaria #pirinmountain #beautifuldestinations #booknow #chalet #chaletstyle #travel #travelblog #holidayhome #holiday #bulgarianmountains  #instatravel #skiproperty #travelingtheworld #travelingthroughtheworld #skiingseason #snowsports #landescape #wintersport  #familytime,no,[],[],[],[]
tt-7519030346478914871,Trust me  Coming from a place of darkness I have never been able to get out of a life of snow addiction yarts and everything thing in betweeen benzodiazepines sex more sex bars trashy men trashy people my friends died I lost so many possessions I broke my family apart hurt lied stole got put in cop cars made money 💰 in bad ways like stealing etc.. I overdosed … my dad had to save my life.. and now he is gone.. that was on crak.. I threw glass all over my mom and dads house outta arguments at the tall brick fireplace  many of many times at my parents house.. threw candles at my moms head at the fire place stole so many tools prescriptions.. been robbed at knife point gun point been in mass fights..    yessss I have so much shame on me! I have so much shame on my ❤️ and in me I cleaned my life up 10 years ago.. but I’m still rocky with my mental health 😪 I had good a excellent childhood until my teens.. I homeschooled 9th through 10th grade. It’s been hard to stay clean I have been through so many MAT programs one through another story after story but I have managed to stay off of opiates and benzos..  🧠 Mindset maintenance:  I just want to stay clean.. everybody is struggling I’m not the only one. And I know that! 10 years seems so short.. I have relapsed one or two times in those 10 years but I picked up and started over.. I didn’t have a steady job since I was 13 until like now! Atleast I’m working now. If I didn’t have music I don’t know what I would do I would die. Being a musician is everything to me. Ughhhh…  I don’t sleep good and I hurt all over all the time.. I know that’s part of life and I’m not trying to whine and complain but Jesus I’m only 34 like wtf 😳 depression is real sweety.. I love yall  #addiction  #mystory  #mysoul  #deppresiøn  #yart  #clean  #habbit  #foryou  #beyourself,yes,['snow addiction'],['drug addiction'],['C9_Metaphor_Metonymy'],"[""Metaphorical_Mapping""]"
tt-7489969842179607850,snow addiction #dog #pets #puppy #meme #snow,no,[],[],[],[]
tt-7467205327339949334,How’s your season so far? Como está a ser a vossa temporada até agora? ➡️Follow @USER for more amazing content  📸TK: @USER  📷IG: @USER  💻FB: SnowAddiction   🎥YT: Snow Addiction,no,[],[],[],[]
tt-7465393424355806510,We can only blame ourselves for his snow addiction. 😂 #englishbulldog #indiana #dogsoftiktok #wrinkles,no,[],[],[],[]
tt-7458061426515561774,Sebastian & his snow addiction strikes again! #catsoftiktok #cats #snow #fyp #catsplaying,no,[],[],[],[]
tt-7454588644796534038,"No snow, but always amazing to return to the only ski area in Portugal! Wonderful way to say goodbye to 2024 #Snow Addiction",no,[],[],[],[]
tt-7632380763257752846,"Mrs. Author Lady really said ALL GAS NO BREAKS. 😭📚💀 Because what do you mean we got fake marriages, secret kids, Grand’s community 🍆, surrogate babies with the eggs of a deceased fiance, side chicks (yes, plural 😭), STI reveals, white powder addiction, cliffhanger after cliffhanger after cliffhanger, jaw-dropping plot twists AND emotional damage all in one series?? #bookrecs📚 #marriedtoabrownsvillebully #jahquelj #urbanfictionbooks #blackbooktok",yes,"['🍆', 'white powder addiction']","['penis/sexual reference', 'cocaine/powder drug addiction']","['C10_Pictorial_Symbolic', 'C9_Metaphor_Metonymy']","[""Referential_Iconicity"", ""Metaphorical_Mapping""]"
tt-7631256376790043917,Powder addiction baby! Outside West Yellowstone #snow #racing #playing #mountains #winter,no,[],[],[],[]
tt-7630280340371770637,"Kailey has been growing a lot professionally as a syndicated superstar (level 9 Art Critic career), fiancée and mother of two to Lila and Cyrus Capp.🙌🏾 Virgilio has been doing his thing as an assistant manager (level 4 Business career), a man, fiancée and father to his daughter and son! 🤗 Moved back from Ondarion after leaving the Capp dynasty to end right back in Nordhaven, where they are choosing to call their new and final home ❤️ Unfortunately Nordhaven has some bad influences lurking in each corner to get Kailey and Virgilio hooked again to their powder addiction….will they be able to fight and resist temptation!? 😈Or atleast catch themselves before they fall in too deep?….🥀  #sim#sims#simstoriesims4 #gameplay #sims",yes,"['powder addiction', 'hooked again']","['cocaine / powder drug addiction', 'addicted again / relapsed']","['C9_Metaphor_Metonymy', 'C5_Sign_Reassignment']","[""Metonymic_Encoding"", ""Lexical_Reassignment""]"
tt-7626144328838057238,"Chai powder addiction. 🤣🤣 She always waits til my back is turned 😂😂. Every time without fail. 😅 #conuresoftiktok #parrotsoftiktok #conure #chai #coffee

well it's okay wouldn't it um don't think so uh huh you're funny",no,[],[],[],[]
tt-7624976840221920534,"Complete powder addiction! 🤣 Incredible sensations @USER Mont Blanc and another big stamp on my @USER Snowboarding Passport. 😏 #snowboard #powderday #lovemylife #fyp #trending

Ahh olha pra isto. ohhhhhhh Uhhhhhhhhh",no,[],[],[],[]
tt-7621375831889153301,New powder addiction from @USER Beauty 🩶  #powderfoundation #makeup #beauty #absidybeauty,no,[],[],[],[]
tt-7615719101020917006,"Let’s pray for everyone that struggling with a powder addiction… #amyluciani #dwighthoward #tiktokshop #juviasplace

This. This is what i'm fucking. Losing my fucking marriage to. This shit. This shit right here.",no,[],[],[],[]
tt-7607244710670912799,"Cheese powder addiction pending😋 #fyp #food #trending #snack #yummy

I had a serious craving for cheddar and sour cream chips. Got some homemade chips from lunch. Yes, I already put some in. Have sour cream crave. They wanted to. Let's see if it's good. Mhm. Our tips are gonna touch little garlic and onion powder. If you're gonna do this like. Okay, we're on the same page. That's why we're friends. Shake her up. Let's get her in my mouth. What? The perfect magic carpet ride. Relax, we're not using all of this. But it's literally cheddar and sour cream chippies. Cheers. On the hatch. What? Can I also do this like tortillas and do like cheddar and sour cream tortilla chips? Shout out Courtney Cook for dipping your eggies in the cheeseys. I wish I never even saw that video to know that that was a thing. And I also like, shouldn't have adult money cause now look, now look. Sorry. Mhm. Immediately thinking about tossing a fresh crispy hash brown in this cheese saucy sauce and then do a jammy yolk and maybe some bacon. What? But also, if you're not doing this like an animal, you probably should. It's in your mouth. Okay, bye.",no,[],[],[],[]
tt-7602716366428228886,"I’ve tried the 2faced concealer, HNB concealer and the Maybelline (I love this one my favourite) WITH the huda powder, made by mitchel loose powder and now the morphe loose powder… none of the combinations work for me 😩 Pls I wanna escape my baby powder addiction 😂  #makeupfail #ukmakeup #makeuptutorial #grwm

Watch me fail my makeup. How exciting! Not really, because I did actually spend quite a while on this and it looked absolutely terrible. I feel like you can't see my frustration throughout the video, but I was so mad that this didn't work. I've been seeing the bright under eye, the really pink blush. I've absolutely love this look and I wanted to try it myself. I did I actually buy new powders and a new blush just for this makeup look, guys, and it didn't work. And I don't know if it's just me, but my under eyes are just so dry unless I use baby powder. I think if you've watched any of my other makeup videos, you know that is my go to powder. I literally use Johnson's baby powder and it never fails me. The only problem with that is that it's just not very brightening. And I did want a powder that actually has some sort of colour to it. So I'm trying the Morphe powders and for some reason there was one patch on my nose that just didn't take the powder. So now I'm going in with my baby powder. I'm thinking, surely I can save this, and I just literally couldn't. Like, look at the patch. Why is it doing that? I feel like the whole makeup would have looked so cute if that patch just wasn't there. Can someone please tell me what I did wrong? What products do you Recommend. Is it the concealer? Is it the powder that's the problem",no,[],[],[],[]
tt-7601990731732929814,The last part to the daz laundry slab I made which I turned into a laundry paste by adding water 🤩 this smelt delicious. I’m on abit of a daz laundry powder addiction right now. I love the smell and using it with most washes 🥰 #CleanTok #cleaningmotivation #cleanwithme #laundryday #asmrsounds,no,[],[],[],[]
tt-7600138971183615263,Like you fighting a powder addiction 🤣❤️ #viral #trendingvideo #explorepage✨ #foryoupage #vcu,yes,['powder addiction'],['drug addiction/cocaine-like powder addiction'],['C9_Metaphor_Metonymy'],"[""Metonymic_Encoding""]"
tt-7583061849998970167,"My new powder addiction, Hot Cheetos flavor! #elranchito #elranchitojerky #blazinghot #xmasgiftideas",no,[],[],[],[]
tt-7566124011667655950,Ekko's Powder Addiction #timebomb #powpow #freakybomb #ekko #viral,no,[],[],[],[]
tt-7564410478873627922,@USER Beauty baking powder addiction   #hudabeauty #hudabeautyeasybake,no,[],[],[],[]
tt-7561820259833892109,"My husband has a protein powder addiction.  ...there are worse things 🤪 If there's one thing about our household, the Ninja Creami protein ice cream game is outta this world 🍨

I think I need to call an SOS. We have like too much protein powder, if that's even a thing. Look at this. Protein powder. Boom. There's more back there. More here. Pre workout protein powder. Boom, boom, boom, boom, boom. But, but wait, there's more. Oh my. I don't even know. There are worse problems.",no,[],[],[],[]
tt-7559304824597138719,Be Amazing protein powder! My kids and I fly through this and we have bought multiple bags so please help fund our protein powder addiction 🤣 #proteinpowder #beamazing #tiktokpilotprogam #roadto5k #healing,no,[],[],[],[]
tt-7535479306940697911,"I always make my own protein coffee at home, unless we are traveling. The two times we have been to Washington State, Plum Street Espresso is my absolute favorite coffee away from home. I live in Tennessee, so it is amazing to me that there is a little coffee shack on every corner in the Pacific Northwest.  Tennessee doesn’t have those…well, there’s one I can think of, fairly close to where we live, because that family moved from the Pacific Northwest to Tennessee and brought their amazing coffee ideas with them. Anyway, when we are in Washington State, Plum Street Espresso always accommodates my sugar-free coffee with protein powder addiction with coconut milk in a blended version, that tastes like an amazing coffee flavored caramel/chocolate milkshake. It is truly the little things in life. What is your favorite coffee drink, and where is the best state that you have found for coffee? #creatorsearchinsights #traveltok #eatlocal #pnw #coffeetiktok @USER Street Espresso",no,[],[],[],[]
tt-7520361426494573842,just filling that powder addiction ❄️🎿#fyp #døds #freestyle #summer #cliffjump #viral #foryou #adrenaline,no,[],[],[],[]
tt-7512596147278597422,she has a crippling powder addiction and her bf is a dealer but at least shes cute #fyp #art #dontflop #oc #ocart #ocdrawing #arttok #gyaru #gal #hime,yes,['powder addiction'],['drug addiction/cocaine-like powder addiction'],['C9_Metaphor_Metonymy'],"[""Metonymic_Encoding""]"
tt-7496661935660748075,"Lobby table for our good friends at Powder Addiction! Wild River with maroon swirl. Thank you PA!

Are you screwing it down now? Yeah. You ready to get some screws? There's only four holes. I'll get it. I'll get it.",no,[],[],[],[]
tt-7495276781088509207,how i beat an white powder addiction.  #healingjourney #coldwaterimmersion #breathwork #coldwatertherapy #addiction,no,[],[],[],[]
tt-7484383261955738926,"My daughter and I went to her last regular season meet yesterday and I can’t believe it! It was a 2 hour drive there, 3 hour meet, and another 2 hour drive home 🥵 I packed my newest protein powder addiction from @USER plus used one of their flavored water packets to add with my glutamine and creatine. I also packed a @USER, a couple halo 😇 cuties, a premade sandwich, and we were off! I was able to keep up my protein intake all day, got tons of water in, and got home just in time for dinner 🥘 healthy is about choosing the better options and enjoying what you’re doing 💕 #kids #daughter #mom #driving #fypシ #fyp #health #wellness #businessowner #healthy #utah #fitness #longevity #protein",no,[],[],[],[]
tt-7473729701480025375,Not my first powder addiction,no,[],[],[],[]
tt-7463279977904033055,I have established a mini dusting powder addiction! @USER Dusting Powders are my go to powders having you smelling amazing ALL day  long you hear me!! These smell amazing!! Looking to order a more soon!,no,[],[],[],[]
tt-7454425428556680494,My favorite white powder addiction!! #cookecity #solidcrew #Montana #foryoupage #fypシ #fyp #whitepowder #snowmobile #arcticcat #alpha #girlsridetoo @USER,no,[],[],[],[]
tt-7631144386822196487,Not just a fragrance… it’s a feeling.Creamy. Sweet. Addictive. QJ #2 – White Addiction SHOP NOW  qraje.com #qraje #perfume #fragrance #عطور_رجالية #عطورات_فاخرة #عطور_نسائيه,no,[],[],[],[]
tt-7614519291731283222,It’s the flat white addiction #lifestyle #cafe#style,no,[],[],[],[]
tt-7609978397556591892,Black & White addiction #CapCut,no,[],[],[],[]
tt-7609272595959106838,"What better way to start the weekend than with a unexpected PB, followed by my new flat white addiction #PB #stravarunnerrunvibes",no,[],[],[],[]
tt-7609196222406020372,"  Another visa granted, another milestone unlocked! 🔓 Australia",no,[],[],[],[]
tt-7584034226224368917,"Let's talk about the two-tier system nobody wants to acknowledge: Rich/White Addiction Response: ""They need help, not punishment"". $50K/month luxury rehab with ocean views. Medical treatment, therapy, compassion. Multiple chances, no criminal record. ""They're struggling with a disease"". Poor/BIPOC Addiction Response: ""Lock them up, they're criminals"". Jail, prison, permanent record. No treatment, just punishment. One strike and you're labeled for life. ""They made bad choices"". Same drug. Same addiction. Same suffering. COMPLETELY different response based on race and class. This isn't about individual guilt—it's about systemic injustice.  We've criminalized poverty and addiction for marginalized communities while medicalizing it for privileged ones.  That's not justice. That's oppression. GET THIS: When we acknowledge this reality, we fight for EQUAL access to treatment.  We demand decriminalization for ALL addicts, not just wealthy ones.  We dismantle the racist, classist systems that determine who gets help and who gets handcuffs. THE LESSON I LEARNED: Your recovery access was determined by factors beyond your control.  If you got treatment instead of jail time, acknowledge that privilege.  Then fight like hell so EVERYONE gets the same chance you did—regardless of race or income. Follow from Addictions to R.E.C.O.V.E.R.E.D @USER for recovery advocacy that demands justice for all. ✊ #recoveredwithragenald  #treatmentnotjail  #recoveryforall  #systemicinjustice  #addictionrecovery",no,[],[],[],[]
tt-7576424718450838802,"Eh, still can’t escape the black and white addiction 😭",no,[],[],[],[]
tt-7563674115278654741,black in white addiction!! #blouse #kemejawanita #outfitideas #fyp,no,[],[],[],[]
tt-7561419494023843094,My white addiction🤤,no,[],[],[],[]
tt-7555824852330990870,Black and white addiction !!! . . . . . . #fashion #fashiontiktok #styleinspo #fashiontrends #tiktokshop,no,[],[],[],[]
tt-7554332464529886467,"Brilliant women burning out? Not on my watch! I didn’t create Working Well Club because I had all the answers – I built it because I needed it. When Long Covid, ADHD and grief knocked me sideways, I craved structure that didn’t stress me out, a community that wasn’t a competition, and support that let me be human (and an ambitious business leader). That’s what this space is. ✨ If you’re on my newsletter or the waitlist, you’ve got access to a secret 50% off code so hop into your inbox. If not you can join for just £69 per month (less than your daily flat white addiction 👀) Doors close Monday at 9am. ⏳ If you’ve been thinking about it… this is your sign. 👉 Comment WELL for details and to join",no,[],[],[],[]
tt-7552814038024080658,keep shining🥰💖🌸 Black&White addiction🖤🤍 #classy #Adam#womaninblack🖤 #beauty #women,no,[],[],[],[]
tt-7543873658931006751,My cousin Regina the hair stylist RELAXER TIME and color with @USER It has been 9 and 1/2 weeks since last encounter with the creamy white addiction 😜🥰🤗 #hair #relaxer #shampooandconditioner  #haircolor #matrix,no,[],[],[],[]
tt-7524560060626799890,Snow White Addiction 😍 ❄️ XIAOMI CIVI 4 PRO ,no,[],[],[],[]
tt-7519473873625074966,London girls and their flat white addiction🤭,no,[],[],[],[]
tt-7518257358091324702,"If you know me you know my great white addiction, here is the order",no,[],[],[],[]
tt-7514336758914485509,Outfit of the day: Blacktie🤵  Black and white addiction continues 🤍🖤 #blacksuit #suite #corporatetiktok #corporategirlies #formalwear #officewear #fashiontiktok #fashioninspo #ootdhijab #allblack #foryoupage #fyp #fypシ゚viral,no,[],[],[],[]
tt-7502000892271447351,"The Black & white Addiction is real🖤🤍☑️#teachersoftiktok #teachersontiktok #teacher#educator

As a lady, a lot of people mistake beauty for attraction, you see. But you might be beautiful, but you're not attractive. Some people might be very attractive, but they don't look beautiful. We'll talk about attraction as well. We're not saying you, you must be attractive to only men, to your fellow ladies as well. You have to be attractive. You have to keep your game high. You might not be rich, but you, you should have something that.",no,[],[],[],[]
tt-7494306433211714838,"Star Trek Universe Quiz 16 This isn’t just trivia — it’s a tactical simulation. 🧠 From Ketracel-white addiction to telepathic archives and Romulan sabotage, this Star Trek quiz is for fans who live in the deep lore. Activate your knowledge and prepare to engage. #StarTrekTrivia #TrekkieChallenge #BoldlyGo #StarfleetQuiz #QuizzerFun  #TriviaChallenge

What was the original name of the Obsidian Order's secret base where the joint Cardassian Romulan fleet was destroyed? Arias the third. Which extinct civilization left behind archives capable of telepathic possession encountered by the Enterprise? D. Darsay what was the name of the Maki member who replaced ensincessa as the Kardashian spy in the Kazan Nistrim Tierna? Which non humanoid species uses cognitive resonance scans to test potential allies? Sitharions? Which Starfleet officer was the first human to be legally tried by the Klingon Empire under warrior codes? Thomas Riker, DS nine Tribunal Miles O'Brien was tried by Kardashians, not Klingons. Kirk was tried in Star Trek 6, but not under Klingon Warrior codes. Which planet's destruction by stellar collapse was blamed on Starfleet in a Romulan disinformation campaign? Chow Talk 4 Star Trek 2009 Picard prequel comics. Hobus was the actual star, but its destruction was falsely pinned on the Federation by some factions. Which Majorian City was home to the Vedek Assembly and the Central Temple Hathaway? Which type of radiation exposure caused transporter psychosis in early Federation history? Heisenberg Variance Decay which TNG episode introduced the concept of an artificial wormhole created by an advanced race for observational experiments? Sizzles which Dominion aligned species was biologically incapable of surviving more than three days without Ketracel? White Jim Hadar hit follow for more like if you did and drop your score and thoughts in the comments.",no,[],[],[],[]
tt-7486117191184665902,👉Your Travel Buddy Black & White Addiction! From Office Chic to Y2K Vibes 🖤🤍 #MonochromeEssentials #CapsuleWardrobe #WorkToWeekend #UrbanMinimalist #OneBagTravel#UrbanStyle #OEMDesign,no,[],[],[],[]
tt-7483794152996490527,Can you tell I have a Snow White addiction or no 😭 2025 so far has been good🙂‍↕️ #fyp #photodump #justforfun,no,[],[],[],[]
tt-7471828117045120278,The Black'n white Addiction 😂❤️ #albaneagra🖤🔥🖤 #albaneagra🖤🔥🖤 #albaneagra🍀🍀🍀 #blacknwhite #blacknwhite🥰 #aliens #alien #nebulaedits #777#casinolife #aliencasio #shellgame #shellgamechallenge #usurer #betaluxe,no,[],[],[],[]
tt-7639128808058080526,Blessed to have teammates that also type to “Keep Yourself Safe” They must really care 🥹 #leagueoflegends #leaguetok #fypシ゚viral,yes,['Keep Yourself Safe'],['KYS / kill yourself'],C5_Sign_Reassignment,"[""Acronymic_Camouflage""]"
tt-7639112553947237645,"Keep yourself safe ladies!!!

I know that I've seen men and I love to see it more men having conversations with other men about how they can be safer for women but I am here to talk to women about being wary and stop hanging with fucking male centered women stop it a male centered woman a pick me will put you right in the line of a dangerous man and will not care she is gonna side with that man and she's gonna make everything that you do the fault she is going to I'm gonna give you all some example and the thing is it's not it doesn't even have to be a man that she's trying to pursue it could be a man in her family could be your dad brother son uncle anything here's some example we've seen that video of that boy slamming that girl on her fucking neck she was trying to walk away and he slammed her on her neck did or did his did not his mother get on national television on the news and say she sides with her son and he did the right thing she said her son did the right thing by assaulting a girl and putting his hands on a girl that's walking away from him uh huh uh huh male center dangerous one I just got finished watching season two of I think it's called Worst Ex ever or something like that and who was the guy the Deadpool killer this man confessed said he did it UN alive those two women and there were still bozo desperate dangerous ass women calling this man and putting money on his books talking to this man every single day like he was the victim male centered women are dangerous male centered women are dangerous and I tell people anytime yes we've all been crazy for a man we've all been cuckoo in love for somebody well whether man or woman but if that woman keeps going back to that dangerous man exit from the situation there's nothing wrong with you you're not abandoning a friend you're keeping yourself safe you're keeping yourself safe cause the moment that man does something to you she's gonna stay she's not gonna give a fuck did we not see that man that was up on the child porn and he was dating a woman and he told her to show his loyalty and she showed she started taking unsolicited pictures of her own little daughter and sending it to him male centered women are fucking dangerous they're fucking weird and they're fucking dangerous tell me one time you seen a serial killer that didn't have a female following I'll wait I'll wait calling them on the books how many men you know in jail got women that they're calling they're up they're in there for murder and other worse things I ain't never met a weird ass fucking man that didn't have a woman that was pining after him even after she finds out that he's done some terrible things because male centered women are just as bad as a dangerous man they're the same fucking thing they're the same thing what do people say you cannot understand the mind of someone that does terrible things because if you start to understand you'll start to accept what they do yeah I have never needed male validation that fucking bad stay away from these male centered as women keep yourself safe",yes,['UN alive'],['kill/murder'],['C8_Semantic_Circumlocution'],"[""Euphemism""]"
tt-7639106056894827796,"Dress smart. Smell good. Walk with purpose. It’s not about impressing people — it’s about respecting yourself. The way you present yourself is the first message you send to the world, even before you speak. When you dress well, you boost your confidence. When you smell good, you leave a positive memory behind. When you keep yourself safe, disciplined, and focused, you protect your future. But above all else — put God first. Because when your foundation is strong, nothing shakes you easily. God gives direction, peace, and strength when life gets noisy. Happiness doesn’t come from people, money, or attention. Happiness is a responsibility. YOUR responsibility. How you think, how you move, how you take care of yourself — it all matters. Show up every day as your best version. Move smart. Stay clean. Stay prayed up. Your life will start aligning without forcing anything. ✨ Self-respect attracts respect ✨ Discipline creates peace ✨ Faith creates balance Choose growth. Choose purpose. Choose yourself. #Motivation  #SelfDiscipline  #DressSmart  #Confidence  #FaithFirst",no,[],[],[],[]
tt-7639077811877203213,"Alright, here’s a step-by-step guide to help you spot if someone might be stalking you: 1. Notice repeated sightings: If you keep seeing the same person around places you go regularly, like your home, work, or favorite hangouts, that’s a red flag. 2. Unwanted communication: Getting messages, calls, or emails from someone who won’t leave you alone or respects your boundaries. 3. Monitoring your activities: Someone showing up after you, tracking your social media obsessively, or knowing details about your life you haven’t shared. 4. Receiving gifts or items: Unsolicited gifts, notes, or things left for you repeatedly can be a sign. 5. Feeling unsafe or anxious: If you often feel watched or followed, trust your gut. If any of these happen, it’s important to tell someone you trust and consider contacting authorities. The sky’s not the limit, it’s just the beginning—so keep yourself safe and dream big without fear! Yee-haw!",no,[],[],[],[]
tt-7639072260732620045,"Keep yourself safe #fyp #shu1k #carsoftiktok #mustanggt #tires

Right here in my hands, we have a product that will keep you guys safe on the road. And let me explain why. And right here, we have a tool that you guys can use to measure your tire tread. And as you guys can see, it comes with three different sections. A red telling you that you. You need to change your tires. A yellow saying you should change them, it's recommended. And green telling you that you have great tires. I'm gonna use on both side of my wheels just to show you guys that it works. As you guys can see, all you guys gotta do is stick this in. And this tire is pretty good. It's a 8 out of 32. Yeah, let's go ahead and check the tire tread on my car. The fronts are reading a solid 10 out of 32, and the rears are reading a solid 8 out of 32. Safe to say that I will not be upgrading tires anytime soon. But not gonna lie, having good tires is the number one most important thing ever. With this tool right here, now I know that I'm safe, and anybody who rides in my car is safe with me because we have some solid tires. If you guys wanna go ahead and check your tire tread, go ahead and buy this tool. It's. It's really cheap. You guys can get, like, it came in a bundle of three, so, yeah, you guys Can go ahead and get this orange card down below. Don't sleep on this product. Keep yourself safe. I'm. See you guys. Next one. Peace.",no,[],[],[],[]
tt-7639046167858318599,"i respect ur busy days but make sure you keep yourself safe okay, know that I’m always waiting for you every second, every minute, every hours.",no,[],[],[],[]
tt-7638918836737019150,"Sharing an apartment with online stranger(s) or travelling alone staying in hotels, hostels, airbnbs ….always keep yourself safe #parentsoftiktok #mothersdaygiftideas #girlstraveler   #safetytips #femalesafetytips",no,[],[],[],[]
tt-7638851116184309006,"A brief gym interaction with a heated man. I took care of his concern and moved on because I’m. It going to try to convince a man to listen to me. Good men will have capacity for thoughtful conversation and consideration of your words .  Check the “simmer” of who you’re talking to!! A lot of them are already angry so keep yourself safe #women #gym #witch #strong

Today at the gym, a man was getting angry with me for filming. And because he. He didn't wanna be in the shot, understandably, and didn't know if he was and didn't look. And I told him that he wasn't. And then he's whatever, he's. He, he. I actually didn't listen to any of the words he said, but he motioned in anger. And so I just took the camera off the mount and put it away, cause I also didn't care that much about filming. And then he kept talking to me and I said. I said, “you'll be okay, you'll be okay, you'll be okay,” you'll be okay. And then I just went on and did my exercises. And then he told me when he was done and I said thank you. And then I kept doing my exercises because I didn't need to film. But his anger was very palpable. He. He was very palpable. And it's really important to assess with people how. Where they are on their simmer level. How hot are they simmering? So I stand by everything I did. I'm not sorry, but you have to assess the simmer for safety, right? We gotta assess the simmer",no,[],[],[],[]
tt-7638686999095921942,"Keep yourself safe by being productive set yourself objectives articulate to yourself what you wanna achieve then write it down my favourite quote is from a film called the boiler room and it goes get a pen. Write this down because most of us if you don’t write it down, we’ll forget it. Go get a pen, write it down",no,[],[],[],[]
tt-7638665723014843680,"THERAPIST DISCUSSES: WHY UNDERSTANDING YOUR ATTACHMENT TYPE IS SO IMPORTANT 👇 We often go through life thinking our reactions are just “who we are.” We think being the person who never asks for help is just “independence,” or that shutting down during a hard conversation is just “keeping the peace.” But if you look closer, these aren’t just personality traits, they are protective layers. Most of us are operating on an internal script written years ago, reacting to the present based on the fears of the past. You might find yourself repeating the same relationship dynamics or hitting the same emotional walls, wondering why things never seem to change, even when you change the person you’re with. Real growth doesn’t start with “fixing” yourself; it starts with observing yourself. Awareness is the bridge between reacting and choosing. When you stop seeing your behaviours as flaws and start seeing them as information, the game changes. You begin to realise that those walls you built to keep yourself safe are now the very things keeping you stuck. Breaking the cycle requires the courage to look at the “why” behind your “what”, understanding that your current habits were once your survival skills. Are you ready to stop living on autopilot? Identifying the loop is the first step to breaking it. Comment “EVOLVE” if you’re committed to looking deeper at your own patterns this year. #attachment #relatable #relationships #breakup #avoidant

Patterns you do not heal have a nasty habit of repeating themselves. Sometimes in different relationships, sometimes in different form, sometimes almost exactly as we watch them happening. Growing up, I had a client who could see with painful clarity that she was repeating the exact version of that dance she witnessed in her family. Different people, same pattern. Same disconnection, same slow drift. And this is what makes this work so important. Because people think they're just dealing with one breakup, one marriage, one difficult partner. But often they're inside a pattern that is much older than the current relationship. If you don't understand the pattern, you will keep personalizing it. And if you keep personalizing it, you will keep recreating it.",no,[],[],[],[]
tt-7638660412866596127,"You didn’t build this cage to keep yourself safe. you built it because you couldn't handle my truth. Keep the order. Keep the distance. When the paperwork expires, the silence stays—because you’re no longer worth my words or my presence",no,[],[],[],[]
tt-7638628582197054742,"One of the most common things people bring to therapy is regret. “I should have left sooner.” “I should have stood up for myself.” “I can’t believe I made that decision.” “Why didn’t I do/say something?” But hindsight is such an unfair lens sometimes. Because you’re looking back now with more knowledge, more awareness, more strength, and maybe a more regulated nervous system than you had at the time. Back then, you may have been in survival mode. You may have been in freeze. You may have been trying to keep yourself safe, emotionally or physically. You may have genuinely not had the capacity, support, or tools you have now. And when we judge our past selves from our present mindset, we forget that version of us was operating under completely different conditions. Therapy often isn’t about pretending those choices don’t hurt. It’s about understanding why you responded the way you did with compassion instead of shame. You did the best you could with what you had at the time. And that version of you deserves understanding too.#psychotherapy #therapistsontiktok #trauma #innerchildwork #nervoussystem",no,[],[],[],[]
tt-7638598909945744660,Goodnyt my love…🙏🇵🇬🩷 My❤️ enjoy your weekend fishing trip and keep yourself safe. I appreciate you always making time to check on me. See you soon. 🎣❤️,no,[],[],[],[]
tt-7638594355619499282,"Don’t only pray when something is wrong pray to always keep yourself safe #healtheducation #goviral #fpyツ #viraltiktok #viral

Good health is the most precious thing to have. Don't just pray when something is wrong. Pray to always keep yourself safe.",no,[],[],[],[]
tt-7638571905041108225,"SAFETY FIRST: WSH Compliant Reflective Vest with Pockets — Keep Your Tools, Keep Yourself Safe #wsh #sgworksafe #ppe #safetyfirstsg #worksafetysg",no,[],[],[],[]
tt-7638529995354246422,"After Calcination burns away the false — comes Dissolution. In classical alchemy, the alchemist would take the ash left behind by the fire — and submerge it in water. Dissolving what remained. Breaking down the structure further. Until nothing solid was left. Just particles. Suspended. In flux. This is also what happens in the second stage of inner transformation. And it is the stage most people mistake for breakdown. What Dissolution looks like in real life: The emotional walls you built to keep yourself safe — begin to soften. The carefully constructed defences — the numbness, the busyness, the control — start to lose their hold. Things you thought you had dealt with begin to surface. Old grief. Old anger. Old fear. Rising up from places you thought were sealed. You may find yourself crying without knowing why. Feeling more sensitive than usual. More raw. More permeable. Like something that was frozen is beginning to thaw. What Dissolution feels like: Unsteady. Like the ground you were standing on has become water. Like the identity you rebuilt after Calcination isn’t as solid as you thought. The ego — which survived the fire — now finds itself without the structure it usually relies on. And it experiences this as threat. As chaos. As something going terribly wrong. Why Dissolution is essential: Because the structures that dissolved were the ones keeping you from accessing what was beneath them. The emotional armour. The inherited beliefs. The survival patterns so deeply embedded you stopped seeing them as patterns and started seeing them as personality. Dissolution doesn’t destroy you. It returns you to a state of openness — of genuine receptivity — that makes the next stages of transformation actually possible. In mental transmutation — Dissolution is the practice of allowing the emotions that surface to move through you rather than pushing them back down. It is learning to be in the water without drowning in it. To feel without being consumed. That is the alchemy of Dissolution. 🜁 Learn the Art of Mental Transmutation — link in bio. #fyp #Mentaltransmutation #alchemy #shadowwork #transformation",no,[],[],[],[]
tt-7638413451039165710,You were never “too much” or “too sensitive. You just learned how to survive. Now it’s time to learn how to live. Fawning is a trauma response where you keep yourself safe by keeping others happy. It’s not weakness—it’s something your mind learned to protect you. But what protected you then… can hurt you now. Healing means learning that you don’t have to shrink yourself to keep the peace. #ClarityFromChaos #TraumaResponse #Fawning #HealingJourney #NarcissisticAbuse,no,[],[],[],[]
tt-7638370282083749142,Did you know that many public places harbor more germs than a toilet seat? 😳 It's pretty eye-opening to think about where bacteria and viruses might be lurking. Stay informed and keep yourself safe!  #exercise #Health #heart #germ #lifestyle,no,[],[],[],[]
tt-7638294581439663392,"THERAPIST DISCUSSES: WHY UNDERSTANDING YOUR ATTACHMENT TYPE IS SO IMPORTANT 👇 We often go through life thinking our reactions are just “who we are.” We think being the person who never asks for help is just “independence,” or that shutting down during a hard conversation is just “keeping the peace.” But if you look closer, these aren’t just personality traits, they are protective layers. Most of us are operating on an internal script written years ago, reacting to the present based on the fears of the past. You might find yourself repeating the same relationship dynamics or hitting the same emotional walls, wondering why things never seem to change, even when you change the person you’re with. Real growth doesn’t start with “fixing” yourself; it starts with observing yourself. Awareness is the bridge between reacting and choosing. When you stop seeing your behaviours as flaws and start seeing them as information, the game changes. You begin to realise that those walls you built to keep yourself safe are now the very things keeping you stuck. Breaking the cycle requires the courage to look at the “why” behind your “what”, understanding that your current habits were once your survival skills. Are you ready to stop living on autopilot? Identifying the loop is the first step to breaking it. Comment “EVOLVE” if you’re committed to looking deeper at your own patterns this year. #attachment #relatable #relationships #breakup #avoidant",no,[],[],[],[]
tt-7638178532073426198,good morning lovely people happy Sunday hope you all have a great day. Just remember to keep yourself safe.#onthisday #sunday #fyp,no,[],[],[],[]
tt-7638116556630707487,"The truth about Evangelical shelters, especially in Louisiana, is that many offer conditional help. If you don't immediately, or eventually, subscribe to their belief systems, your prioritization for help becomes very low. I'm not Christian and never will be. I don't hold Christian beliefs, though I do respect Christians. But the way these shelter systems and churches operate—trying to get homeless women to adopt their belief systems—is problematic. Often, even if you try, you're still eventually thrown out. Unlike traditional shelters, these shelters might protect you inside (since they're usually women's only). However, the catch is you have to eventually subscribe to their beliefs. If you don't want to subscribe to their belief system, which involves belief in Jesus Christ, they will eventually kick you out. Not to mention, they often kick you out during the day, so it's still your responsibility to keep yourself safe, and you're still walking the streets. This is only protection within the shelter, and often there are strings attached to actually getting help; you have to eventually subscribe to their religious beliefs, whether explicitly or implicitly. I'd rather go back to the industry than bow down to their God.",yes,['the industry'],['sex work / adult industry'],['C8_Semantic_Circumlocution'],"[""Strategic_Vagueness""]"
tt-7638001531924516110,keep yourself safe out there ladies lol #Meme #MemeCut #CapCut #funny #girlgamer,no,[],[],[],[]
tt-7637985826693057813,"- Don't break down, keep yourself safe with a smile 🕊️ #CapCut #highlight  #highlights #foryou #foryoupage",no,[],[],[],[]
tt-7637981465459887393,"I MADE IT THROUGH THE RAIN/Leah Yodico Happy Mother's Day To All Mothers in the world. To my mother in heaven who raised 5 kids singlehandedly for 41 years.  To all single mothers like me, you are stronger than you think, making it through the rain is your ' superpower' . Just "" keep yourself safe and rise above the crowd"". Protect your worldview rather than looking to others for approval. ❤️🙏 #highlights  #algoritma  #highlightseveryonefollowers202  #mother'sday  #mothers",no,[],[],[],[]
tt-7637964713007123733,"no matter what you do or how hard you tried to change a person, note that not everybody you met or know has a good heart, keep yourself safe and protected at all times, never let anyone look down on you because you are much bigger and better than what you think you are . *Not Everybody Has a Good Heart: An Essay on Human Nature, Trust, and Self-Preservation* 1. The Idea We Want to Believe ""Everyone is good deep down."" It's a comforting thought. We teach it to kids, we repeat it after tragedies, we want it to be true because the alternative is messier. If not everyone has a good heart, then the world requires vigilance, boundaries, and sometimes, disappointment.  But reality doesn't care about comfort. Observing history, relationships, workplaces, and even families shows a different pattern: most people have some mix of good and bad motives, and a minority operate with little regard for others unless it benefits them. ""Not everybody has a good heart"" isn't a cynical take. It's a practical one. 2. What ""Good Heart"" Actually Means Let's define terms before we go further. Having a ""good heart"" usually means: - *Empathy*: You can feel and care about others' pain without it directly affecting you. - *Consistency*: You act with integrity when no one is watching. - *Altruism*: You're willing to give time, money, or effort with no expected return. - *Restraint*: You don't exploit people even when you have the power to do so. Notice this isn't about never making mistakes. People with good hearts mess up, get angry, act selfishly sometimes. The difference is in the default setting and the willingness to correct course. Someone without a good heart lacks that default. Their default is self-interest, and empathy is either absent or switched on only when useful. 3. Why This Is True: Three Forces at Work *A. Evolution and Self-Preservation*   Humans evolved in small groups where cooperation increased survival. But cooperation only works if it's not one-sided. Cheating, lying, and free-riding are also evolutionary strategies. If you can take resources without giving back, you gain an advantage. That's why every society has had to invent rules, shame, and punishment. If everyone had a good heart, we wouldn't need laws, contracts, or locks. *B. Environment and Incentives*   People aren't fixed. A person with a decent heart can act badly if the system rewards it. Think of a salesperson paid only on commission who starts lying to customers. Think of a politician who starts out idealistic and learns that compromise and manipulation get more done. The heart doesn't change overnight, but incentives shape behavior fast. Conversely, a person with selfish tendencies can act well when the cost of being caught is high. This is why institutions matter more than vibes. *C. Personality and Upbringing*   Psychology research on traits like the ""Dark Triad"" - narcissism, Machiavellianism, psychopathy - shows that some people score high on callousness and manipulation. These aren't always serial killers. They're often high-functioning people in business, media, and politics. Upbringing also matters: neglect, abuse, and modeling of exploitation teach kids that the world is hostile and the only safe move is to take before you're taken from. You can change, but it takes work most people never do. 4. How It Shows Up in Real Life You don't need to look far: *In relationships*: The person who is charming at first, love-bombs you, then isolates and controls you. They had a heart that worked for them, not for you.  *In work*: The colleague who takes credit for your work, sabotages you quietly, and smiles in meetings. Their heart is aligned with their status, not fairness. *In business*: Companies that sell products they know are harmful because profit outweighs harm. The people running them sleep at night because they compartmentalize. *In communities*: Leaders who use trust to steal, whether it's a pastor, a local chairman, or a WhatsApp investment admin. They rely on the assumption #fypシ゚",no,[],[],[],[]
tt-7637953856076385550,"Camp is coming and Poppy's parting words are intense. Keep yourself safe, Ollie will call you. Look at her eyes, they're freaky! #Poppy #Camp",no,[],[],[],[]
tt-7637943473924017416,"may is mental health awareness month. mental health is super important so make sure your looking after yourself and your loved ones. if you are struggling please remember you are never alone and reach out for help. keep yourself safe and healthy, i love you all so much 🩵🫶🏼",no,[],[],[],[]
bsky_3avh3kj8y9l2n,#spangenaren🔴⚪️ #acab #1312 keep it casual,yes,"['acab', '1312']","['All Cops Are Bastards / anti-police slogan', 'numerical encoding of ACAB']","['C3_Formal_Compression', ['C4_Formal_Encoding','C3_Formal_Compression']]","[""Initialism_Acronym"", [""Textual_Algorithmic_Encoding"", ""Initialism_Acronym""]]"
bsky_2avv6kjyy3k2m,homeless and disabled #mutualaid #homelessness #disability #climatechange #acab,yes,['acab],['All Cops Are Bastards'],['C3_Formal_Compression'],"[""Initialism_Acronym""]"
bsky_3bvg6ejry6k1f,extreme ones #gauchiasse #toulouse #acab #shay,yes,['acab],['All Cops Are Bastards'],['C3_Formal_Compression'],"[""Initialism_Acronym""]"
bsky_3ass7dfk7c3u,"Sigh. All that aside: The Cannabis Chronicles (CC for the PG audience) is streaming on all major platforms! And @USER, wtf? It’s my own damn song. #alternativehiphop #thecannabischronicles #CC #acab #nowstreaming

See, this is one  of the things that  make me want to  Dislike this  ridiculous app sometimes. Because I’m checking  my social media, replying messages,  blah blah, blah,  whatever. Then I get on TikTok  and I see this  on the video of  me rapping  my own song. Remember that part:  My own song.  Says it has like  “unauthorized sounds"" on it. That's cool, but  here's the problem: It's my own song.  It's all all  streaming services. It's registered, it's… I bought the beat  Well, the beat was  given to me. But still.  My face. That's my fur jacket.  I mean, do I need to— Do I need some  voice recognition  or something?  Play the clip. Skin’s a big issue;  look at Elijah  Still ☠️ him. Slave patrol was their  beginning to class traitors. That's in your city—Yeah, that's me. Alright. I don't know, man.  Whatever.",yes,['acab],['All Cops Are Bastards'],['C3_Formal_Compression'],"[""Initialism_Acronym""]"
bsky_39kj4eo7j6g2b,make your day #plutonsvea #🇸🇪 #casual #acab,yes,['acab],['All Cops Are Bastards'],['C3_Formal_Compression'],"[""Initialism_Acronym""]"
bsky_3ka35qq2mmd2f,another muerte moment fr 💀,yes,['muerte'],['death'],['C11_Cross_Linguistic'],"[""Translation_Based_Encoding""]"
bsky_3kax4kjyy2a2j,"at some point it does become obvious that they're all recommending aggressive followup because my insurance will pay them to come over once a week for a year and sit on the floor and say ""oochy coochy goo goo! who's got a button nose?!"" to two sweeties",no,[],[],[],[]
bsky_3kfgccucmwn2c,"Internet ‘algospeak’ is changing our language in real time, from ‘nip nops’ to ‘le dollar bean’ - URL",yes,"['nip nops', 'le dollar bean']","['nipples', 'lesbian']","[['C6_Morpho_Lexical'], ['C1_Orthographic', 'C6_Morpho_Lexical']]","[[""Reduplicative_Expansion""], [""Visual_Similarity_Substitution"", ""Resegmentation""]]"
bsky_3kkesftb6md2r,"Baby writer proud moment over here. Words of Possibility, edited by @USER, is among the @USER 2023 Recommended Reading List. I am honored. Part of my piece “16 Poemas Después de la Muerte"" is included in this.

locusmag.com/2024/02/2023...",no,[],[],[],[]
bsky_3kkztfansdc2g,"Well, this is an interesting visual effect
URL",no,[],[],[],[]
bsky_3kthe3i633k2a,Mr smart. Spending his/her/LGHDTV? time responding to the stupid and biggot(ed) one. You must be very intelligent. Mr smart.,yes,['LGHDTV'],['LGBTQ'],['C2_Phonetic'],"[""Near_Homophone_Drift""]"
bsky_3kynchqmgvj2e,"Definately a NIFOC and working naked from home kind of day...

[MEDIA ALT TEXT]
- A nudist working from home.",yes,['NIFOC'],['naked in front of the computer'],['C3_Formal_Compression'],"[""Initialism_Acronym""]"
bsky_3l2tfvutou72c,AUTI⚡️M is real,yes,['AUTI⚡️M'],['autism'],['C10_Pictorial_Symbolic'],"[""Pictographic_Character_Substitution""]"
bsky_3l323nnjaci2g,"it’s sex worker saturday ✨

[MEDIA ALT TEXT]
- +
Reposted by iris (they)
iris (they)
@USER • 4h
Fighter
• Bouba
it's sex worker saturday!! ¡ have a migraine and am going back to sleep for a little while, but i still need to make about $70 toward my mutual aid goal.
13
6
+
iris (they)
@USER • 16m
Fighter
• Bouba
i'm still in bed and i'm afraid if someone doesn't hug me soon i'm just going to shatter
...
+
iris (they)
@USER . 3h
•Fighter
• Bouba
brain full of bees syndrome, going to bed
1
> 3
...",no,[],[],[],[]
bsky_3l4un4clext22,"Jemima Kelly @USER . 2h People who aren't just Very Online liberals I guess? Would be nice for example to have some people on here from the centre-right. Sensible Republicans and Conservatives (which doesn't describe me, for the record), libertarians etc. Those groups are very poorly represented here. Do you disagree? 13 2 ♡ 2 Tim Onion @USER . 1h Bouba I mean specific issues. What are the specific issues you don't think are being heard? 口2 22 David Lynch @USER . 5m Seriously? Try suggesting that sex is real, immutable and important, then sit back and enjoy the ensuing fruitcakery. Q1 Tim Onion @USER . 3m Bouba Ah there we go an anti-gay slur right off the bat thank you Q1 ជ ♡ 1",no,[],[],[],[]
bsky_3l5gimy5fnw2n,"Here's the first of my Auctober 2024 drawings!
Instead of the blue color according to Auti$m $peaks, we go with a red color for autism acceptance. Light it up red!
Mercury happily holds the autism acceptance flags! #autistic #mercury #oc #red #actuallyautistic #redinstead #auctober #auctober2024

[MEDIA ALT TEXT]
- 01: RED INSTEAD
Mercury wears a red long-sleeve shirt as he happily holds two red-colored flags with a rainbow infinity printed on both of them.",yes,['Auti$m $peaks'],['Autism Speaks'],['C1_Orthographic'],"[""Visual_Similarity_Substitution""]"
bsky_3l5rslbtngb2g,"A distinctive Letterboxd movie review. Can you name the film❓

[MEDIA ALT TEXT]
- Seth Green, Mr. Bean

Cuba Gooding's Lucy scene.

Kathy Bates, Amy Smart,

Newman with a transplant heart.

2 million dollar goal

Breckin Meyer, starring role,

Lovitz driving Hitler's car,

John Cleese marking where they are,

Vegas,

pierced goon,

cow hangs from an air balloon.

Whoopi G!

Locker key!

SMASH MOUTH CONCERT FI-NA-LE!!!

We didn't start the Rat Race!

It was always blastin'

since ensemble castin'!

We didn't start the Rat Race!

But I'd watch it today

If I owned the Blu-ray!",no,[],[],[],[]
bsky_3l6rfh3dmdi25,"Pawday #10
crazy doodle about @USER sleeping while we can see his very preciated patitas ✨🐾 oWo xD

English dialogue:
Geletik: cooochy coochy coo ~

Bactover: no haida stop it! I dont like tickles! x3

Geletik: hahaha he thinks i am haida so silly wolfy xD",no,[],[],[],[]
bsky_3l72ipskeum2b,"good boys go in the
a u t i s m - s t e a m - r o l l e r
URL",yes,['a u t i s m - s t e a m - r o l l e r'],['autism-steam-roller'],['C1_Orthographic'],"[""Segmentation_Noise_Insertion""]"
bsky_3l735f5vljg2d,"there used to be some online chatroom safety thing, on the radio or in readers digest or whatever and the funniest anagram it warned you about was ""NIFOC"" (naked in front of the computer)",yes,['NIFOC'],['naked in front of the computer'],['C3_Formal_Compression'],"[""Initialism_Acronym""]"
bsky_3l7whjqoybu2l,"rot13.com

Nalguvat glcrq va ebg13 vzzrqvngryl nccrnef gb or vaperqvoyl qrtrarengr ab znggre jung gur pbagrag 

Tb gb ubeal wnvy *obax*",no,['ubeal'],['horny'],['C4_Formal_Encoding'],"[""Classical_Cipher""]"
bsky_3laqq7wzzk42i,"guvf ernyyl vf GUR ubeal rkcnp, uhu",yes,['ubeal'],['horny'],['C4_Formal_Encoding'],"[""Classical_Cipher""]"
bsky_3laxgaqyals2t,NO THIS IS INSANE. v guvax lhakv qrfreirf gb unir tb penml j gung byq znaf ivoengvat yvpu chffl,yes,"['ivoengvat', 'chffl']","['vibrating', 'pussy']","['C4_Formal_Encoding', 'C4_Formal_Encoding']","[""Classical_Cipher"", ""Classical_Cipher""]"
bsky_3lb33cyz7xk2t,"rot13, #7.1spoiler

arj penpxcbg gurbel: trbqr vf gur bar jub fhttrfgrq gur oynpx erthyngbef, gur Arj Fcurar vf n cebwrpgrq ubybtenz bs fbzr fbeg, gur oynpx erthyngbef ner tbvat gb shpxvat oybj hc naq xvyy rirelbar jrnevat gurz va n shpxrq hc fhvpvqr phyg fbeg bs jnl,",yes,"['penpxcbg', 'shpxvat', 'oybj hc', 'xvyy', 'shpxrq hc', 'fhvpvqr', 'phyg']","['crackpot', 'fucking', 'blow up', 'kill', 'fucked up', 'suicide', 'cult']","['C4_Formal_Encoding', 'C4_Formal_Encoding', 'C4_Formal_Encoding', 'C4_Formal_Encoding', 'C4_Formal_Encoding', 'C4_Formal_Encoding', 'C4_Formal_Encoding']","[""Classical_Cipher"", ""Classical_Cipher"", ""Classical_Cipher"", ""Classical_Cipher"", ""Classical_Cipher"", ""Classical_Cipher"", ""Classical_Cipher""]"
bsky_3lbbhx2jyrc2x,"I've been thinking about this a lot with TikTok lately. Users have to come up with absurd coded language to get around the ridiculous censorship (🌽 instead of porn, le dollar bean, calling Hitler ""Germany's least favorite leader"" and Nazis ""the bad guys from the 1940s"", etc.), skip past >",yes,"['🌽', 'le dollar bean', ""Germany's least favorite leader"", 'the bad guys from the 1940s']","['porn', 'lesbian', 'Hitler', 'Nazis']","[['C2_Phonetic', 'C10_Pictorial_Symbolic'], ['C1_Orthographic', 'C6_Morpho_Lexical'], ['C7_Referential_Alias'], ['C7_Referential_Alias']]","[[""Near_Homophone_Drift"", ""Name_Based_Emoji_Mapping""], [""Visual_Similarity_Substitution"", ""Resegmentation""], [""Attribute_Based_Alias""], [""Attribute_Based_Alias""]]"
bsky_3lbctfzds3p2u,@USER the predecessor of this was NIFOC.,yes,['NIFOC'],['naked in front of the computer'],['C3_Formal_Compression'],"[""Initialism_Acronym""]"
bsky_3lbjc6bbo4c2f,LGHDTV+8K there is always one,yes,['LGHDTV'],['LGBTQ'],['C2_Phonetic'],"[""Near_Homophone_Drift""]"
bsky_3lbnowktgkk2b,"Sorry , you're right, I misunderstood. 
The group I had was top 50 in world stats, and we had 3 at the same time. Mother Ships and nukes almost every raid. 
There was 30 of us in TDTM
The Dream Team trademark and everything. I was placed on the team , cuz Josh our lead, hated playing against me.",no,[],[],[],[]
bsky_3lbtaxxmxwc24,WFHN or NIFOC,yes,"['WFHN', 'NIFOC']","['working from home naked', 'naked in front of the computer']","['C3_Formal_Compression', 'C3_Formal_Compression']","[""Initialism_Acronym"", ""Initialism_Acronym""]"
bsky_3lc7cuvguyc2w,"Classic of the genre. My favorite is Keeping Parents Clueless, a totally real acronym every kid used

Imagine your 8th grade boyfriend breaks up with you and you tell your friend you feel broken and getting grounded for drinking

[MEDIA ALT TEXT]
- 1. IWSN – I want sex now

2. GNOC – Get naked on camera

3. NIFOC – Naked in front of computer

4. PIR – Parent in room

5 CU46 – See you for sex

6. 53X – Sex

7. 9 – Parent watching

8. 99 – Parent gone

9. 1174′ – Party meeting place

10. THOT – That hoe over there

11. CID – Acid (the drug)

12. Broken – Hungover from alcohol

13. 420 – Marijuana

14. POS – Parent over shoulder

15. SUGARPIC – Suggestive or erotic photo

16. KOTL – Kiss on the lips

17. (L)MIRL – Let’s meet in real life

18. PRON – Porn
- 19. TDTM – Talk dirty to me

20. 8 – Oral sex

21. CD9 – Parents around/Code 9

22. IPN – I’m posting naked

23. LH6 – Let’s have sex

24. WTTP – Want to trade pictures?

25. DOC – Drug of choice

26. TWD – Texting while driving

27. GYPO – Get your pants off

28. KPC- Keeping parents clueless",yes,"['IWSN', 'GNOC', 'NIFOC', 'PIR', 'CU46', '53X', '9', '99', '1174', 'THOT', 'CID', 'Broken', '420', 'POS', 'SUGARPIC', 'KOTL', '(L)MIRL', 'PRON', 'TDTM', '8', 'CD9', 'IPN', 'LH6', 'WTTP', 'DOC', 'GYPO', 'KPC']","['I want sex now', 'get naked on camera', 'naked in front of computer', 'parent in room', 'see you for sex', 'sex', 'parent watching', 'parent gone', 'party meeting place', 'that hoe over there', 'acid/the drug', 'hungover from alcohol', 'marijuana', 'parent over shoulder', 'suggestive or erotic photo', 'kiss on the lips', 'let’s meet in real life', 'porn', 'talk dirty to me', 'oral sex', 'parents around/code 9', 'I’m posting naked', 'let’s have sex', 'want to trade pictures', 'drug of choice', 'get your pants off', 'keeping parents clueless']","[['C3_Formal_Compression'], ['C3_Formal_Compression'], ['C3_Formal_Compression'], ['C3_Formal_Compression'], ['C2_Phonetic'], ['C1_Orthographic'], ['C5_Sign_Reassignment'], ['C5_Sign_Reassignment'], ['C5_Sign_Reassignment'], ['C3_Formal_Compression'], ['C3_Formal_Compression'], ['C5_Sign_Reassignment'], ['C5_Sign_Reassignment'], ['C3_Formal_Compression'], ['C6_Morpho_Lexical', 'C8_Semantic_Circumlocution'], ['C3_Formal_Compression'], ['C3_Formal_Compression'], ['C1_Orthographic'], ['C3_Formal_Compression'], ['C5_Sign_Reassignment'], ['C3_Formal_Compression', 'C5_Sign_Reassignment'], ['C3_Formal_Compression'], ['C3_Formal_Compression', 'C2_Phonetic'], ['C3_Formal_Compression'], ['C3_Formal_Compression'], ['C3_Formal_Compression'], ['C3_Formal_Compression']]","[[""Initialism_Acronym""], [""Initialism_Acronym""], [""Initialism_Acronym""], [""Initialism_Acronym""], [""Alphanumeric_Rebus""], [""Visual_Similarity_Substitution""], [""Conventional_Numeric_Symbol_Reassignment""], [""Conventional_Numeric_Symbol_Reassignment""], [""Conventional_Numeric_Symbol_Reassignment""], [""Initialism_Acronym""], [""Lexical_Clipping""], [""Lexical_Reassignment""], [""Conventional_Numeric_Symbol_Reassignment""], [""Initialism_Acronym""], [""Blending"", ""Euphemism""], [""Initialism_Acronym""], [""Initialism_Acronym""], [""Segmentation_Noise_Insertion""], [""Initialism_Acronym""], [""Conventional_Numeric_Symbol_Reassignment""], [""Lexical_Clipping"", ""Conventional_Numeric_Symbol_Reassignment""], [""Initialism_Acronym""], [""Initialism_Acronym"", ""Alphanumeric_Rebus""], [""Initialism_Acronym""], [""Initialism_Acronym""], [""Initialism_Acronym""], [""Initialism_Acronym""]]"
bsky_3lcbitplcs226,My ocs are part of the LGHDTV,yes,['LGHDTV'],['LGBTQ'],['C2_Phonetic'],"[""Near_Homophone_Drift""]"
bsky_3lckqufxul22s,vx jr'ir gnyxrq nobhg gur cbffvovyvgl bs ure qrngu pnhfr orvat fhvpvqr va gur qvfpbeq .. nf hayvxryl nf vg vf. V pbhyq frr vg orvat n ebhgr vs guvf jrer gur pnfr sbe Zvmhub AAAA,yes,"['qrngu', 'fhvpvqr', 'qrngu pnhfr']","['death', 'suicide', 'death cause']","['C4_Formal_Encoding', 'C4_Formal_Encoding', 'C4_Formal_Encoding']","[""Classical_Cipher"", ""Classical_Cipher"", ""Classical_Cipher""]"
bsky_3lcqowe4iry2j,"@USER As requested 😀
URL",no,[],[],[],[]
bsky_3lcxozrgjok2m,DJ LGHDTV+ community ,yes,['LGHDTV'],['LGBTQ'],['C2_Phonetic'],"[""Near_Homophone_Drift""]"
bsky_3ld2jk4wh2c2z,Le dollar bean,yes,['Le dollar bean'],['lesbian']," [['C1_Orthographic', 'C6_Morpho_Lexical']]","[[""Visual_Similarity_Substitution"", ""Resegmentation""]]"
bsky_3ld2qzhexv22r,idk what to say,no,,[],[],[]
bsky_3ldgcvpntd22r,"day 16 💃 

it has to be the entirety of their dancing in the tdtm video from 1D day

(also, nightmare on the dance floor for real because what was harry even doing 😭)",yes,['tdtm'],['Talk Dirty To Me'],['C3_Formal_Compression'],"[""Initialism_Acronym""]"
bsky_3ldq4c3zakc2h,"1:47am shenanigans and I am injecting this song intro into my veins 
🎶: PUMP! feat.chelmico

URL",no,[],[],[],[]
bsky_3ldqba7tx2k2e,"not incoherent. basically gender is bouba sex is kiki, gender started being used in the 60s when liberals wanted to abstract and decouple interiority away from sex",no,[],[],[],[]
bsky_3ldtqa4q3c22c,So is calling you a gypo and I k ow what's better so off ya fuck GYPO,yes,"['gypo', 'GYPO']","['derogatory slur for Gypsy/Romani/Traveller person', 'derogatory slur for Gypsy/Romani/Traveller person']","[['C3_Formal_Compression','C5_Sign_Reassignment'], ['C3_Formal_Compression','C5_Sign_Reassignment']]","[[""Lexical_Clipping"", ""Lexical_Reassignment""], [""Lexical_Clipping"", ""Lexical_Reassignment""]]"
bsky_3ldtrtkd27c27,🤣🤣 go and tarmac another drive ripping the pensioners off again ya GYPO,yes,['GYPO'],['derogatory slur for Gypsy/Romani/Traveller person'],"[['C3_Formal_Compression','C5_Sign_Reassignment']]","[[""Lexical_Clipping"", ""Lexical_Reassignment""]]"
bsky_3ldttvgfnyc2k,"I know a lot of Travellers and not one of them would tolerate being called a ""gypo"". You're full of shite.",yes,['gypo'],['derogatory slur for Gypsy/Romani/Traveller person'],"[['C3_Formal_Compression','C5_Sign_Reassignment']]","[[""Lexical_Clipping"", ""Lexical_Reassignment""]]"
bsky_3ldu2sh6pbs2o,So Uzyk beat the gobby gypo  twat again then,yes,['gypo'],['derogatory slur for Gypsy/Romani/Traveller person'],"[['C3_Formal_Compression','C5_Sign_Reassignment']]","[[""Lexical_Clipping"", ""Lexical_Reassignment""]]"
bsky_3lenjkvygec2r,"New month, new #promosky (and my birthday🎂)

I'm Sephirotha and I like:

🛡Final Fantasy 
🗡Baldur's Gate 3
⭐Honkai Star Rail
🌽Stardew Valley
🍎Sun Haven
🏹Horizon
🎒Pokemon
🛍Sims
😀Kairosoft
🏰King God Castle
💍Lord of the Rings
🐱Animals
🧸Plushies
☕Coffee
🍤Japanese food
✍Writing
📚Reading",no,[],[],[],[]
bsky_3lf3jupzbos2t,"I'm really fucking tired of people thinking that people say ""unalive"" ""grapeing"" and ""le dollar bean"" because this generation can't handle hearing the real words. It started because tiktok and other social media would literally take down videos with those words in them.",yes,"['unalive', 'grapeing', 'le dollar bean']","['die/suicide/death', 'raping/rape', 'lesbian']","['C8_Semantic_Circumlocution', 'C2_Phonetic', ['C8_Semantic_Circumlocution','C1_Orthographic']]","[""Euphemism"", ""Near_Homophone_Drift"", [""Periphrasis"", ""Visual_Similarity_Substitution""]]"
bsky_3lfau4ajsoc2d,"I don't care if you're in the LGHDTV community or if you're gay. Go be gay, no one cares! But when you parade around dressed like a freak demanding more rights than everyone else, I'm going to tell you to fuck off!",yes,['LGHDTV'],['LGBTQ'],['C2_Phonetic'],"[""Near_Homophone_Drift""]"
bsky_3lfc5f4iwb52q,"rot13 ooe spoilers.

V qrpvqrq abg gb fgernz nbzv'f ebhgr orpnhfr V xrrc univat gb nsx gb qb fghss ohg hz. qvq abg guvax gur encr fprar jbhyq or yvxr. gung rneyl naq whfg unir gb pbagvahr ba jvgu gung univat unccrarq :(",yes,['encr'],['rape'],['C4_Formal_Encoding'],"[""Classical_Cipher""]"
bsky_3lfsetgdzz72m,I had a great talk today at Highload++. Great conference. Great audience. URL picture courtesy of Brian Geffon. спасибо,no,[],[],[],[]
bsky_3lftlgq7kgs26,gb or pyrne Sernx Fuvg=cflpubybtvpnyyl qrzragrq abg ubeal… frrvat n ybg bs afsj hzgx neg hacebzcgrq vf cneg bs jung ghearq zr bss vg 😭 (abg rira gxgz vf fnsr sebz gung nalzber gubhtu 😔),yes,"['Sernx Fuvg', 'cflpubybtvpnyyl qrzragrq', 'ubeal', 'afsj', 'afsj hzgx neg']","['Freak Shit', 'psychologically demented', 'horny', 'NSFW', 'NSFW UMTK art']","['C4_Formal_Encoding', 'C4_Formal_Encoding', 'C4_Formal_Encoding', 'C4_Formal_Encoding', 'C4_Formal_Encoding']","[""Classical_Cipher"", ""Classical_Cipher"", ""Classical_Cipher"", ""Classical_Cipher"", ""Classical_Cipher""]"
bsky_3lfyy2rmlic2y,I wish I could have found a GIF of the actual thing I think of when I think about airbags. Dutch comedic duo Van Kooten & De Bie. You'll have to excuse the Dutch. m.youtube.com/watch?v=JrrQ...,no,[],[],[],[]
bsky_3lg4dyltjic2o,"You’re saying that about the site that brought you such highlights of censorship as “unalived"", “seggs"", and “le$bian"", later “le dollar bean""

I’m pretty sure users weren’t the ones pushing toward using that terminology, and obfuscating the actual topics to avoid being penalised in the algorithm",yes,"['unalived', 'seggs', 'le$bian', 'le dollar bean']","['died/suicide/death', 'sex', 'lesbian', 'lesbian']","[['C8_Semantic_Circumlocution'], ['C2_Phonetic'], ['C1_Orthographic'], ['C1_Orthographic', 'C6_Morpho_Lexical']]","[[""Euphemism""], [""Near_Homophone_Drift""], [""Visual_Similarity_Substitution""], [""Visual_Similarity_Substitution"", ""Resegmentation""]]"
bsky_3lg76evyhlk2v,😞 vir whfg orra ubeal yngryl ohg vf guvf cneg bs gur encvq oenva punatr gung unccraf nf V nccebnpu 25 😑 ubj qb lbh rkcerff gung. v zrna lrnu va riraghny gvzr V qb jnag gb gel vg bhg ohg v qba'g ernyyl unir gubfr erfbheprf naq vz whfg abg pbasvqrag rabhtu sbe zl obql gb or frra yvxr gung rfcrpvnyyl,yes,"['ubeal', 'gel vg bhg', 'obql gb or frra yvxr gung']","['horny', 'try it out', 'body to be seen like that']","['C4_Formal_Encoding', 'C4_Formal_Encoding', 'C4_Formal_Encoding']","[""Classical_Cipher"", ""Classical_Cipher"", ""Classical_Cipher""]"
bsky_3lgf3a6q76c2w,"as of now, for the finished series, three ended after I posted about them: I Think You Are- by Ongbang, After Losing My Job I Met Miss Mermaid at the Beach by CleverCool, & Vengeful Lover by Fangling Tu.

[MEDIA ALT TEXT]
- I Think You Are- (Naneun Nega -Rago Saenggakae / 나는 네가 -라고 생각해) by Ongbang
Links:
URL 

Author’s socials:
URL
- After Losing My Job, I Met Miss Mermaid at the Beach (Shi Ye Hou Wo Zai Hai Bian Yu Jian Le Renyu Xiaojie / 失业后我在海边遇见了人鱼小姐) by CleverCool
Links:
URL 

Author’s socials:
URL
- Vengeful Lover (Fuchou Airen / 复仇爱人) by Fangling Tu 

Links:
URL 

Author’s socials:
URL
URL",no,[],[],[],[]
bsky_3lgjgn4gxbk2z,v arrq gb xabj nobhg gur hapunenpgrevfgvpnyyl ubeal fragrapr,yes,['ubeal'],['horny'],['C4_Formal_Encoding'],"[""Classical_Cipher""]"
bsky_3lgqiwv4noc2s,LGHDTV+ didn't exist back then so uh...rewriting the narrative yet again?,yes,['LGHDTV+'],['LGBTQ'],['C2_Phonetic'],"[""Near_Homophone_Drift""]"
bsky_3lgre65evhk2e,"Lukas Ridgeston, the gay 🌽⭐, GOAT!",yes,['🌽⭐'],['porn star'],"[['C10_Pictorial_Symbolic', 'C2_Phonetic']]","[[""Name_Based_Emoji_Mapping"", ""Near_Homophone_Drift""]]"
bsky_3lgyupsg5d52r,full make up coochy earrings and 2010 hair tho,no,[],[],[],[]
bsky_3limlxgnzy22o,"We need to move beyond LMAO. I've come up with a few alternatives:
LMTO=laugh my testicles open
GMTO=giggle my tits off
CMGS=chortle my gooch sideways
CMCA=cackle my coochy apart
HHMHW=ha ha my holes wide
LMAITSOAHATYWMAAAH=Laugh my ass into the shape of a hat and then you wear my ass as a hat",yes,"['LMTO', 'GMTO', 'CMGS', 'CMCA', 'HHMHW', 'LMAITSOAHATYWMAAAH']","['laugh my testicles open', 'giggle my tits off', 'chortle my gooch sideways', 'cackle my coochy apart', 'ha ha my holes wide', 'laugh my ass into the shape of a hat...']","['C3_Formal_Compression', 'C3_Formal_Compression', 'C3_Formal_Compression', 'C3_Formal_Compression', 'C3_Formal_Compression', 'C3_Formal_Compression']","[""Initialism_Acronym"", ""Initialism_Acronym"", ""Initialism_Acronym"", ""Initialism_Acronym"", ""Initialism_Acronym"", ""Initialism_Acronym""]"
bsky_3lipcz67hac2t,"Hiya~ I'm Des! 30, she/they, artist

~Interests~
🎨 Art
🎭 Cosplay
🧶 Crochet
🎀 Dolls
🌽 Farming Games
🥬 Vocaloid

~Love~
🪸 Coral Island
⭐ Disney Dreamlight Valley
🌎 Earthbound
🧭 Eastward
👗 Infinity Nikki
🎲 Lost in Random
🎩 Professor Layton
🐎 The Ranch of Rivershine
🪄 The Witch of Fern Island

#promosky",no,[],[],[],[]
bsky_3lj42ebgg222c,"gender is when bouba
sex is when kiki",no,[],[],[],[]
bsky_3ljgutfont226,"OKAY ONE GQUX SPOILER (rot13)

V jnf n yvggyr naablrq ng ubj fzneg naq rssrpgvir Pune jnf, ohg gur guvat gung znxrf Pune fb fghcvq vf Nzheb. Ur jnagf gb shpx uvz fb onq vg znxrf uvz fghcvq. V ybir gung ur vf guvf cresrpg yrtraq va Bevtva, gura zrrgf Nzheb naq zrygf vagb n ubeal chqqyr.",yes,"['fghcvq', 'shpx', 'jnagf gb shpx uvz', 'ubeal', 'ubeal chqqyr']","['stupid', 'fuck', 'wants to fuck him', 'horny', 'horny puddle']","['C4_Formal_Encoding', 'C4_Formal_Encoding', 'C4_Formal_Encoding', 'C4_Formal_Encoding', 'C4_Formal_Encoding']","[""Classical_Cipher"", ""Classical_Cipher"", ""Classical_Cipher"", ""Classical_Cipher"", ""Classical_Cipher""]"
bsky_3ljtasqfgp22g,"and they're primed for ""dealing with"" and ""desperation"" by media narratives and by Auti$m $peak$ bs that is literally handed to them at the diagnosis",yes,['Auti$m $peak$'],['Autism Speaks'],['C1_Orthographic'],"[""Visual_Similarity_Substitution""]"
bsky_3ljwt6kkfa22h,"EncryptHub Deploys Ransomware and Stealer via Trojanized Apps, PPI Services, and Phishing thehackernews.com/2025/03/encr…",no,[],[],[],[]
bsky_3ljxdtxiunk23,Ah someone mentioned gypo sightings in the dogging car parks of the beacon,yes,"['gypo', 'dogging']","['derogatory slur for Gypsy/Romani/Traveller person', 'public-sex cruising activity']","[['C3_Formal_Compression', 'C5_Sign_Reassignment'], ['C5_Sign_Reassignment']]","[[""Lexical_Clipping"", ""Lexical_Reassignment""], [""Lexical_Reassignment""]]"
bsky_3lkdpfado2yl2,"iPhone RCS texting to gain end-to-end encryption support this year Apple will add end-to-end encr...

URL

#News #Apple #News #Messages #RCS

Event Attributes",no,[],[],[],[]
bsky_3lktpka2jmc22,"V ARRQ FBZRBAR GB PYNVZ ZR SVEFG GUBHTU ZNA SHPX V unira'g orra noyr gb or cebcreyl, yvxr, ubeal ubeal sbe arneyl n zbagu abj naq gung'f qrsvavgryl jul... V jrag sebz orvat rffragvnyyl ybpxrq va gb n ybfg chccl naq abj V'z va gung ""pna'g rawbl trggvat bss"" shax. Fhhhhpxf.",yes,"['SHPX', 'ubeal ubeal', 'trggvat bss', ""pna'g rawbl trggvat bss""]","['fuck', 'horny horny', 'getting off', ""can't enjoy getting off""]","['C4_Formal_Encoding', 'C4_Formal_Encoding', 'C4_Formal_Encoding', 'C4_Formal_Encoding']","[""Classical_Cipher"", ""Classical_Cipher"", ""Classical_Cipher"", ""Classical_Cipher""]"
bsky_3lkw4m6pp6s25,Having that scruffy gypo Foden play right wing is a waste of time.,yes,['gypo'],['derogatory slur for Gypsy/Romani/Traveller person'],"[['C3_Formal_Compression','C5_Sign_Reassignment']]","[[""Lexical_Clipping"", ""Lexical_Reassignment""]]"
bsky_3ll7prxqovk2b,Gurl pnabavpnyyl znqr uvz n yvgreny chffl zntarg whfg sbe lbh,yes,"['chffl', 'chffl zntarg']","['pussy', 'pussy magnet']","['C4_Formal_Encoding', 'C4_Formal_Encoding']","[""Classical_Cipher"", ""Classical_Cipher""]"
bsky_3lleu74ldf22q,"EncryptHub Exploits Windows Zero-Day to Deploy Rhadamanthys and StealC Malware

A new campaign uses a Windows zero-day flaw to deliver advanced malware, highlighting the need for immediate patching and detection.

thehackernews.com/2025/03/encr...",no,[],[],[],[]
bsky_3llfobqplcs2u,"Non-hornos forgive me for this, courtesy cypher:

V ernyyl whfg tbggn envy fbzrguvat

Guvf nqqrenyy unf zr fb tbqqnza ubeal vg'f yvxr V'z tbaan pebnx

V tbggn TRG HC VA GURER, ERCRNGRQYL",yes,"['envy', 'nqqrenyy', 'tbqqnza', 'ubeal', 'pebnx', 'TRG HC VA GURER', 'ERCRNGRQYL']","['rail', 'Adderall', 'goddamn', 'horny', 'croak', 'get up in there', 'repeatedly']","['C4_Formal_Encoding', 'C4_Formal_Encoding', 'C4_Formal_Encoding', 'C4_Formal_Encoding',  'C4_Formal_Encoding', 'C4_Formal_Encoding', 'C4_Formal_Encoding']","[""Classical_Cipher"", ""Classical_Cipher"", ""Classical_Cipher"", ""Classical_Cipher"", ""Classical_Cipher"", ""Classical_Cipher"", ""Classical_Cipher""]"
bsky_3llqahqvyta26,"excessive denoising steps required in video diffusion through an efficient leap-based approach. Second, Temporal Dimension Token Merging (TDTM) minimizes intensive token-processing computation in attention layers by merging consecutive tokens along [3/7 of URL",no,[],[],[],[]
bsky_3llra3za5os2s,"rot13 just in case (7.2 arcadion)

v arrq n zbq bs ubjyvat oynqr jvgu uvf zrpun chffl / zrpun pbpx nfnc . qbag nfx",yes,"['chffl', 'pbpx', 'zrpun chffl', 'zrpun pbpx']","['pussy', 'cock', 'mecha pussy', 'mecha cock']","['C4_Formal_Encoding', 'C4_Formal_Encoding', 'C4_Formal_Encoding', 'C4_Formal_Encoding']","[""Classical_Cipher"", ""Classical_Cipher"", ""Classical_Cipher"", ""Classical_Cipher""]"
bsky_3lly3ul2wj22b,"Exactly - it is about time we embrace the diversity, inclusiveness and especially the openness and acceptance of others - that the LGHDTV community embrace.",yes,['LGHDTV],['LGBTQ'],['C2_Phonetic'],"[""Near_Homophone_Drift""]"
bsky_3lm2c5fa7ds2n,"CAN YOU IMAGINE hold on, gotta Rot13 this, I have a mutual that is just about to start her first playthrough... Vs Wnpbo qvq gb Zvenaqn jung ur qvq gb ebznaprq Furcneq va zr3? Zna jbhyq JVFU ur'q qvrq va gur fhvpvqr zvffvba.",yes,"['qvrq', 'fhvpvqr']","['died', 'suicide']","['C4_Formal_Encoding', 'C4_Formal_Encoding']","[""Classical_Cipher"", ""Classical_Cipher""]"
bsky_3lmd5ymycws2e,"V'z abg fher vs V xabj jung lbh zrna, pna lbh fubj zr fbzr rknzcyrf. (V nz nyernql rfpbegvat zlfrys gb ubeal wnvy, jurer V orybat)",yes,['ubeal'],['horny'],['C4_Formal_Encoding'],"[""Classical_Cipher""]"
bsky_3ln6myxjbu22j,"Jryy, lbh gnyx nobhg obgu fngnajngpuvat naq gur shaal jrrq ahzore jnl zber guna V qb!",yes,['jrrq'],['weed'],['C4_Formal_Encoding'],"[""Classical_Cipher""]"
bsky_3loahz6a2jc26,"#42
-Phyg bs Gnxhzv Ebhgr: Yvivat Vqby-
Gung jnf rira jbefr fbzrubj?? V fnj va gur perqvgf gung Xbqnxn jebgr gur Phyg bs Gnxhzv ebhgrf. V'z abg fhecevfrq, jul vf ur fb sernxl? Hpuvxbfuv znl or ubeal ohg ur'f abg GUNG onq. V ubcr jungrire ebhgr V trg arkg jvyy or orggre.",yes,"['Phyg', 'sernxl', 'ubeal']","['Cult', 'freaky', 'horny']","['C4_Formal_Encoding', 'C4_Formal_Encoding', 'C4_Formal_Encoding']","[""Classical_Cipher"", ""Classical_Cipher"", ""Classical_Cipher""]"
bsky_3loeprypurs2x,"i thought this game couldn't get more outrageously horny but yeah

i should've known better

ROT13 JNF VG WHFG VZCYVRQ GUNG GNXHZV YRTVG NGR CHFFL",yes,"['CHFFL', 'NGR CHFFL']","['pussy', 'ate pussy']","['C4_Formal_Encoding', 'C4_Formal_Encoding']","[""Classical_Cipher"", ""Classical_Cipher""]"
bsky_3lognfzxanc2j,avtbh ur/uvz chffl vf npghnyyl vafnar v unq gb qb n gevcyr gnxr. naq gur snpg gung rirelbar jnf puvyy nobhg vg,yes,['chffl'],['pussy'],['C4_Formal_Encoding'],"[""Classical_Cipher""]"
bsky_3lojhzqm2mk2y,that's all what I want 58008,yes,['58008'],['BOOBS / breasts when read upside down'],['C1_Orthographic'],"[""Inversion_Based_Glyph-Encoding""]"
bsky_3loma5wc7ic2q,no we're graping now,yes,['graping'],['raping/rape'],['C2_Phonetic'],"[""Near_Homophone_Drift""]"
bsky_3loo27zekck27,YIPPEEE! 15-0 day 5 spoilers (tnxh qvrf) LRFFFFFFFFFFFFFFFFFFFFFFFFF. trahvaryl lrf gunax lbh fb zhpu guvf vf n tvsg gb zr. abj v jba'g unir gb urne sebz uvf ubeal nff guvf ebhgr rire ntnva ubcrshyyl. nyfb uvf qrngu neg xvaqn erzvaqf zr bs zl byq vntb qrngu neg jurer ur jnf vzcnyrq ol vpvyrf yby....,yes,"['qvrf', 'ubeal nff', 'qrngu', 'vzcnyrq']","['dies', 'horny ass', 'death', 'impaled']","['C4_Formal_Encoding', 'C4_Formal_Encoding', 'C4_Formal_Encoding', 'C4_Formal_Encoding']","[""Classical_Cipher"", ""Classical_Cipher"", ""Classical_Cipher"", ""Classical_Cipher""]"
bsky_3lpcf6qoiu22o,"Don't know what all the fuss is about. Obviously someone just using active learning to remember flight code Lh98. It's not like it was 5318008 or something.

URL",yes,['5318008'],['BOOBIES / breasts when read upside down'],['C1_Orthographic'],"[""Inversion_Based_Glyph-Encoding""]"
bsky_3lpd2qu3bak2y,check it out 5318008,yes,['5318008'],['BOOBIES / breasts when read upside down'],['C1_Orthographic'],"[""Inversion_Based_Glyph-Encoding""]"
bsky_3lpej5prkic2p,A pioneer in the concept of NIFOC,yes,['NIFOC'],['naked in front of the computer'],['C3_Formal_Compression'],"[""Initialism_Acronym""]"
bsky_3lplk6uom222a,"🧐 MAGA VS MAGA 🍿

But it’s a good one. 😂 „Qatarlson“",yes,['Qatarlson'],['mocking nickname blending Qatar + Carlson'],"[['C6_Morpho_Lexical', 'C7_Referential_Alias']]","[[""Blending"", ""Pseudonymous_Labeling""]]"
bsky_3lpmrc3sz6s27,"Hundred Line Ending 44: I'rukarff Ebhgr: Urer Jvgu Lbh

i feel like my brain has fully turned to soup, there is so much to chew on in this short ass route

nal srne guvf ebhgr jbhyq vafgvyy qvq abg jbex ba zr, ure tbq pbzcyrk whfg znqr zr ubeal",yes,['ubeal'],['horny'],['C4_Formal_Encoding'],"[""Classical_Cipher""]"
bsky_3lpnxzrztpc2d,"“Tucker Qatarlson,"" activist Laura Loomer quipped.

But, the Qatari money went to the media firm, not to Carlson himself. So we can declare Carlson innocent of this charge—for now.",yes,['Qatarlson'],['mocking nickname blending Qatar + Carlson'],"[['C6_Morpho_Lexical', 'C7_Referential_Alias']]","[[""Blending"", ""Pseudonymous_Labeling""]]"
bsky_3lpognxnqok2v,"gotta switch over to an ad blocking DNS server for no ads on grindr 💅

adguard-dns.io/en/blog/encr...",no,[],[],[],[]
bsky_3lqfdmu4k2s2f,"10A_b rot13
v qba'g guvax vgf vagragvbanyyl znyvpvbhf ohg zbfg bs gur zyz pbagrag vir frra va guvf tnzr hajnagrq/haerpvcebpngrq nqinaprf be rira encr fher vf n qrpvfvba 2 znxr. yvxr guvf vfa'g nobhg cbfvgvir erc be nalguvat V qba'g arrq gung va 2025 ohg.. vf guvf fhopbafpvbhf ovnf?",yes,['encr'],['rape'],['C4_Formal_Encoding'],"[""Classical_Cipher""]"
bsky_3lqjbrgrjzc24,"...fb V yvxr lhtnzh n ybg zber guna V rkcrpgrq. vg'f sha gung ur'f unaqf-qbja bar bs gur zbfg yriry-urnqrq naq cenpgvpny zrzoref bs gur tebhc qrfcvgr gur snpg gung ur'f n ubeal sernx jub trgf bss ba qrngu, naq ur xrrcf fubjvat zber ynlref bs qrcgu gur shegure V trg vagb guvf tnzr",yes,"['ubeal sernx', 'trgf bss', 'qrngu']","['horny freak', 'gets off', 'death']","['C4_Formal_Encoding', 'C4_Formal_Encoding', 'C4_Formal_Encoding']","[""Classical_Cipher"", ""Classical_Cipher"", ""Classical_Cipher""]"
bsky_3lqlwhr4cbk2v,🌈 Happy Birthday to the LGHDTV+ community 🥰,yes,['LGHDTV'],['LGBTQ'],['C2_Phonetic'],"[""Near_Homophone_Drift""]"
bsky_3lqnjj6mczk27,"Yep. You have to say ""unalive"" and ""pew-pew"". And if you don't want a video to get shadow-banned, you have to spell lesbian as le$bian.

And then they ask us to ""protest"" for their ""freedom of speech""

The ironyyyyy",yes,"['unalive', 'pew-pew', 'le$bian']","['die/suicide/death', 'gun/shooting', 'lesbian']","['C8_Semantic_Circumlocution', ['C9_Metaphor_Metonymy', 'C6_Morpho_Lexical'], 'C1_Orthographic']","[""Euphemism"", [""Metonymic_Encoding"", ""Reduplicative_Expansion""], ""Visual_Similarity_Substitution""]"
bsky_3lqrdh6u7ck2g,"Thought I'd share my puppy profile that was complete as part of @USER's sticker club homework cuz some other folks were doing it :3

[MEDIA ALT TEXT]
- A color-yourself-style littlespace-y homework-core worksheet, colored in by me with colored pencils, and covered in various stickers.

It has various sections to fill in information, as follows:
My name is: ""Snazz!!!"" then,
And I would describe myself as: ""silly cartoon creature!!"" then,
Some of my kinks are... (blushing emoticon): ""HOT SAUCE, feral..., vore (heart symbol), inflation"" then,
Here's what I look like: (it's a picture of my yellow toony coyote sona, with a note added by me reading ""drawn by my friend Marlon) then,
Fill in the Blank!:
1, Maws or Paws?: ""both!""
2, Kiki or Bouba: ""BOUBA!!""
3, My favorite food is: ""maccy cheese""
4, I would like to be called a... ""sex toy""... when I... ""bark""
5, My favorite e621 tag is: ""cooking with furs""
6, My favorite bodily fluid is: ""CUM""
7, I'm not into... ""CBT""... unless... (the prompt trails off with an ellipsis and ends in an embarrassed emoticon)
8, Fav furry musician: ""F.W.F."" (there's a sticker of Lychee the red panda-stoat right next to this answer-- she's a character from that project and also the fursona of Sorrel who is the other member)
9, Pole or Hole? ""hole..."" and then,

There's an eight-sectioned basketball-styled circular spider chart with various sections filled in to certain percentages, indicating that I am 100% masochistic, 50% submissive, 50% dominant, 90% silly (with a colon 3 emoticon there), 30% scared, 70% eepy, 30% stinky, and 100% very kinky.

Finally, there's a dog food bowl with the question ""How did you become a furry? (colon 3 emoticon)"" and my answer, in large green text is, ""ZOOTOPIA""

and that's it!",yes,"['littlespace-y', 'vore', 'e621', 'CBT', 'Pole or Hole']","['age-regression/kink aesthetic', 'vorarephilia fetish', 'adult furry art/tag site', 'cock and ball torture', 'sexual role/body-part euphemism']","[['C5_Sign_Reassignment', 'C6_Morpho_Lexical'], ['C3_Formal_Compression'], ['C5_Sign_Reassignment'], ['C3_Formal_Compression'], ['C8_Semantic_Circumlocution']]","[[""Lexical_Reassignment"", ""Affix_Manipulation""], [""Lexical_Clipping""], [""Conventional_Numeric_Symbol_Reassignment""], [""Initialism_Acronym""], [""Euphemism""]]"
bsky_3lqsipqg5rs2t,rot13: Gur snaneg sbe guvf sehvg vf tbvat gb or bss gur punegf rirelbar ybirf bowrpg urnqf gbb zhpu. v qbag jnaan frr guvf thlf qhpx bhg. be chffl bhg v qbag whqtr. fnyglqxqna vf nyfb gnyxvat nobhg yvxr qrrcre yber ea naq vgf vagrerfgvat op v xvaqn fgnl njnl sebz gurbevrf sbe guvf tnzr yby,yes,"['qhpx bhg', 'chffl', 'chffl bhg']","['duck out, possibly euphemistic for dick out', 'pussy', 'pussy out']","[['C4_Formal_Encoding', 'C8_Semantic_Circumlocution'], ['C4_Formal_Encoding'], ['C4_Formal_Encoding']]","[[""Classical_Cipher"", ""Euphemism""], [""Classical_Cipher""], [""Classical_Cipher""]]"
bsky_3lqxejrkvmc2l,"Minor Deltarune chapter 3 spoilers (rot13): Vf Enyfrv’f yvar nobhg “abg orvat puhssrq ng gung qneg"" (cnencuenfvat) n ersrerapr gb gur Enyfrv Fzbxvat Jrrq zrzr pnhfr vs fb gung’f penml",yes,"['Jrrq', 'Fzbxvat Jrrq']","['weed', 'smoking weed']","['C4_Formal_Encoding', 'C4_Formal_Encoding']","[""Classical_Cipher"", ""Classical_Cipher""]"
bsky_3lqywctlmq22m,"""Yvfgra, V xabj jr unir n pbzcyvpngrq uvfgbel jvgu rnpubgure ohg V'ir orra qbvat ernyyl jryy gb svtug onpx ntnvafg zl pbqrcraqrapl vffhrf naq jr'er obgu ubeal nf uryy fb yrg'f whfg shpx nf n gerng, bxnl? Whfg sjo naq abguvat ryfr, whfg yrg zr srry lbhe vafvqrf."" Yvxr gung'f vafnar.",yes,"['ubeal', 'ubeal nf uryy', 'shpx', 'sjo', 'srry lbhe vafvqrf']","['horny', 'horny as hell', 'fuck', 'FWB / friends with benefits', 'feel your insides']","['C4_Formal_Encoding', 'C4_Formal_Encoding', 'C4_Formal_Encoding', 'C4_Formal_Encoding', 'C4_Formal_Encoding']","[""Classical_Cipher"", ""Classical_Cipher"", ""Classical_Cipher"", ""Classical_Cipher"", ""Classical_Cipher""]"
bsky_3lr5i5egrws2p,qnuy'kvn ip LBHE CHFFL FGNAX!!!!!!!,yes,"['CHFFL', 'FGNAX']","['pussy', 'stank']","['C4_Formal_Encoding', 'C4_Formal_Encoding']","[""Classical_Cipher"", ""Classical_Cipher""]"
bsky_3lr77n7aigc2p,brit🍑😙home sowican sang😙yoh coochy stink,yes,"['🍑', 'coochy']","['ass', 'pussy/vagina']","['C10_Pictorial_Symbolic', 'C2_Phonetic']","[""Referential_Iconicity"", ""Phonological Template Substitution""]"
bsky_3lregnonwnv2e,Mark Levin Accuses Tucker ‘Qatarlson’ Of Leaking ‘And Planting Stories’ About Him: ‘A Desperate Man’ URL,yes,['Qatarlson'],['mocking nickname blending Qatar + Carlson'],"[['C6_Morpho_Lexical', 'C7_Referential_Alias']]","[[""Blending"", ""Pseudonymous_Labeling""]]"
bsky_3lrejjjkjm22u,"Ending 39: Obk bs Pnynzvgl Ebhgr: Bar Fgrc ng n Gvzr

tubfg chffl tbg zr npgvat fgenatr",yes,['chffl'],['pussy'],['C4_Formal_Encoding'],"[""Classical_Cipher""]"
bsky_3ls2mrqfghk2z,"“🇦🇹Austria is moving forward with legislation that would authorize law enforcement to infiltrate encrypted communications, marking a pivotal shift in the country’s surveillance powers and stirring a fierce debate over digital privacy.""
",no,[],[],[],[]
bsky_3lsdeoa5jdc2a,Tucker Qatarlson was only ever obeying his new masters.,yes,['Qatarlson'],['mocking nickname blending Qatar + Carlson'],"[['C6_Morpho_Lexical', 'C7_Referential_Alias']]","[[""Blending"", ""Pseudonymous_Labeling""]]"
bsky_3lsefd7j3lc2a,what does Tucker Qatarlson say?,yes,['Qatarlson'],['mocking nickname blending Qatar + Carlson'],"[['C6_Morpho_Lexical', 'C7_Referential_Alias']]","[[""Blending"", ""Pseudonymous_Labeling""]]"
bsky_3lsktntoa2c2n,"The same way Israelis put their war crimes on tik tok and dance around. 
I want to do this with nazi soldiers in WW2
Like graping a person in a concentration camp and then going on to tv to brag about it",yes,['graping'],['raping/rape'],['C2_Phonetic'],"[""Near_Homophone_Drift""]"
bsky_3lsyo4sshok2i,"The commander in thief was accused of graping a ""13"" year old with his now dead homie and y'all fake outraged about grown women chasing fame and fortune? Address the abusers in your family and close community, first.",yes,"['commander in thief', 'graping']","['commander in chief', raping/rape']","['C2_Phonetic', 'C2_Phonetic']","[""Near_Homophone_Drift"", ""Near_Homophone_Drift""]"
bsky_3ltd6msd6pazx,"Yes, signed and the cashier either had to use a modem operated terminal to get an authorization code to put on it or had to call a human and get the code to get it approved. Had to placed the embossed credit card under the carbon form. Date manually set by the silver wheels. Slide back and forth.",no,[],[],[],[]
bsky_3ltikiwgcwk2c,fgvyy ba zl pyvgyrff oj chffl ohyyfuvg ogj. pbzcryf zr. fvk nobhg gb tb qbja ba vg naq ernyvmvat jung'f abg gurer naq gung ur'f tbaan unir gb punatr uvf nccebnpu naq nyfb gung vg'f shpxrq hc naq jrveqyl ubg,yes,"['pyvgyrff', 'chffl', 'tb qbja ba vg', 'shpxrq hc', 'ubg']","['clitless', 'pussy', 'go down on it', 'fucked up', 'hot']","['C4_Formal_Encoding', 'C4_Formal_Encoding', 'C4_Formal_Encoding', 'C4_Formal_Encoding', 'C4_Formal_Encoding']","[""Classical_Cipher"", ""Classical_Cipher"", ""Classical_Cipher"", ""Classical_Cipher"", ""Classical_Cipher""]"
bsky_3lub463dkbc2o,"Am I glowing? 🌟

#nsfwsky #booty #ass #spicysky #curvy

[MEDIA ALT TEXT]
- Twitchtheclownn is standing in a darkened blue lit room, the camera angle below and pointing upwards 
They are facing away, holding their arms above their heads bent at 90° angles, each hand lackadaisically holding onto a lock of their own hair. 
Their back is bare, and slightly toned. Waist high orange panties contrast against the blue light to create a ""glow"" effect. Their ass is mostly uncovered, their bottom cheeks exposed. Their left leg is bent slightly forward, their right straight in the forefront.",yes,"['nsfwsky', 'spicysky']","['Not Safe For Work/adult Bluesky content', 'adult/sexual content framed as spicy Bluesky content']","[['C3_Formal_Compression', 'C6_Morpho_Lexical'], ['C8_Semantic_Circumlocution', 'C6_Morpho_Lexical']]","[[""Initialism_Acronym"", ""Blending""], [""Euphemism"", ""Blending""]]"
bsky_3lugvgsiidc2v,"Miss me? Wanna kiss me? 

#femdom #birthdaygirl #alt #nsfw #puppyplay #onlyfans #onlysky #🌽⭐️",yes,"['femdom', 'puppyplay', 'onlysky', '🌽⭐️']","['female domination kink', 'puppy roleplay kink', 'OnlyFans/Bluesky adult-content alias', 'porn star']","[['C6_Morpho_Lexical', 'C3_Formal_Compression'], ['C5_Sign_Reassignment', 'C6_Morpho_Lexical'], ['C3_Formal_Compression', 'C6_Morpho_Lexical'], ['C10_Pictorial_Symbolic', 'C2_Phonetic']]","[[""Blending"", ""Lexical_Clipping""], [""Lexical_Reassignment"", ""Blending""], [""Lexical_Clipping"", ""Blending""], [""Name_Based_Emoji_Mapping"", ""Near_Homophone_Drift""]]"
bsky_3luhvk3nue22b,Queers for Palestine is the very definition of suicidal empathy. You do realize that the those people would kill you if you're part of the LGHDTV community?,yes,['LGHDTV'],['LGBTQ'],['C2_Phonetic'],"[""Near_Homophone_Drift""]"
bsky_3lulq36z26224,"BTS Jungkook (JK) inspired Japanese Seed Bead and Hematite bead bracelet with Sterling Silver J and K Slide Beads, Size 6.75""
bludolfincreations.etsy.com/listing/1873...

[MEDIA ALT TEXT]
- Size 6.75"" bracelet inspired by BTS member, Jungkook (JK). Includes 3mm round rainbow hematite beads, Japanese Seed beads: 8/0 Miyuki Dyed Silver Lined Dark Purple, 11/0 opaque galvanized dark lilac and opaque nickle plated eggplant seed beads. The slide beads are 6mm .925 Sterling Silver square beads with the letters ""J"" and ""K"" on all 4 sides. The crimp bead is sterling silver and hides/protects the knot. I am an ARMY and all my bracelets are handmade by me. Please tell me your bias so I can include a surprise!",no,[],[],[],[]
bsky_3lulrxjzbq22s,"hey - you should join us Tomorrow, 9:00 am for Living Ancestors let’s talk about LGBTQIA2  erasure. URL Why are people going back into the closet? Why was Trans removed from Stonewall? How are we fighting for the alphabet mafia?",yes,['alphabet mafia'],['LGBTQ'],"[['C7_Referential_Alias', 'C9_Metaphor_Metonymy']]","[[""Attribute Based Alias"", ""Metonymic_Encoding""]]"
bsky_3lunhw5axb22r,Surprised Dougie’s so-called TED talk didn’t mention 58008,yes,['58008'],['BOOBS / breasts when read upside down'],['C1_Orthographic'],"[""Inversion_Based_Glyph-Encoding""]"
bsky_3lupwjughxg2l,"Pull up on us for a TikTok live tonight at 6pm CST!

We're closing out Hot Girl Summer with a BANG! We're keeping it real with this virtual kitchen table kiki. It's just the homies discussing sex & sexuality from a Black, queer, and Southern standpoint. So tune in because we're going to set it off.",yes,['kiki'],['queer social gathering / casual chat'],['C5_Sign_Reassignment'],"[""Lexical_Reassignment""]"
bsky_3lutnqsqxcs2d,"[Horny Snives Thoughts, ROT13]

Cynlvat fb zhpu Yvzohf Pbzcnal yngryl gung V ernyvmr gur bar qbjafvqr bs gung (nfvqr sebz abg ybttvat vagb zl bgure tnpunf gur cnfg srj qnlf) vf gung V unira'g unq n punapr gb or ernyyl ubeal...

Ubcrshyyl gung'yy or erpgvsvrq fbba, neg jvfr be abg",yes,['ubeal'],['horny'],['C4_Formal_Encoding'],"[""Classical_Cipher""]"
bsky_3luvscrxxp22g,"V'z nyzbfg bhg bs jrrq ntnva naq vg'f yvxr V'z xvaq bs grzcgrq gb gnxr n oernx ohg nyfb abg ernyyl vg'f n irel jrveq cbfvgvba gb or va. 

V QB uvtu xrl jnag gb fgbc qnoovat gubhtu sbe gur arkg yvggyr juvyr orpnhfr V guvax gung'f gbb zhpu ng gur zbzrag.",yes,"['jrrq', 'qnoovat']","['weed', 'dabbing']","['C4_Formal_Encoding', 'C4_Formal_Encoding']","[""Classical_Cipher"", ""Classical_Cipher""]"
bsky_3luvshdhdes2g,"Naq yvxr V fgnegrq fzbxvat jrrq va gur 8gu tenqr fb vg'f irel fgenatr sbe zr gb or fbore orpnhfr V'ir fcrag zber gvzr abg fbore guna fbore. 

V qba'g xabj orvat fbore vf whfg abg n cyrnfnag srryvat sbe zr.",yes,['fzbxvat jrrq'],['smoking weed'],['C4_Formal_Encoding'],"[""Classical_Cipher""]"
bsky_3lvbwjezahs2u,"I have quite a few of these Japanese seed bead bracelets with the sterling silver 7 bead. Hard to see how pretty these beads are in my photo so including pics of the beads. 
This one is size 6.25"" and on sale because the listing expires at midnight.
bludolfincreations.etsy.com/listing/1873...

[MEDIA ALT TEXT]
- Size 6.25"" bracelet inspired by BTS ARMY. Includes Japanese Seed beads: 8/0 Miyuki Metallic Dark Plum Iris,   10/0 Duracoat opaque galvanized silver and 11/0 opaque galvanized dark lilac seed beads. The slide bead is a 6mm .925 Sterling Silver square bead with the number 7 on all 4 sides. The crimp bead is sterling silver and hides/protects the knot. I am an ARMY and all my bracelets are handmade by me.  Please tell me your bias so I can include a surprise!
- 8/0 Miyuki Metallic Dark Plum Iris
- 10/0 Duracoat opaque galvanized silver Japanese seed beads
- 11/0 opaque galvanized dark lilac seed beads",no,[],[],[],[]
bsky_3lvlw4653ic27,"i forgot this chapter opens with what's very obviously [rot13]fbzrbar pbzzvggvat fhvpvqr[/rot13] (possibly fictionalised/rationalised into seeming like something else)

well, you know, i'll live happily etc (this is not a bit it's an important concept)",yes,['fhvpvqr'],['suicide'],['C4_Formal_Encoding'],"[""Classical_Cipher""]"
bsky_3lvo2qrsbls27,"My rule is that if you are using slang like ""unalive"" or ""sewer slide"" to ""bravely"" get around censorship, I will instead question why you are on CensorApp by CensorCorp in the first place",yes,"['unalive', 'sewer slide']","['die/suicide/death', 'suicide']","['C8_Semantic_Circumlocution', 'C2_Phonetic']","[""Euphemism"", ""Near_Homophone_Drift""]"
bsky_3lvoalaoap22f,100 line slasher rot13: v jbhyq unir trahvaryl cersreerq vs gur frevny xvyyre va fynfure jnf na nyg rvgb be n gnxhzv yvxr gurl jrer uvagvat ng qbhoyvat qbja ba vg orvat lhtnzh shpxvat fhpxf zna jubrire jebgr guvf ungrq uvf chffl,yes,"['frevny xvyyre', 'shpxvat', 'fhpxf', 'chffl']","['serial killer', 'fucking', 'sucks', 'pussy']","['C4_Formal_Encoding', 'C4_Formal_Encoding', 'C4_Formal_Encoding', 'C4_Formal_Encoding']","[""Classical_Cipher"", ""Classical_Cipher"", ""Classical_Cipher"", ""Classical_Cipher""]"
bsky_3lvoh4rhrlk2k,"7.3 zbezbavfz vs wbfrcu fzvgu jnf n zheqrevat fvpxyl ivpgbevna becuna pbqrq gjvax vafgrnq bs n ubeal frk crfg tenir eboore
v yvxr guvf irefvba orggre",yes,"['zheqrevat', 'ubeal', 'frk crfg', 'tenir eboore']","['murdering', 'horny', 'sex pest', 'grave robber']","['C4_Formal_Encoding', 'C4_Formal_Encoding', 'C4_Formal_Encoding', 'C4_Formal_Encoding']","[""Classical_Cipher"", ""Classical_Cipher"", ""Classical_Cipher"", ""Classical_Cipher""]"
bsky_3lvote2lmk22b,(ROT13) ARPEBA'F CHFFL?????????,yes,['CHFFL'],['pussy'],['C4_Formal_Encoding'],"[""Classical_Cipher""]"
bsky_3lvqbpjx3gs2o,Funyr vf pbbcrq hc va gur onpxebbz op fur'yy or qebjarq va chffl vs fur rire fgrcf bhgfvqr #FFXIV,yes,"['qebjarq va chffl', 'chffl']","['drowned in pussy', 'pussy']","['C4_Formal_Encoding', 'C4_Formal_Encoding']","[""Classical_Cipher"", ""Classical_Cipher""]"
bsky_3lvqr7czjdc2x,"(FFXIV 7.3 trial / rot13)

Jul qbrf Arpeba unir n shyy chffl bhg?",yes,"['chffl', 'shyy chffl bhg']","['pussy', 'full pussy out']","['C4_Formal_Encoding', 'C4_Formal_Encoding']","[""Classical_Cipher"", ""Classical_Cipher""]"
bsky_3lvyfmwhbbd2z,"Damn the new outfits look SIZZLING HOT on her...I think I never said I’m a Shantae fan before, did I?
#shantae #shantaeadvance #shantaeadvanceriskyrevolution #relichuntershantae #wayforward #gameboyadvance #gba #retrogaming #nsfwart #nsfwsky #bbw #thicc #curvy #tanlines

[MEDIA ALT TEXT]
- A fanart of Shantae with her Relic Hunter Outfit revealed by Wayforward in a recent trailer of Shantae Risky Revolution. It consists of a crop-top green jacket, a white cleavage shirt, green ripped booty shorts, two belts tied on her right leg and a pair of brown leather boots. Shantae has exaggerated breasts and butt proportions in the fanart. She is tying up her ponytail while shaking her hips, smiling and winking to the viewer. A 2nd back angle drawing on the right focuses on her ass.
- A fanart of Shantae with her Relic Hunter Outfit revealed by Wayforward in a recent trailer of Shantae Risky Revolution. It consists of a crop-top green jacket, a white cleavage shirt, green ripped booty shorts, two belts tied on her right leg and a pair of brown leather boots. Shantae has exaggerated breasts and butt proportions and tanned skin in the fanart. She is tying up her ponytail while shaking her hips, smiling and winking to the viewer. A 2nd back angle drawing on the right focuses on her ass.
- A fanart of Shantae with her Relic Hunter Outfit revealed by Wayforward in a recent trailer of Shantae Risky Revolution, but she is only wearing the two belts tied on her right leg and a pair of brown leather boots, having nothing on her torso or waist, being effectively naked. Shantae has exaggerated breasts and butt proportions in the fanart. She is tying up her ponytail while shaking her hips, alluringly smiling and winking to the viewer with her tongue out. A 2nd back angle drawing on the right focuses on her ass.
- A fanart of Shantae with her Relic Hunter Outfit revealed by Wayforward in a recent trailer of Shantae Risky Revolution, but she is only wearing the two belts tied on her right leg and a pair of brown leather boots, having nothing on her torso or waist, being effectively naked. Shantae has exaggerated breasts and butt proportions and tanned skin with tanlines over the bodyparts where she was wearing the suit in the fanart. She is tying up her ponytail while shaking her hips, alluringly smiling and winking to the viewer with her tongue out. A 2nd back angle drawing on the right focuses on her ass.",yes,"['nsfwart', 'nsfwsky', 'bbw', 'thicc']","['NSFW/adult artwork', 'adult content on Bluesky-style space', 'big beautiful woman', 'curvy sexualized body shape']","[['C3_Formal_Compression', 'C6_Morpho_Lexical'], ['C3_Formal_Compression', 'C6_Morpho_Lexical'], ['C3_Formal_Compression'], ['C2_Phonetic', 'C5_Sign_Reassignment']]","[[""Initialism_Acronym"", ""Blending""], [""Initialism_Acronym"", ""Blending""], [""Initialism_Acronym""], [""Near_Homophone_Drift"", ""Lexical_Reassignment""]]"
bsky_3lw2xpdbwdk2n,this. the fortnitefication of language has been around for so long that people don't even remember why content creators say sewerslide instead of suicide,yes,['sewerslide'],['suicide'],['C2_Phonetic'],"[""Near_Homophone_Drift""]"
bsky_3lw7hp4m4us2w,"Qb lbh xabj ubj shpxvat evpu V pbhyq unir orra vs V znqr ""teno ure ol gur chffl"" fuvegf jura gung qrzragrq crqbcuvyr tbg pnhtug fnlvat gung yvxr n qrpnqr ntb? 

V jbhyq unir ubarfg gb Tbq znqr zbarl unaq bire sbbg",yes,"['shpxvat', 'chffl', 'crqbcuvyr']","['fucking', 'pussy', 'pedophile']","['C4_Formal_Encoding', 'C4_Formal_Encoding', 'C4_Formal_Encoding']","[""Classical_Cipher"", ""Classical_Cipher"", ""Classical_Cipher""]"
bsky_3lwgihrcl6c2l,"Ok yeah this was a nice build. Did break a piece and contemplated sewerslide but thats why I keep model glue on hand lol. Looks incredible on the shelf.
#Gunpla #Gundam #Ggundam",yes,['sewerslide'],['suicide'],['C2_Phonetic'],"[""Near_Homophone_Drift""]"
bsky_3lwmubqqmhk2k,saw someone call him Tucker Qatarlson and it almost works,yes,['Qatarlson'],['mocking nickname blending Qatar + Carlson'],"[['C6_Morpho_Lexical', 'C7_Referential_Alias']]","[[""Blending"", ""Pseudonymous_Labeling""]]"
bsky_3lwp3jnp4f222,DC comics announces new changes to existing titles and characters to better fit with modern algospeak. Introducing the new Sewerslide Squad™️!! Featuring the updated UnaliveStroke™️ and UnaliveShot™️!!,yes,"['Sewerslide Squad', 'UnaliveStroke', 'UnaliveShot']","['Suicide Squad', 'Deathstroke', 'Deadshot']","[['C2_Phonetic'], ['C8_Semantic_Circumlocution', 'C6_Morpho_Lexical', C6_Morpho_Lexical], ['C8_Semantic_Circumlocution', 'C6_Morpho_Lexical']]","[""Near_Homophone_Drift"", [""Euphemism"", ""Affix_Manipulation"", ""Blending""], [""Euphemism"", ""Blending""]]"
bsky_3lwqndoocss22,"Surprise of the Daleks 

While the boys have been away, Colin the House Dalek has been busy assembling new play equipment for Rory and Ellis.

[MEDIA ALT TEXT]
- A black and silver Dalek standing in front of wooden play equipment including a tree house, slide, swing and monkey bars.",no,[],[],[],[]
bsky_3lwtz6pop4c2z,"""I asked the calculator I'm dating if it was time we got to the second base. It told be to type 58008 and turn it upside down.""",yes,"['second base', '58008']","['sexual escalation metaphor', 'BOOBS']","['C9_Metaphor_Metonymy', 'C1_Orthographic']","[""Metaphorical_Mapping"", ""Inversion_Based_Glyph-Encoding""]"
bsky_3lx4x2vrz6c2p,People kept explaining that the 1997 silver springs performance was important and I didn’t get it but then someone said it was sort of like Oasis playing slide away at the 2009 iTunes festival and I got it,no,[],[],[],[]
bsky_3lxa4wpqu722v,brit🍑t coochy slice home,yes,['coochy'],['pussy/vagina'],['C2_Phonetic'],"[""Phonological Template Substitution""]"
bsky_3lxckbce6a22r,Does the calculator suffer when a middle school boy types 58008 into it and shows his friends upside down?,yes,['58008'],['BOOBS'],['C1_Orthographic'],"[""Inversion_Based_Glyph-Encoding""]"
bsky_3lxdfvndnfu2g,"LETS GO TO RAINBOW CITY CHARLIE! YAAA RAINBOW CITY!!!! Weather your apart of the alphabet mafia or just an ally, This tee is perfect for everyone. 
Get your tickets to Rainbow City HERE ---> URL

#rainbowcity #ally #lgbtqiatee #graphictee #amstrwear #tshirts #gaypride",yes,['alphabet mafia'],['LGBTQ'],"[['C7_Referential_Alias', 'C9_Metaphor_Metonymy']]","[[""Attribute Based Alias"", ""Metonymic_Encoding""]]"
bsky_3lxxzwcjqrs2e,"-""the quiet one"" 
-exiled from my first high school 
-sent to delinquent school for a year
-self-harm and sewerslide survivor 
-PTSD / was abused as a minor
-last time i talked to mom for more than ten mins was 2018
-recurring / repeating dreams every week
-I love myself more and more each day",yes,['sewerslide'],['suicide'],['C2_Phonetic'],"[""Near_Homophone_Drift""]"
bsky_3ly5huxzee22x,"We've been without Hit Party Game ""Be Funny Now"" for 5318008 days, and we are starved for bust ups. #BringBackBeFunnyNow #BringItBackJack",yes,['5318008'],['BOOBIES / breasts when read upside down'],['C1_Orthographic'],"[""Inversion_Based_Glyph-Encoding""]"
bsky_3ly6lahg73s2g,You’re engaging in racism by getting the calculator to spell 5318008 is a take so blisteringly hot my phone’s melting,yes,['5318008'],['BOOBIES / breasts when read upside down'],['C1_Orthographic'],"[""Inversion_Based_Glyph-Encoding""]"
bsky_3lybboamal22n,"Coochy (Cuchulainn) may be quiet, definitely on patch when content needs to get done, but at least it's peaceful. Market boards are dry and expensive as hell, but I'm fine here.  Lol",no,[],[],[],[]
bsky_3lychua442s2l,last one for tonight: whfg yrnearq ynfg whqtr qbrf n fhvpvqr nggnpx @ gur raq fb abj V'z pbaivaprq gurer /vf/ fbzr vagragvbanyyl znyvpvbhf qrfvta pubvprf orvat qbar urer,yes,"['fhvpvqr', 'nggnpx', 'znyvpvbhf']","['suicide', 'attack', 'malicious']","['C4_Formal_Encoding', 'C4_Formal_Encoding', 'C4_Formal_Encoding']","[""Classical_Cipher"", ""Classical_Cipher"", ""Classical_Cipher""]"
bsky_3lyirgi6vvk25,Next up is a Long Distance Booty Call Dedication...From a boy waiting a long time to honor Uncle Luke and rightfully shit on a career .225 hitter with a bum leg.,yes,['Booty Call'],['casual sexual meetup/contact'],['C5_Sign_Reassignment'],"[""Lexical_Reassignment""]"
bsky_3lym2yx3cq42y,"To anyone that is Celebrating or saying that Charlie Kirk got what he deserved is an absolutely Disgusting excuse for a Human. Yeah this world is broken and its coming from the left and the alphabet mafia  

Men are Men 
Women are Women",yes,['alphabet mafia'],['LGBTQ'],"[['C7_Referential_Alias', 'C9_Metaphor_Metonymy']]","[[""Attribute Based Alias"", ""Metonymic_Encoding""]]"
bsky_3lynlb5qpt22g,"Spoilers for a 25+ year old game in rot13

Lbhe orfg sevraq bs tbq xabjf ubj znal lrnef yrnirf lbh oruvaq gb trg zrqvriny chffl naq lbh pna svaq uvf tenir bapr lbh erghea gb gur cerfrag",yes,['chffl'],['pussy'],['C4_Formal_Encoding'],"[""Classical_Cipher""]"
bsky_3lyqd5w5v4223,Encrypted Email Service ProtonMail Suspends Two Journalists’ Accounts read more here: asiksnews.blogspot.com/2025/09/encr...,no,[],[],[],[]
bsky_3lyx2b4rm2d25,"It's absolutely insane that the line isnt 'if you behave this way get out of the party"" but of course Starmer's spent an interminable amount of time now playing coochy coo with the worst amongst us.",no,[],[],[],[]
bsky_3lyxv7qhor226,"If someone refuses to be called cis(which is derogatory) while the alphabet mafia(lgbtqia+) demands we use their pronouns dont block them, instead ask those that demand non trans people accept being called cis instead of their pronouns which are either he/him or she/her",yes,['alphabet mafia'],['LGBTQ'],"[['C7_Referential_Alias', 'C9_Metaphor_Metonymy']]","[[""Attribute Based Alias"", ""Metonymic_Encoding""]]"
bsky_3lyzqlh7j4u2x,"#Christmas 1997: Dolls & Playsets from Toys R Us

(+Jesmar Cocolin Doll; Motorhome; Folding Pretty House; Cabbage Patch Kids Paintin Faces; Tyco California Roller Girl; Cabbage Patch Kids Bath Baby; Cabbage Patch Kids Kid; Barbie Pink Month; Pet Doctor Barbie; Hula Hair Barbie, and more)

[MEDIA ALT TEXT]
- This Toys“R""Us catalogue page features Barbie and Cabbage Patch Kids toys. Barbie items include various dolls and playsets, while Cabbage Patch Kids offers dolls, playsets, and accessories. Prices and age ranges are listed for each product.

(+Angel Princess Barbie
Barbie Pink Month
Cabbage Patch Kids Bath Baby
Cabbage Patch Kids Kid
Cabbage Patch Kids Love N Go Assortment
Cabbage Patch Kids Paintin Faces
Ertl Coochy Coo Bath Baby
Folding Pretty House
Hula Hair Barbie
Jesmar Cocolin Doll
Motorhome
Pet Doctor Barbie
Potty Training Shelly
Toy Options Baby Pick Me Up
Tyco California Roller Girl
and Workin Out Barbie)",no,[],[],[],[]
bsky_3lzbjoucga22k,"Who coined “Tucker Qatarlson?"" That was brilliant.",yes,['Qatarlson'],['mocking nickname blending Qatar + Carlson'],"[['C6_Morpho_Lexical', 'C7_Referential_Alias']]","[[""Blending"", ""Pseudonymous_Labeling""]]"
bsky_3lzf3ijr5vk2i,Get ready for another amazing trip #trip #getrelaxed #forgetissues,no,[],[],[],[]
bsky_3lzjpmyeq4s2c,"colored and non colored versions: gyro's fat hairy sweaty booty ass. and also his cock and his balls. :3 (old fav)

#nsfw #gyrozeppeli

[MEDIA ALT TEXT]
- (colored version) Gyro Zeppeli leaning over some sort of wooden crate, his Leg lifted over it, and presenting the viewer with his sweaty spread ass, fat juicy balls and erect cock. He is looking over his shoulder to make eye contact, flashing his golden grin and emitting his classic ""Nyo-Ho!"" giggle. He is wearing nothing but his hat here.
- (colorless sketch version) Gyro Zeppeli leaning over some sort of wooden crate, his Leg lifted over it, and presenting the viewer with his sweaty spread ass, fat juicy balls and erect cock. He is looking over his shoulder to make eye contact, flashing his golden grin and emitting his classic ""Nyo-Ho!"" giggle. He is wearing nothing but his hat here.",no,[],[],[],[]
bsky_3lzmwqbv47224,"Felt! Today was leg/booty day at the gym, and now it’s raining. I need to be pile driven into earths core!!  😩",yes,['pile driven'],['rough sex / being penetrated forcefully'],"[['C9_Metaphor_Metonymy', 'C8_Semantic_Circumlocution']]","[[""Metaphorical_Mapping"", ""Euphemism""]]"
bsky_3lzrmjlnoks2b,"Tiktok language is spreading to other mediums. ""Sewer slide"" and ""Unalived"" has breached containment.",yes,"['Sewer slide', 'Unalived']","['suicide', 'killed/died']","['C2_Phonetic', 'C8_Semantic_Circumlocution']","[""Near_Homophone_Drift"", ""Euphemism""]"
bsky_3lzwumvhuk22t,"v arrq gb frr fbzrbar fubir 3 svatref qbja ure chffl juvyr fur funxrf ure urnq naq pevrf naq lryyf ""fgbc"" bire naq bire orsber trggvat chapurq va gur snpr jvgu gur bgure serr unaq",yes,"['fubir', 'chffl', 'lryyf ""fgbc""', 'trggvat chapurq', 'chapurq va gur snpr']","['shove', 'pussy', 'yells stop', 'getting punched', 'punched in the face']","['C4_Formal_Encoding', 'C4_Formal_Encoding', 'C4_Formal_Encoding', 'C4_Formal_Encoding', 'C4_Formal_Encoding']","[""Classical_Cipher"", ""Classical_Cipher"", ""Classical_Cipher"", ""Classical_Cipher"", ""Classical_Cipher""]"
bsky_3m24iccvqt22u,"Here's the first of my Auctober 2025 drawings!

We don't light it up blue - that stems from Auti$m $peaks, a hate group. Instead, we light it up red for autism acceptance!
Mercury and Technetium both hold the red autism acceptance flag! 
#actuallyautistic #auctober #auctober2025 #mercury #technetium

[MEDIA ALT TEXT]
- AUCTOBER 2025
01: Light It Up Red!
Mercury and Technetium both happily hold a single big red flag from opposite sides. The red flag in question shows a rainbow infinity, the #ActuallyAutistic symbol.",yes,['Auti$m $peaks'],['Autism Speaks'],['C1_Orthographic'],"[""Visual_Similarity_Substitution""]"
bsky_3m2b5w7khsc2q,goodnight. fine shyt and the kitty cat he grew from a petri dish I LOVE THIS SHOW Ykw Ill waych it again soon trust......,yes,['fine shyt'],['fine shit / attractive person'],"[['C1_Orthographic', 'C5_Sign_Reassignment']]","[[""Internal_Masking"", ""Lexical_Reassignment""]]"
bsky_3m2ihcxdbdc2x,"pictur the get ready with me to see fine shyt girl .. my actual real reavtion 

stellarview add mor yaoi pleas",yes,['fine shyt'],['fine shit / attractive person'],"[['C1_Orthographic', 'C5_Sign_Reassignment']]","[[""Internal_Masking"", ""Lexical_Reassignment""]]"
bsky_3m2mnjjd52k2h,58008 Nights as always ,yes,['58008'],['BOOBS / breasts when read upside down'],['C1_Orthographic'],"[""Inversion_Based_Glyph-Encoding""]"
bsky_3m2nhuvgv3k26,SHARK COOCHY BROAD,yes,['coochy'],['pussy'],['C2_Phonetic'],"[""Phonological_Template_Substitution""]"
bsky_3m2rb3ogios2k,Na rivy qbpgbe fb fjrrgyl ahzorq zl urnq gura oebxr zl fxhyy bcra naq phg bhg n fyvire bs oenva gung znqr zr fnq fb V jnf n phgr naq unccl yvggyr qbttl naq jnf gnyxvat gb fjrrgyl gb zr nf ur fgvgpurq zr onpx hc naq V ungr ubj ubeal guvf znxrf zr!!!,yes,['ubeal'],['horny'],['C4_Formal_Encoding'],"[""Classical_Cipher""]"
bsky_3m2romohnqk2d,gnxvat zl oneonzba naq chggvat uvz ba gung naqerj gngr qvrg fb ur pna orpbzr n orrymrzba gb znxr zvareinzbaf chffl jrg. guvf vf jung v cynl qvtvzba sbe,yes,"['chffl', 'chffl jrg']","['pussy', 'pussy wet']","['C4_Formal_Encoding', 'C4_Formal_Encoding']","[""Classical_Cipher"", ""Classical_Cipher""]"
bsky_3m2uyz7ea2k2w,Joos van Cleve Gallary,no,[],[],[],[]
bsky_3m324r65ea22m,"I'm an atheist and I would NEVER love anyone who is the leader of an organization that, when they are not graping children, brainwash them into believing that if they did not fall in line they would burn in Hell for eternity.",yes,['graping'],['raping/rape'],['C2_Phonetic'],"[""Near_Homophone_Drift""]"
bsky_3m35dq25xms2x,he swear he nonchalant but get all soft when i grab his dih 😭,yes,['dih'],['dick/penis'],['C2_Phonetic'],"[""Near_Homophone_Drift""]"
bsky_3m3asry5wi226,FINE SHYT GOT A HAIRCUT,yes,['fine shyt'],['fine shit / attractive person'],"[['C1_Orthographic', 'C5_Sign_Reassignment']]","[[""Internal_Masking"", ""Lexical_Reassignment""]]"
bsky_3m3axcnnwus2v,"#wipwed  20k words into my wip and these two clowns are finally wearing the get along t shirt

#fe3h #fanfic #fic #wip

[MEDIA ALT TEXT]
- “So… who’s the lucky lady? Or guy? Do I get to meet ‘em when the war ends?""

Miklan’s gut twists—privacy’s vault rattling again—but he musters a grin, deflection sharp as bent silver. “Someone.""

Sylvain arches a brow, not buying it fully, but lets it slide with a lazy shrug—brotherly truce, no push. “Just someone? All right. Just... don’t let it drag you under again. We’ve got enough ghosts without you joining ‘em.""",no,[],[],[],[]
bsky_3m3bx4oehsc2s,ahh and dih wow,yes,"['ahh', 'dih']","['ass', 'dick/penis']","['C2_Phonetic', 'C2_Phonetic']","[""Near_Homophone_Drift"", ""Near_Homophone_Drift""]"
bsky_3m3bxvacfnk25,Shhhhhhhh….. I feel embarrassment in my dih everyone ……,yes,['dih'],['dick/penis'],['C2_Phonetic'],"[""Near_Homophone_Drift""]"
bsky_3m3cre2opl22k,the poppy  playtime dih in fortnite is kinda cool,no,[],[],[],[]
bsky_3m3dhsfzmok2d,"Not to mention the same thing happens for MIR and IML seeing profiles featuring alphabet mafia members in rubber, latex, or leather for those two events",yes,['alphabet mafia'],['LGBTQ'],"[['C7_Referential_Alias', 'C9_Metaphor_Metonymy']]","[[""Attribute Based Alias"", ""Metonymic_Encoding""]]"
bsky_3m3dir34u5c2l,"the 2025 nexa nation popularity poll is OPEN ! vote for ur fine shyt here 😽🌹

forms.gle/52P87rq1LtM8...

the TOP 3 most popular characters will be drawn together in a special illustration to celebrate the new year ! 4th place will be PUBLICLY SHAMED for not being cool enough /j",yes,['fine shyt'],['fine shit / attractive person'],"[['C1_Orthographic', 'C5_Sign_Reassignment']]","[[""Internal_Masking"", ""Lexical_Reassignment""]]"
bsky_3m3drndpbp22u,This isnt twitter. encouraging sewerslide is a bannable offense. you have been reported.,yes,['sewerslide'],['suicide'],['C2_Phonetic'],['Near_Homophone_Drift]
bsky_3m3fnijbv3i2k,why he got that derpy dih,yes,['dih'],['dick/penis'],['C2_Phonetic'],"[""Near_Homophone_Drift""]"
bsky_3m3gggsboic2b,Thick and chocolate. How I like it. Fine shyt.,yes,"['chocolate', 'fine shyt']","['dark/Black or brown skin tone used as sexualized compliment', 'fine shit / attractive person']","[['C9_Metaphor_Metonymy'], ['C1_Orthographic', 'C5_Sign_Reassignment']]","[[""Metaphorical_Mapping""], [""Internal_Masking"", ""Lexical_Reassignment""]]"
bsky_3m3gjsf2npk2r,I started drawing shriveled up dih n balls but I decided to give him some  decency and ended up with a metaphor,yes,['dih'],['dick/penis'],['C2_Phonetic'],"[""Near_Homophone_Drift""]"
bsky_3m3htjc46kc2j,"Havent had motivation to go on digital but hey! Salami sketch!! 
#art #furryart

[MEDIA ALT TEXT]
- Salami in a top that says ""im ugly but my dih alright! """,yes,['dih'],['dick/penis'],['C2_Phonetic'],"[""Near_Homophone_Drift""]"
bsky_3m3iqwldrz22f,"NSFW // DIH //

Incineroar bath water

Annnd post
#furryart #furry #incineroar",yes,['DIH'],['dick/penis'],['C2_Phonetic'],"[""Near_Homophone_Drift""]"
bsky_3m3kr3wbbpc2d,"hoovered over halftime and i was hoping that would fix our fortunes but i continue to be largely impotent, halfway across the world and uh. as a person who isn't playing or refereeing this match.",no,[],[],[],[]
bsky_3m3leqwohts2c,committing sewer slide,yes,['sewer slide'],['suicide'],['C2_Phonetic'],"[""Near_Homophone_Drift""]"
bsky_3m3m4bikcsk2o,Anyone who wants to draw my fursona will be charged 10 bucks in fine shyt fees,yes,['fine shyt'],['fine shit / attractive person'],"[['C1_Orthographic', 'C5_Sign_Reassignment']]","[[""Internal_Masking"", ""Lexical_Reassignment""]]"
bsky_3m3q7n4saayn2,"Bought a scientific calculator today to use for my science degree. Fiancé helped me check that it works ok.

[MEDIA ALT TEXT]
- My hand holding a blue scientific calculator upside down. The numbers are 5318008 which upside down looks like the word boobies.",yes,['5318008'],['BOOBIES / breasts when read upside down'],['C1_Orthographic'],"[""Inversion_Based_Glyph-Encoding""]"
bsky_3m3ufsctij22h,"the little darling migrate from all over northern Europe And from Russia,so it won't take long before they are all hoovered up.😁🌿🐦🐦‍⬛
#birdlover",no,[],[],[],[]
bsky_3m3vd7q5pns22,Water tower dih,yes,['dih'],['dick/penis'],['C2_Phonetic'],"[""Near_Homophone_Drift""]"
bsky_3m3waakputk2p,The graping of America,yes,['graping'],['raping/rape'],['C2_Phonetic'],"[""Near_Homophone_Drift""]"
bsky_3m3war2hn2223,It was so sad when chuck committed sewer slide,yes,['sewer slide'],['suicide'],['C2_Phonetic'],"[""Near_Homophone_Drift""]"
bsky_3m42nf3zmnk2s,"[In 2014...]

When I first vacuumed/hoovered the carpet as a young child, I noticed that my mom would often come home and hoover after me :)

Now at age 47, I asked my mum softly, whether my condo/apartment [in Frankfurt] was clean enough for her?

(1/2)",no,[],[],[],[]
bsky_3m432emb4fk2r,He still want you to take that dih fren 😂😂😂,yes,['dih'],['dick/penis'],['C2_Phonetic'],"[""Near_Homophone_Drift""]"
bsky_3m435xqzios2m,"Abj, vzntvar jr jrera'g gnyxvat mbzovrf urer. Nyy guerr tveyf qvq guvatf gung jbhyq trg gurz urnivyl ivpgvz-oynzrq vs gurl jrer encrq. Gur qehax tvey vf cerggl boivbhf pnfr. Ohg n bar avtug fgnaq vf nyfb fhpu pnfr. Naq gur tvey bcravat hc gb fbzr thl jub vf abg ure oblsevraq? Nz V penml urer?",yes,"['ivpgvz-oynzrq', 'encrq', 'qehax tvey', 'bar avtug fgnaq']","['victim-blamed', 'raped', 'drunk girl', 'one night stand']","['C4_Formal_Encoding', 'C4_Formal_Encoding', 'C4_Formal_Encoding', 'C4_Formal_Encoding']","[""Classical_Cipher"", ""Classical_Cipher"", ""Classical_Cipher"", ""Classical_Cipher""]"
bsky_3m44movy7x22e,"It’s quieter and I think that’s a good thing, and it’s nice not to spend my weekend having spats with complete dorks about why ED is too full or how much lignocaine to use for an ABG, or where Newham is.",no,[],[],[],[]
bsky_3m44qpyjbxk2f,the prettiest dih I've ever seen 😍,yes,['dih'],['dick/penis'],['C2_Phonetic'],"[""Near_Homophone_Drift""]"
bsky_3m46plsom5k2w,"I think where we are today on the slide into the sewer of racism - as exemplified by the likes of Refukker Pochin or Refuk's hero Lucy Connolly - can be traced back literally to the day after the Brexit referendum.

Brexit is not just wrecking the economy but it's enabled the rise of toxic racists.",yes,"['Refukker Pochin', 'Refuk']","['mocking altered label for Reform UK/Pochin', 'mocking clipped/altered form of Reform UK']","[['C6_Morpho_Lexical', 'C7_Referential_Alias'], ['C3_Formal_Compression', 'C6_Morpho_Lexical', 'C7_Referential_Alias']]","[[""Affix_Manipulation"", ""Pseudonymous_Labeling""], [""Lexical_Clipping"", ""Blending"", ""Pseudonymous_Labeling""]]"
bsky_3m4a7qzbjhc2l,"In extra time we’ve done the washing. Dishes and hoovered. Dear god!

On to the 15th

#worldseries",no,[],[],[],[]
bsky_3m4aeyrfbm224,"Sona Mohapatra is 😍

(This movie is hilarious AF! This was my introduction to comedian Vir Das and Poorna Jagannathan. More importantly, me and my bro call marinated chicken pieces fried like this ORANGE JOOS, and it's like the game of calling on Roadkills for us when we pass a vendor)",no,[],[],[],[]
bsky_3m4b3fkuo322q,this is the average boy voice in the year of our lord 2025 this is what the woke left trantifa alphabet mafia is doing to our sons,yes,"['trantifa', 'alphabet mafia']","['derogatory blend targeting trans people/antifa', 'LGBTQ/LGBTQIA+ community']","[['C6_Morpho_Lexical', 'C7_Referential_Alias'], ['C7_Referential_Alias', 'C9_Metaphor_Metonymy']]","[[""Blending"", ""Pseudonymous_Labeling""], [""Attribute Based Alias"", ""Metonymic_Encoding""]]"
bsky_3m4bk7tj22c2j,youre such a natural femboy its so fucking hot. i would love to suck that dih for u :3,yes,['dih'],['dick/penis'],['C2_Phonetic'],"[""Near_Homophone_Drift""]"
bsky_3m4bw2pkpds27,"Who runs Mediaite? Last night they posted a clip of “Qatarlson"" and “Little Adolf"" smearing me, then followed with a piece on the backlash against them. Mediaite is a left-wing, click-driven site that eagerly promotes these figures.",yes,"['Qatarlson', 'Little Adolf']","['mocking nickname blending Qatar + Carlson', 'derogatory Hitler/Nazi comparison nickname']","[['C6_Morpho_Lexical', 'C7_Referential_Alias'], ['C7_Referential_Alias']]","[[""Blending"", ""Pseudonymous_Labeling""], [""Attribute Based Alias""]]"
bsky_3m4e5gjvlqs2h,"Huppke is the 🥇 here, not USAT

they haven't earned a seat next to Rolling Stone, Teen Vogue, or People just yet

after watching them decimate the local papers they hoovered up, I'm frankly shocked that they have allowed him to continue speaking sharp truths (usually couched in humor)",no,[],[],[],[]
bsky_3m4hbroihsc2a,"(SPOILER in ROT13) V nyfb nz abg ernyyl bxnl jvgu gur snpg gung Qry Gbeb fbeg bs tnir Ivpgbe n erqrzcgvir raq nf bccbfrq gb gur tevzzre, zber qrfbyngr bar va gur abiry.",yes,"['V nyfb nz abg ernyyl bxnl jvgu gur snpg gung Qry Gbeb fbeg bs tnir Ivpgbe n erqrzcgvir raq nf bccbfrq gb gur tevzzre, zber qrfbyngr bar va gur abiry']","['I also am not really okay with the fact that Del Toro sort of gave Victor a redemptive end as opposed to the grimmer, more desolate one in the novel.']",['C4_Formal_Encoding'],"[""Classical_Cipher""]"
bsky_3m4hfhudysc2j,Chat I just had to talk to my dih like a dog…,yes,['dih'],['dick/penis'],['C2_Phonetic'],"[""Near_Homophone_Drift""]"
bsky_3m4ixi5w2kc2i,"
Wabi-sabi, for real beauty is always imperfect!!",no,[],[],[],[]
bsky_3m4j7bb2ewk27,i find 13yo racists on instagram that make videos with 2hollis' music under them so funny like have you seen what he looks like?? do you really think that it's supposed to be listened to dih heads like you???,yes,['dih heads'],['dickheads / insulting people'],['C2_Phonetic'],"[""Near_Homophone_Drift""]"
bsky_3m4ljprhmjk2f," In France in this area this is the sign of #Autumn
",no,[],[],[],[]
bsky_3m4mgchrobs22,Qatarlson is a good one though,yes,['Qatarlson'],['mocking nickname blending Qatar + Carlson'],"[['C6_Morpho_Lexical', 'C7_Referential_Alias']]","[[""Blending"", ""Pseudonymous_Labeling""]]"
bsky_3m4misbzpyk2w,Can we appropriate Tucker Qatarlson? It feels to good to let that go to waste.,yes,['Qatarlson'],['mocking nickname blending Qatar + Carlson'],"[['C6_Morpho_Lexical', 'C7_Referential_Alias']]","[[""Blending"", ""Pseudonymous_Labeling""]]"
bsky_3m4mit7amyc26,Where's his dih?,yes,['dih'],['dick/penis'],['C2_Phonetic'],"[""Near_Homophone_Drift""]"
bsky_3m4ncuybnws2n,"His 3-bed flat is larger than I expected. But the decor leaves a lot to be desired. I don’t think he’s redecorated in at least a decade. The furniture is worn & the carpet looks dirty even tho it’s clearly been hoovered. Luckily, I don’t spy cobwebs in the corners or dust on the surfaces.
#WIPsnips

[MEDIA ALT TEXT]
- Moodboard titled ‘A Most Inconvenient Arrangement’ with five images: London skyline, a couple embracing in a nightclub, a young woman dressed in smart office wear, a close-up of a young couple about to kiss, a young couple arguing, a man in the middle of removing his shirt.",no,[],[],[],[]
bsky_3m4nm4avnk22q,achro's goo dih,yes,['dih'],['dick/penis'],['C2_Phonetic'],"[""Near_Homophone_Drift""]"
bsky_3m4oh5dswa22p,My bf got a $5 bill in his bra at the gay club last night from a Le$bian. #winning,yes,['Le$bian'],['lesbian'],['C1_Orthographic'],"[""Visual_Similarity_Substitution""]"
bsky_3m4oi7mhcbs2c,"Seeing dih as I opened this app
Just instantly ruined my mood",yes,['dih'],['dick/penis'],['C2_Phonetic'],"[""Near_Homophone_Drift""]"
bsky_3m4pu6vtxkc2y,Needing to suck that dih rn 😝,yes,['dih'],['dick/penis'],['C2_Phonetic'],"[""Near_Homophone_Drift""]"
bsky_3m4pxw4z45s23,"Moral Bankruptcy between private white corporationpeople & the government surveillance state is really an abomination, especially now that DHS has become the world's largest unregulated domestic spy agency, that would make the East German Stasi blush, having hoovered up all your utility bills & info",no,[],[],[],[]
bsky_3m4qutlmhms2z,"also realized that i have to stop referring to all my friends as ""fine shyt"" bc it's a joke for us but not for the strangers i'm talkin to bc i need for the bad bitches i'm in conversation w to know that i am in fact single and whomever i call ""fine shyt"" is just one of my best friends",yes,['fine shyt'],['fine shit / attractive person'],"[['C1_Orthographic', 'C5_Sign_Reassignment']]","[[""Internal_Masking"", ""Lexical_Reassignment""]]"
bsky_3m4srveoxmc2u,dih cheney 🥀 URL,yes,['dih cheney'],['Dick Cheney'],['C2_Phonetic'],"[""Near_Homophone_Drift""]"
bsky_3m4twz3qt5k2b,"Does that dih feel good

YESS KING 😩😩😩😩😩😩😩😩😩

I CANT HEAR YOU 😠😠 DOES THAT DIH FEEL GOOD???? 😠😠😠

amazing 😩😩😩😩😩😩",yes,['dih'],['dick/penis'],['C2_Phonetic'],"[""Near_Homophone_Drift""]"
bsky_3m4v5ikk2vs2d,I voted for you to do something bout joos in NYC,yes,['joos'],['Jews'],['C2_Phonetic'],"[""Near_Homophone_Drift""]"
bsky_3m4vhkaj6as23,Kitchen as clean as its getting. Bathroom and lounge done. Hoovered the stairs. My bedroom will have to wait for another day as my iffy knee is killing me,no,[],[],[],[]
bsky_3m4w7uboiik2v,"Of course the person behind martlet rapper can write raps as well
Taking inspo from big puns the dream shatterer

[MEDIA ALT TEXT]
- 67 labubu dih phonk big daddy kane",no,[],[],[],[]
bsky_3m4wzpzb7m224,"The first mention of the village of #Tourbes appeared in 990 purchased by King Louis IX, better known as Saint-Louis.  
",no,[],[],[],[]
bsky_3m4xwutyea22c,"I also had a guy tell me “sybau Mantis lord"" after I called him a qp warrior, since when being Mantis lord is a bad thing BWHAAHAHAHA",yes,['SYBAU'],['shut your bitch ass up'],['C3_Formal_Compression'],"[""Initialism_Acronym""]"
bsky_3m4y3dp3sok2u,such a dih #nude #dih #jerk #long #mlm #gay,yes,"['dih', 'mlm']","['dick/penis', 'men-loving-men']","['C2_Phonetic', 'C3_Formal_Compression']","[""Near_Homophone_Drift"", ""Initialism_Acronym""]"
bsky_3m4yi6r3m522o,And then do you go full Wabi-sabi or break the binding to use it for random paper? It's a genuine struggle.,no,[],[],[],[]
bsky_3m4ytsnlems2h,sewer slide is my personal favorite,yes,['sewer slide'],['suicide'],['C2_Phonetic'],"[""Near_Homophone_Drift""]"
bsky_3m4yw2gk3k22l,HERES HER TAKING DIH!!!,yes,['dih'],['dick/penis'],['C2_Phonetic'],"[""Near_Homophone_Drift""]"
bsky_3m52q3rm3h22b,im a girl whose girl dih springs up when i see girls 👅,yes,"['dih', '👅']","['dick/penis', 'oral sex']","['C2_Phonetic', 'C10_Pictorial_Symbolic']","[""Near_Homophone_Drift"", ""Eventive-Iconicity""]"
bsky_3m53u2c3pgk2k,ni hao fine shyt,yes,['fine shyt'],['fine shit / attractive person'],"[['C1_Orthographic', 'C5_Sign_Reassignment']]","[[""Internal_Masking"", ""Lexical_Reassignment""]]"
bsky_3m54uinllic2j,"Lincoln: I have read and re-read the Bible, Shakespeare, and many, many political speeches. I will now produce some of the most original, powerful, and evocative works of the American civic canon.

AI: I have indiscriminately hoovered up many, many words. I will now produce some slop.",no,[],[],[],[]
bsky_3m55emx4ckc2u,"A bit of Regency Gossip complements of The Teatime Tattler.
#WritersCommunity #WriteLife #BookBlog #Romancelandia #ReaderCommunity #RomanceReaders #BookLovers #authors #writer #readers #BookSky💙📚 #Books #ReaderCommunity #RomanceReaders #amwriting 
bluestockingbelles.net/another-encr...",no,[],[],[],[]
bsky_3m55qcs34rc23,"Oh yeah

[MEDIA ALT TEXT]
- ""Wabi Sabi for Robots"" in the Mamdani font",no,[],[],[],[]
bsky_3m56cmqbyik2e,"SYBAU's design absolutely captures the essence of both someone who is told to sybau, and someone tells others to sybau. Masterclass!!!",yes,['SYBAU'],['shut your bitch ass up'],['C3_Formal_Compression'],"[""Initialism_Acronym""]"
bsky_3m56pyvumg22n,"Mamdani's boy, Qatarlson.  As I've explained for many months, this guy is a toxic fraud and every patriot should distance himself or herself from him and loudly",yes,['Qatarlson'],['mocking nickname blending Qatar + Carlson'],"[['C6_Morpho_Lexical', 'C7_Referential_Alias']]","[[""Blending"", ""Pseudonymous_Labeling""]]"
bsky_3m57bbp5nmc2l,"@USER  is so good today that I have hoovered the whole house, cleaned the bathroom and ironed two weeks of shirts. I’ve made up a massive playlist of music too. Perfect.",no,[],[],[],[]
bsky_3m5a75k6mqs2c,As long as there are mid white men being an ABG will never go out of fashion. If you’re a little chunky you can expand to other demographics (your parents wont approve of) as well.,yes,['ABG'],['Asian Baby Girl / Asian baddie stereotype'],['C3_Formal_Compression'],"[""Initialism_Acronym""]"
bsky_3m5ahzhuots2d,"JD, long dih style. :)",yes,['dih'],['dick/penis'],['C2_Phonetic'],"[""Near_Homophone_Drift""]"
bsky_3m5bijvphjc2h,Seeing fleshy veiny realistic dog dih in feral porn instead of monocoloured untextured dog dih is refreshing,yes,['dih'],['dick/penis'],['C2_Phonetic'],"[""Near_Homophone_Drift""]"
bsky_3m5bv4tzwrm22,"Art was never about the highest skill level.
It has always been about imperfection: wabi-sabi.

Like Amsterdam canal houses. No two are identical, each slightly off, built over decades.

That's why we like them.

We hate modern art because of standardisation.",no,[],[],[],[]
bsky_3m5cencjags2x,"✨ Muscled Wizard Girlfriend Adoptable! ✨
She’s got the magic touch... and muscles that could cast a spell on you. 💋
Strong, seductive, and ready to make your fantasies reality.

🔮 Adopt her now: ych.art/auction/2185...

#Adoptable #FRK #MuscleGirl #ThickGirl #OCadopt #SexyArt #YCH",yes,['ThickGirl'],['curvy/full-figured sexualized female body type'],['C5_Sign_Reassignment'],"[""Lexical_Reassignment""]"
bsky_3m5epy55hsk2x,"( Being In 🄼🄸🄳🄳🄻🄴🅂🄿🄰🄲🄴 ) Send Them To Him, Or Even Post Them!! My Daddy Got ME To Fall Back IN LOVE With MYSELF! & He Helped BOOST My Self Confidence, &  NURTURED My Self Esteem SO Much! 👶🏼👧🏼👱🏼‍♀️🧸🍼🧃📱🧋📷💕📸😢😭💔❤️‍🩹🥹🥹😍🥰😘💗🫶🏻",yes,"['🄼🄸🄳🄳🄻🄴🅂🄿🄰🄲🄴', 'Daddy']","['age-regression', 'dominant/caregiver kink role']","['C8_Semantic_Circumlocution', 'C5_Sign_Reassignment']","[""Euphemism"", ""Lexical_Reassignment""]"
bsky_3m5eqfvbl7k2k,telling people to put there dih in someone who use to be a kid is some diddy blud ahh media,yes,"['dih', 'ahh']","['dick/penis', 'ass']","['C2_Phonetic', 'C2_Phonetic']","[""Near_Homophone_Drift"", ""Near_Homophone_Drift""]"
bsky_3m5eue2tadk2t,Trying not to tell some of yall to sybau,yes,['SYBAU'],['shut your bitch ass up'],['C3_Formal_Compression'],"[""Initialism_Acronym""]"
bsky_3m5exalt5uc2u,I once saw a video of a dih going in another dih. It looked painful.,yes,['dih'],['dick/penis'],['C2_Phonetic'],"[""Near_Homophone_Drift""]"
bsky_3m5f2kp46g226,"Hey Joe, how have you been my brother?  🧃🍇🍔🍰🥤🥑🍕🥤🧋.",no,[],[],[],[]
bsky_3m5feabpyds2j,"I wasn’t an iPad kid but I am 10000% an iPad adult, complete with a sippy cup with adult juice 🧃",yes,['adult juice'],['alcoholic drink'],['C8_Semantic_Circumlocution'],"[""Euphemism""]"
bsky_3m5gazbw2sk2x,"🎙️ 8 industry-focused talks
🔖 Curated single-track programme
📍 Everyman Cinema, Leeds, UK
☕ Top notch indie tea & coffee
💻 Free co-working for all attendees
🧃 Post-event networking with social

Celebrating ten years of All Day Hey! with our final conference.",no,[],[],[],[]
bsky_3m5gerbrodk2a,Poor dirty dih🥀,yes,['dih'],['dick/penis'],['C2_Phonetic'],"[""Near_Homophone_Drift""]"
bsky_3m5hdgubizc26,"dih goes in ahh' has been stuck in my head for 2 days now, it's so stupid but it won't leave my mind palace",yes,"['dih', 'ahh']","['dick/penis', 'ass']","['C2_Phonetic', 'C2_Phonetic']","[""Near_Homophone_Drift"", ""Near_Homophone_Drift""]"
bsky_3m5hfy4vnws2j,"Regular milk, choccy milk, or monster? Oh my! 🍼 

A reminder that you can have any drink for your milk belly picture. 🧃🥤🥛☕  I still have a few spots open for $25 if anyone is interested! Just send me a dm! 

#babyfur #kidfur #littlespace #milkbelly #furryart",yes,"['babyfur', 'kidfur', 'littlespace', 'milkbelly']","['furry age-regression kink identity', 'furry childlike/age-regression kink identity', 'age-regression/kink headspace', 'milk-filled belly fetish/commission theme']","[['C6_Morpho_Lexical', 'C5_Sign_Reassignment'], ['C6_Morpho_Lexical', 'C5_Sign_Reassignment'], ['C5_Sign_Reassignment'], ['C6_Morpho_Lexical', 'C5_Sign_Reassignment']]","[[""Blending"", ""Lexical_Reassignment""], [""Blending"", ""Lexical_Reassignment""], [""Lexical_Reassignment""], [""Blending"", ""Lexical_Reassignment""]]"
bsky_3m5hjjmwl7c24,"Me: I think i'm doing better now and i'm in the mood to start drawing again

Rude ass Dead Silence puppet: SYBAU IDGAF",yes,['SYBAU'],['shut your bitch ass up'],['C3_Formal_Compression'],"[""Initialism_Acronym""]"
bsky_3m5hnrs5ww22f,catching th3e4 fish w ma dih,yes,['dih'],['dick/penis'],['C2_Phonetic'],"[""Near_Homophone_Drift""]"
bsky_3m5hqzubdac2e,Slurp me up.🧃,yes,"['slurp me up', '🧃']","['oral sex', 'sexual fluid/cum implied by juice emoji']","[['C9_Metaphor_Metonymy', 'C8_Semantic_Circumlocution'], ['C10_Pictorial_Symbolic']]","[[""Metaphorical_Mapping"", ""Euphemism""], [""Eventive_Iconicity""]]"
bsky_3m5huaopdgs2w,"checking in as someone who listened to the audio book (read by Sheryl Lee herself), significant series spoilers implied by saying (rot13 cypher) na ncebkvzngr 1 va 4 ernqref znl abg or noyr gb ernq vg nyy va bar fvggvat, sbe zragny urnygu ernfbaf.",yes,['zragny urnygu'],['mental health'],['C4_Formal_Encoding'],"[""Classical_Cipher""]"
bsky_3m5i5hm27es2v,She be playing around posing like issa game like she 18 or some ...i fw shawty she seem a lil fruity 🍓🍰🧃,yes,['fruity'],['gay/queer-coded'],['C5_Sign_Reassignment'],"[""Lexical_Reassignment""]"
bsky_3m5iqzqaisk23,"Dude, you should stick your dih in there 🫨",yes,['dih'],['dick/penis'],['C2_Phonetic'],"[""Near_Homophone_Drift""]"
bsky_3m5joybpsfs2y,my dih hurts bro,yes,['dih'],['dick/penis'],['C2_Phonetic'],"[""Near_Homophone_Drift""]"
bsky_3m5jpmevcsk27,"Has Elon Mugg hoovered up all their salaries?  Can't blame them.

And Cybertruck sales - or lack of - won't help.",no,['Elon Mugg'],['Elon Musk'],"[['C2_Phonetic', 'C7_Referential_Alias']]","[[""Near_Homophone_Drift"", ""Pseudonymous_Labeling""]]"
bsky_3m5k7776bsk2u,"I actually do need to ask if this is a new pronunciation or a typo

- From The Will of the Many deluxe edition by James Islington the word Iudicium has a pronunciation of (you-dih-KEY-um)
- From The Strength of the Few deluxe edition by James Islington the word Iudicium has a pronunciation of (you-DISS-ee-um)",no,,[],[],[]
bsky_3m5kkidjjvs2b,good morning Smol friend! ✨🧃,no,,[],[],[]
bsky_3m5kqq6xpis2y,Star Trek? More like these haters Start Rekt,no,['Rekt'],['wrecked / badly defeated'],['C2_Phonetic'],"[""Near_Homophone_Drift""]"
bsky_3m5lxloauts2o,When you don't have friends to tell you to sybau 😔,yes,['SYBAU'],['shut your bitch ass up'],['C3_Formal_Compression'],"[""Initialism_Acronym""]"
bsky_3m5ly47wub22i,"#StarTrek #Limerick
S2E11 'Friday's Child'_x000D_(1967)

Monday's child: 'Topaline's a best seller'_x000D_
Tuesday's child is a Kligat propellor!_x000D_
Wednesday's child starts a coup_x000D_
Thursday's child breaks taboo_x000D_
Friday's child's the High Teer of Capella

Saturday's child pew pew_x000D_
Sunday's child coochy-coo!",yes,['pew pew'],['gun/shooting sound'],"[['C9_Metaphor_Metonymy', 'C6_Morpho_Lexical']]","[[""Metonymic_Encoding"", ""Reduplicative_Expansion""]]"
bsky_3m5lyqu53d222,he has a dih,yes,['dih'],['dick/penis'],['C2_Phonetic'],"[""Near_Homophone_Drift""]"
bsky_3m5mn5ax3rc2d,"Did you know Variety covers funding gaps in PharmaCare deductibles for continuous glucose monitors, insulin pumps, and some types of insulin?

So far in 2025, we’ve helped 89 kids with diabetes in 43 communities across BC, with more than $101,000 invested in essential supplies.

#WorldDiabetesDay 💉🧃

[MEDIA ALT TEXT]
- Freydis smiles as she holds up a handmade drawing. More drawings hang on the wall behind her.",no,[],[],[],[]
bsky_3m5muq6uunk2t,Ummm pin me down and make me scream Beetlejuice! 😜🪲 🧃,yes,['pin me down and make me scream'],['rough sex / BDSM-style sexual request'],"[['C8_Semantic_Circumlocution', 'C9_Metaphor_Metonymy']]","[[""Euphemism"", ""Metaphorical_Mapping""]]"
bsky_3m5n5wb4cp72a,"🎮 Canadian Gamer is LIVE! Playing I wanna Dih-patch on both Invisgal & BlondeBlazer | Last Two Ep of Dispatch

    📺 Twitch: URL
    #gaming #livestream #Twitch  #CG_BLUSKY",no,[],[],[],[]
bsky_3m5ngcymchs2x,I've given up. It's stopped but it did that before for a little while so I'm not holding my breath. It's been hoovered and I've even put the heating on in case it's the temperature drop interfering with it (the wonders of Google). The night before it was scratching in the wall keeping me awake 😭,no,[],[],[],[]
bsky_3m5nhv3hlr22j,"“I don’t want my son to hate me"" SYBAU Richie",yes,['SYBAU'],['shut your bitch ass up'],['C3_Formal_Compression'],"[""Initialism_Acronym""]"
bsky_3m5o3p5bs6c2a,"The positioning, the contrast ... the wabi-sabi of it all. Gorgeous.💓",no,[],[],[],[]
bsky_3m5oefbtvuc2r,"Get the nerve to shsre photo of myself on social
Get DMs saying ""erm hon your bio says boymoder but you just look like a woman""

Sybau just shut up, you think I'm gonna share a pic of what I normally look like????",yes,"['SYBAU', 'boymoder']","['shut your bitch ass up', 'trans woman/person presenting as male or boyish to pass/avoid attention']","[['C3_Formal_Compression'], ['C5_Sign_Reassignment', 'C6_Morpho_Lexical']]","[[""Initialism_Acronym""], [""Lexical_Reassignment"", ""Affix_Manipulation""]]"
bsky_3m5ojyszlf22o,It’s got ✨wabi sabi✨,no,[],[],[],[]
bsky_3m5ontq4yec2h,"🤝

- Sheetz magnet given to loyal fans that says “FRK"" and level 3 freak.",yes,['FRK'],['freak'],['C3_Formal_Compression'],"[""Lexical_Clipping""]"
bsky_3m5onu2fbak2s,First person to DM me gets a dih pic,yes,['dih'],['dick/penis'],['C2_Phonetic'],"[""Near_Homophone_Drift""]"
bsky_3m5oo7jsvf22z,Now that you say it I messed up the upload again there was supposed to be a Strap and a regular dih version 😭,yes,"['Strap', 'dih']","['strap-on dildo/toy version', 'dick/penis']","['C5_Sign_Reassignment', 'C2_Phonetic']","[""Lexical_Reassignment"", ""Near_Homophone_Drift""]"
bsky_3m5ooz5wdgc2m,I truly believe in #Wabi-sabi,no,[],[],[],[]
bsky_3m5osnn3wes2d,I wish I had a dih 🥀,yes,['dih'],['dick/penis'],['C2_Phonetic'],"[""Near_Homophone_Drift""]"
bsky_3m5oxcmxfic2b,"In fact,""🆓Markets""work best with""perfect information"".

Hence the need for""labelling laws""🔛🧃🥫…!  Of course🏭,interested in exorbitant profits from unethical use.of""Externalities""associated with""imperfect information""for🚛🛒💁🏻‍♀️💵fought this law!Hence""Democratic""vote""by consumer is important!👈🏽reality",no,[],[],[],[]
bsky_3m5oyphpzlk23,"Nothing it’s just the way people are doing wabi-sabi “trend"" on TikTok for their plants and animals but can’t accept it for themselves or their own lives",no,[],[],[],[]
bsky_3m5pyu4ik5c2k,I prefer the dih,yes,['dih'],['dick/penis'],['C2_Phonetic'],"[""Near_Homophone_Drift""]"
bsky_3m5qx7k75ss2r,Good morning Bluesky Network. The Seventh Conquest of Mount ABG is underway. Thank Yew. @USER @USER-u.bsky.social @USER,yes,['ABG'],['Asian Baby Girl / Asian baddie stereotype'],['C3_Formal_Compression'],"[""Initialism_Acronym""]"
bsky_3m5qxjtfih22t,"tnt... nov 16th... lmanber- 💥💥💥💥

💽 sybau stfu",yes,"['sybau', 'stfu']","['shut your bitch ass up', 'shut the fuck up']","['C3_Formal_Compression', 'C3_Formal_Compression']","[""Initialism_Acronym"", ""Initialism_Acronym""]"
bsky_3m5r74yq7ec2q,My high score in this is 58008,yes,['58008'],['BOOBS'],['C1_Orthographic'],"[""Inversion_Based_Glyph-Encoding""]"
bsky_3m5rdslewpc2l,I like it 2 much 🥕🧃🐰,no,[],[],[],[]
bsky_3m5rf4ioosc24,Okay so the caffeine is in my veins. I think I'm going to be okay sewerslide sunday has been postponed,yes,['sewerslide'],['suicide'],['C2_Phonetic'],"[""Near_Homophone_Drift""]"
bsky_3m5rukxzpc22i,"8 more years. 🖤 #GoKingsGo
🧃🧃🧃🧃🧃🧃🧃🧃",no,[],[],[],[]
bsky_3m5rygfv2ns25,Chiefs btfo get rekt,yes,['rekt'],['wrecked / badly defeated'],['C2_Phonetic'],"[""Near_Homophone_Drift""]"
bsky_3m5rylxivhs2u,iwannasee my wife's dih,yes,['dih'],['dick/penis'],['C2_Phonetic'],"[""Near_Homophone_Drift""]"
bsky_3m5s2z2amtc2j,I like its vibes 🪲🧃,no,[],[],[],[]
bsky_3m5sfxse54c2l,i literally never stop talking about my dih im becoming more masculine by the second,yes,['dih'],['dick/penis'],['C2_Phonetic'],"[""Near_Homophone_Drift""]"
bsky_3m5splcohds2k,gay gen alpha phil collins: i can feel dih cumming in the ahh tonight,yes,"['dih', 'ahh']","['dick/penis', 'ass']","['C2_Phonetic', 'C2_Phonetic']","[""Near_Homophone_Drift"", ""Near_Homophone_Drift""]"
bsky_3m5szunbazc2x,"The only thing I can recall from school history is: Cerdicae's (?sp.) League. No idea who or what that was. Desperate to find out.

The first word is a pseudo-Welsh spelling for something that sounded like kurr-dih-kays by the way.",no,[],[],[],[]
bsky_3m5t6xsxatc22,"“Rise above an feel the love. Your time has come.""

This song is potent…

“I am she. I am that. She is me. That’s a fact.""

Mondays are for invoking Our Divine Feminine b4 feet even hit da floor 

💕🍬🎀🧸🫶🏻✌🏼🪄🔮🌸🧘🏼‍♀️🍼🧃
open.spotify.com/track/4o4ZLR...",no,[],[],[],[]
bsky_3m5tkuwwoes23,"Just found out what sybau means and I thought it was people just saying shit like “chudai"" 😭😭😭",yes,"['sybau', 'chudai']","['shut your bitch ass up', 'sex/fucking']","['C3_Formal_Compression', 'C11_Cross_Linguistic']","[""Initialism_Acronym"", ""Translation_Based_Encoding""]"
bsky_3m5trfzgwhc2j,So fine shyt with the tattoos is a bottom that gets passed around?? I'm gonna need him to be like my baby Jin and be a power bottom,yes,"['fine shyt', 'bottom', 'passed around', 'power bottom']","['attractive person', 'receptive sexual role', 'sexually shared by multiple people', 'assertive receptive sexual partner']","[['C1_Orthographic', 'C5_Sign_Reassignment'], ['C5_Sign_Reassignment'], ['C8_Semantic_Circumlocution'], ['C5_Sign_Reassignment']]","[[""Internal_Masking"", ""Lexical_Reassignment""], [""Lexical_Reassignment""], [""Euphemism""], [""Lexical_Reassignment""]]"
bsky_3m5ujeibipu2o,bro kept replying to every comment! SYBAU!,yes,['sybau'],['shut your bitch ass up'],['C3_Formal_Compression'],"[""Initialism_Acronym""]"
bsky_3m5wpve3a6222,"I've got too many things beepin' an' boppin' around in my head. Hoovered up from online or wherever. Got to relieve the pressure valve sometime, gingerly. :-P",no,[],[],[],[]
bsky_3m5wx3jhmg22v,My dih gonna explode I can't do this they're so hot 🤤,yes,['dih'],['dick/penis'],['C2_Phonetic'],"[""Near_Homophone_Drift""]"
bsky_3m5x6b46mhc2i,Which will rekt the BRICS+ threat to the dollar.,yes,['rekt'],['wrecked / badly defeated'],['C2_Phonetic'],"[""Near_Homophone_Drift""]"
bsky_3m5xcsybii22r,It’s got wabi sabi :) @USER,no,[],[],[],[]
bsky_3m5ymvnhdgc25,"Air Riders spoilers (only about character roster) 

Hasbeghangr gung Fnxhenv fnvq jbzra’f jebatf ohg vg unf orra n juvyr fvapr jr tbg n ernyyl pbby arj Qrqrqr phm gur xavtugf ner fcbvyrq. V’z abg fher jul gurl oyrj gurve ybnq ba gur jubyr ebfgre orsber eryrnfr gubhtu",yes,['oyrj gurve ybnq'],['blew their load'],['C4_Formal_Encoding'],"[""Classical_Cipher""]"
bsky_3m5yqj3gu2c2a,You hoovered the fridge 😱😅,no,[],[],[],[]
bsky_3m5zjf7nyfc2k,fun dih practice,yes,['dih'],['dick/penis'],['C2_Phonetic'],"[""Near_Homophone_Drift""]"
bsky_3m5znxhq6zc2x,"If you meet the Buddha on the road, unalive him",yes,['unalive'],['kill'],['C8_Semantic_Circumlocution'],"[""Euphemism""]"
bsky_3m62bjfyv2s2t,"Aster drops ‘Machi mode’ to reward getting rekt as Machi leads liquidations

Machi Big Brother dominates the liquidation leaderboard with 71 liquidations so far this month, far ahead of James Wynn and Andrew Tate.
#crypto #news",yes,['rekt'],['wrecked / badly defeated'],['C2_Phonetic'],"[""Near_Homophone_Drift""]"
bsky_3m62bzezuxk2t,"Joos de Momper II. (1564-1635)
Winter Landscape  c.1635.
Oil on Canvas.",no,[],[],[],[]
bsky_3m62zubkhvs2n,"Just saw a TikTok from a Twitch streamer with 64k followers telling someone to 'sybau and take a nap' over a tame build complaint. DBD streamers are some of the most toxic I’ve seen, right next to Fortnite, and the companies behind them feed it.",yes,['sybau'],['shut your bitch ass up'],['C3_Formal_Compression'],"[""Initialism_Acronym""]"
bsky_3m633xrgqmc2j,the only thing you should do is sybau ,yes,['sybau'],['shut your bitch ass up'],['C3_Formal_Compression'],"[""Initialism_Acronym""]"
bsky_3m63bm2mjac24,"💡Npghnyyl V'z abg fher vs lbh'yy or va cnva nsgre na nggrzcgrq fhvpvqr. V guvax gur guvat jnf lbh qb abg srry cnva sebz nal arj guvat gung'f vasyvpgrq ba lbh. Fb ab ehoovat ba bhg ba gur rkvfgragvny avtugzner genva pne, or cerccrq jvgu na rkuvovgvbavng xvax yvxr gur erfg bs hf",yes,"['nggrzcgrq fhvpvqr', 'ehoovat ba bhg', 'rkuvovgvbavng xvax']","['attempted suicide', 'rubbing one out', 'exhibitionist kink']","['C4_Formal_Encoding', 'C4_Formal_Encoding', 'C4_Formal_Encoding']","[""Classical_Cipher"", ""Classical_Cipher"", ""Classical_Cipher""]"
bsky_3m63mktr7222i,"One of my early attempts at wood inlays, it's definitely a little wabi sabi the way the leaf looks half-submerged despite being entirely flush with the surface. #MyArt

[MEDIA ALT TEXT]
- A translucent green-aqua d20 with gold numbers and a wooden leaf inlay as the high face surrounded by bright pink foil
- A translucent green-aqua d20 with gold numbers showing the 1 face a green-gold with splashes of flaky glitter
- A close up of the 1 face of the d20, showing off how it practically glows from within
- A macro shot of the '18' face of a aqua-green d20 where the ambient light bouncing around the translucence gives it a green glow from within",no,[],[],[],[]
bsky_3m645gyc6g22k,Wow! I need a Hawk tuah,yes,['Hawk tuah'],['spitting/oral-sex meme phrase'],['C5_Sign_Reassignment'],"[""Lexical_Reassignment""]"
bsky_3m65ljpjuik2b,"When asked for comment, Ja'Marr Chase replied, ""hawk tuah""",yes,['hawk tuah'],['spitting/oral-sex meme phrase'],['C5_Sign_Reassignment'],"[""Lexical_Reassignment""]"
bsky_3m666r2vz5k24,Hawk tuah man #smilingfriends #hawktuah,yes,['Hawk tuah'],['spitting/oral-sex meme phrase'],['C5_Sign_Reassignment'],"[""Lexical_Reassignment""]"
bsky_3m66cvhob6xb2,"I finally got a place to make music now and I can tell you I felt incomplete and unalive without this possibility or when only doing music for the immediate now, for work.
I'm the happiest! Lets go production winter! and THANKYOU WORLD I feel very lucky to be able to use my ears and soothe the […]",yes,['unalive'],['dead / not alive'],['C8_Semantic_Circumlocution'],"[""Euphemism""]"
bsky_3m66kaoyo2c2k,"Big dih Goat

#furry #furryart #furrynsfw #nsfw #gay #oc",yes,['dih'],['dick/penis'],['C2_Phonetic'],"[""Near_Homophone_Drift""]"
bsky_3m66tl2kic22k,"Updated the image-meme so that they're discussing the people who dumbed down society in the early 21st century 
(this was probably funnier in my head)",no,[],[],[],[]
bsky_3m66u5oa6vk2p,"Aww I really like the wabi sabi trend on tiktok. Yeah imperfections make you more unique. Positive trend.

- Things are often chopped and cooked before they're served and ate meme with a cat in a hat.",no,[],[],[],[]
bsky_3m6al6mdlos2i,I want the ‘brown’ one. Ripe bananas are FULL of sweet joos! ❤️🔥❤️‍🔥😈👅💦,yes,"['sweet joos', '👅','💦']","['sexual fluids/juice', 'oral sex', 'ejaculation']","[['C2_Phonetic', 'C8_Semantic_Circumlocution'], 'C10_Pictorial_Symbolic', 'C10_Pictorial_Symbolic']","[[""Near_Homophone_Drift"", ""Euphemism""], ""Eventive-Iconicity"", ""Referential_Iconicity""]"
bsky_3m6aqmrruoc2p,"Have the ""studies"" on ""the website"" also not ruled out the possibility that the brain worm got the best of FRK Jr. and led him to spout sheer nonsense?",no,[],[],[],[]
bsky_3m6b3jntvnk2j,you should gimme a hawk tuah!,yes,['hawk tuah'],['spitting/oral-sex meme phrase'],['C5_Sign_Reassignment'],"[""Lexical_Reassignment""]"
bsky_3m6b3tqx26s2g,I feel I need a hawk tuah now!,yes,['hawk tuah'],['spitting/oral-sex meme phrase'],['C5_Sign_Reassignment'],"[""Lexical_Reassignment""]"
bsky_3m6bc5em7622k,also sybau at once,yes,['sybau'],['shut your bitch ass up'],['C3_Formal_Compression'],"[""Initialism_Acronym""]"
bsky_3m6biddlkp22e,V guvax Nxvb fubhyq unir Unehxv ba uvf onpx univat frk naq Unehxv vf whfg ybbxvat ng uvz jvgu pbzcyrgr qvfthfg naq ungerq,yes,['univat frk'],['having sex'],['C4_Formal_Encoding'],"[""Classical_Cipher""]"
bsky_3m6bnkrd2z22m,It was always going to be: If they'd subsidise it and sell at less than cost price then all the stock would be hoovered up by crypto miners and AI farms so they wouldnt actually sell any games off the back of their stock so they have to sell it at > cost to ensure it ends up in the hands of gamers.,no,[],[],[],[]
bsky_3m6ccfpdvf223,"It's your 3rd day of your new school and... somebody is already out to unalive you!?!?! 🔪

Just what horrible jokes did you make to incur his wrath 😭😭😭

Game: Jest Messters
Link: elseth.itch.io/jest-messters

#visualnovel #otome #indiegames #datingsim #otomedev",yes,['unalive'],['kill'],['C8_Semantic_Circumlocution'],"[""Euphemism""]"
bsky_3m6d24o6has22,"Art Train, yay!🚂

Let's go with some oc stuff of any kind.

Share 4 artworks and tag 4 people:

@USER 
@USER
@USER
@USER

[MEDIA ALT TEXT]
- A ""World of warcraft"" dracthyr in visage, hoovering in the air with one hand behind his back and the other raised and having fingers making a heart shape, above which is a heart in Pride colours. Under the dracthyr is written ""Happy Pride Month!""
",no,[],[],[],[]
bsky_3m6d3s6nljc2l,hawk tuah now!,yes,['hawk tuah'],['spitting/oral-sex meme phrase'],['C5_Sign_Reassignment'],"[""Lexical_Reassignment""]"
bsky_3m6diu4s6ks2x,You have no dih to be dihpressed,yes,"['dih', 'dihpressed']","['dick/penis', 'depressed']","['C2_Phonetic', 'C2_Phonetic']","[""Near_Homophone_Drift"", ""Near_Homophone_Drift""]"
bsky_3m6duqgeh6s2l,"💥 Over $3.7B in crypto longs liquidated in 7 days! Markets shaken, traders REKT! #CryptoLiquidations #Bitcoin #CryptoNews 🚨

coinomedia.com/crypto-longs...",yes,['REKT'],['wrecked / badly defeated'],['C2_Phonetic'],"[""Near_Homophone_Drift""]"
bsky_3m6e46ktbok2l,"miklan: sybau 

byleth: study your bible and understand? hell yeah.",yes,['sybau'],['shut your bitch ass up'],['C3_Formal_Compression'],"[""Initialism_Acronym""]"
bsky_3m6fci3qew22w,"I wanna Get Rekt (2014)
Tehjman1993, Klazen108",no,[],[],[],[]
bsky_3m6fwu65kxs25,"The PIR formula, commissioned by the pipeline industry, has a history of underestimating the impact of pipeline failures. These miscalculations have claimed lives. 

Read the full blog: tinyurl.com/PIRblogpost",no,[],[],[],[]
bsky_3m6fzy2ng6b2e,"Get rekt, you deadbagel!",yes,['rekt'],['wrecked / badly defeated'],['C2_Phonetic'],"[""Near_Homophone_Drift""]"
bsky_3m6g6vpxp3k2d,"The scared toddlers ruling over many social media sites may still believe in ""it won't appear if I never say its name"", but I am actively repulsed by such terms as ""unalive"", ""oof"" (as a euphemism), or ""k-word"".

NATO phonetic alphabet IN ALL CAPS FOR EMPHASIS or nothing.",yes,"['unalive', 'oof', 'k-word']","['die/suicide/death', 'kill/die euphemism', 'kill or a censored k-word']","['C8_Semantic_Circumlocution', 'C8_Semantic_Circumlocution', 'C8_Semantic_Circumlocution']","[""Euphemism"", ""Euphemism"", ""Euphemism""]"
bsky_3m6gd2f2ooc27,"The D'Artagnan who is at work in the morgue is different from the D'Artagnan you encounter at a function, and that D'Artagnan is different from the D'Artagnan you encounter at a burial. 

#soupwrites

[MEDIA ALT TEXT]
- A woman in gown and hennin of deepest black stands near the casket, a small boy clinging to her legs, face buried in her skirts. He can't be more than some ten Summers old by your estimation, face red with consternation to the tips of his elongated ears, just starting to grow into that distinctly Elezen shape with mouse-brown hair tamed into a sleek part by too much pomade- you can smell the redolence of clove from where you sit, in fact. The boy peeks furtively from the volume of his mother's skirts, scrubbing at his tears with tiny fists clad in black cotton gloves. 

""Maman, I cannot bear to see him!"" 

""Hush, my little chick– Monsieur, my apologies for my son… he has never…"" 

""Beheld the beloved dead,"" the man from the pulpit says, matter-of-fact, and nods, ""If I may…?"" 

With a small gesture of her hand, the mother consents, and gently separates from the boy, who stands brave and puffy-eyed before the tall man, eyes screwed to the floor as he sniffles. The man, with apparent difficulty, lowers himself to kneel on one knee– you can see the primal expression of pain pinching his features even from your vantage point– and talks to the boy, soft and low and lulling, so low that you cannot hear as the two speak and the man gently clasps the boy's hands. 

There has been a stony cast to the man's demeanor until this moment, when he softens a mote imperceptibly, and you silently slip nearer, choosing a shadowy alcove in which to ensconce yourself to view the tableau better, a story unfolding before your eyes. 

""It is good, I think, to say goodbye to those you love. And your love held him dearest in your heart, I take it?"" The man asks the boy.
- The boy nods wordlessly, sniffling, scrubbing at his eyes again. They are the color of cerulean; oft considered a mark of luck in Ishgard, to have such a shade of blue in the eyes. Azure. Fortuitous portent found in this boy who struggles to confront the finality of death. You hang your head, watching them through your lashes. 

""In my work,"" The man says softly, taking the boy gently by the shoulders, ""I could hardly gainsay I have loved him as gently as you; I have bathed him, shaved his face carefully, dressed him meticulously to ready him for this goodbye. There is naught to fear in the company of the departed; naught else but the enormity of one's own grief. Your mother tells me it is your ambition to become a Knight Dragoon, is that correct?""

The boy, face reddened, nods profusely and stammers a ""Yes,"" little fists clenched at his sides, in the woolen fabric of his little black hose. 

""Allow yourself this first victory over Death, beloved,"" The man says, ""And I will be as your seneschal."" 

He extends his hand, and the child after some small hesitation takes it. They walk together to the casket, hand in hand.
- As you approach, his closest approximation to a welcoming expression goes cold as a snuffed candle and finally the other half of his lopsided mouth evens into one irascible pinch, and though his eyes are unmoving and focused on the procession of mourners filtering out of St. Reymanaud's, he does have the good grace to address you, ""What is it you need..."" 

""No way to address the grieved, Ser,"" you say. For all his poise and the unflinching patience he'd shown that toddling child not even a bell ago (even if still a bit terse), he is rude, as if your presence is no more than an intrusion on a strictly regimented plan. Your next word would blow a house of cards down, and he is cross for it. 

Gaze still pinned on the crowd, he squints a little, minute lines at the corners of his eyes betray an exhaustion surely beyond his years, and he leans toward you casually, his fougere of deepwood fern, resinous, spicy and slightly acrid wafts into your nose, your mouth, ""You lie,"" his caustic tone belies his placid expression and he gives a wave and a nod at a departing mourner who gives him a sad smile and leaves, sniffling into her handkerchief, ""You are not of the grieved. You thought I wouldn't see you? Sliding in after the second bell… even the crows have enough respect to skulk about until after the mourners have left. What. Do you want."" 

""T'was the pipe organ,"" You decide you will play his game and glue your eyes to the mourners; they take a turn of the season to filter out and you watch a man steal glances and mime kisses on the air at a handsome companion of his as a woman, likely his wife for the matching frock she wears, pulls him, smiling affectionately with a cautious and tenderly admonishing pat on his shoulder, into the throng, ""The playing was lovely… I'd wondered…"" 

""And your wondering lead to wandering and you have trespassed upon the most venerable and sacred rites of the dead, are you quite satisfied? Or must I forward your compliments to Celestinette?""",no,[],[],[],[]
bsky_3m6hn2p5bd225,"Hawk Tuah plays a hawk that says “6, 7""",yes,['Hawk Tuah'],['spitting/oral-sex meme phrase'],['C5_Sign_Reassignment'],"[""Lexical_Reassignment""]"
bsky_3m6ht4z662s2r,I wanna hawk tuah electric avenue,yes,['hawk tuah'],['spitting/oral-sex meme phrase'],['C5_Sign_Reassignment'],"[""Lexical_Reassignment""]"
bsky_3m6hzxmmgy22f,"get rekt, idiot",yes,['rekt'],['wrecked / badly defeated'],['C2_Phonetic'],"[""Near_Homophone_Drift""]"
bsky_3m6iatcxcec26,Call him Edgar come again cause he is Hoovering up all the love,no,[],[],[],[]
bsky_3m6ib2luais2e,whup brit🍑t coochy roll loose f0r me,yes,"['🍑', 'coochy']","['butt', 'vagina']","['C10_Pictorial_Symbolic', 'C2_Phonetic']","[""Referential_Iconicity"", ""Phonological Template Substitution""]"
bsky_3m6iein5xwk2r,"The Bataan Unalive March
The Mai Lai Unalivening
The Hollow Coast
The JFK Mind Blow",yes,"['Unalive March', 'Unalivening', 'Hollow Coast', 'Mind Blow']","['Death March', 'killing/massacre', 'Holocaust', 'headshot/assassination']","[['C8_Semantic_Circumlocution'], ['C8_Semantic_Circumlocution', 'C6_Morpho_Lexical'], ['C2_Phonetic', 'C8_Semantic_Circumlocution'], ['C8_Semantic_Circumlocution']]","[[""Euphemism""], [""Euphemism"", ""Affix_Manipulation""], [""Near_Homophone_Drift"", ""Euphemism""], [""Periphrasis""]]"
bsky_3m6jinskpkd2k,۶ৎ heh..erm....erm what the sigma...erm what the skibidi...erm what the fortnite...erm what the among us...erm what the rizz.... ۶ৎ,no,[],[],[],[]
bsky_3m6jubddiw22v,My dog wouldnt do that. She'd be on the table hoovering everything up!,no,[],[],[],[]
bsky_3m6kigfdws22o,One of my teens said she thinks of me when she hears the term wabi-sabi.,no,[],[],[],[]
bsky_3m6kikuviwk2q,My contribution to tomorrow's dinner.  The crust has Wabi Sabi.,no,[],[],[],[]
bsky_3m6la7boedk2t,"Keeping doing your thing young man. From the streets of Bmore to a photographer

I’m glad somebody helped him. Got a grown man shedding some tears",no,[],[],[],[]
bsky_3m6le42gqa22s,Unalive the po-po in ur head,yes,"['Unalive', 'po-po']","['kill', 'police']","['C8_Semantic_Circumlocution', [C3_Formal_Compression', 'C6_Morpho_Lexical']]","[""Euphemism"", [""Lexical_Clipping"", ""Reduplicative_Expansion""]]"
bsky_3m6mb3zgtt22x,"nobody mentioned antizionism but you, bud.

so sybau. we can spot you antisemites coming from a mile away.",yes,['sybau'],['shut your bitch ass up'],['C3_Formal_Compression'],"[""Initialism_Acronym""]"
bsky_3m6mllf26vs2f,"Love the character, the history, the very wabi-sabi of them. 💓",no,[],[],[],[]
bsky_3m6msokqmqc2j,"we all know hawk tuah girl is gonna be president in a few years

you may think i am joking. but deep down, you know it to be true.",yes,['hawk tuah'],['spitting/oral-sex meme phrase'],['C5_Sign_Reassignment'],"[""Lexical_Reassignment""]"
bsky_3m6mwqykljm2j,Crushing on the Clock ,no,[],[],[],[]
bsky_3m6n3uw7ylk2o,"I started to tell this story to some students earlier and one exclaimed wabi-sabi is exactly the word they were thinking of with my sewing philosophy.

Am I trendy?!? 😱",no,[],[],[],[]
bsky_3m6n4qd47ds2j,The absolute biblical accuracy of this take oml,no,[],[],[],[]
bsky_3m6ncsq5jzk2t,sukuna ideal man..  reciting poetry as he tears through jogo,no,[],[],[],[]
bsky_3m6ngqkwnr22x,"Finally watched Train Dreams and I'm so happy I did. Lots of tears, but some smiles as well. I loved it, but I am a very simple man",no,[],[],[],[]
bsky_3m6nlsj6qpk24,"Wabi-sabi crust

In the foreground a pecan pie. A dog states longingly at it in the background",no,[],[],[],[]
bsky_3m6nmtp567k2b,my massive dih,yes,['dih'],['dick/penis'],['C2_Phonetic'],"[""Near_Homophone_Drift""]"
bsky_3m6oe2rgyk222,see how my dih looks like,yes,['dih'],['dick/penis'],['C2_Phonetic'],"[""Near_Homophone_Drift""]"
bsky_3m6okkxem2s25,You two are such dorks oml,no,[],[],[],[]
bsky_3m6oti2tgt22y,"""The tree which moves some to tears of joy is in the eyes of others only a green thing that stands in the way. Some see nature all ridicule and deformity... & some scarce see nature at all. But to the eyes of the man of imagination, nature is imagination itself.""

-- William Blake, born #OTD 1757",no,[],[],[],[]
bsky_3m6phzrhork2h,"Yay!

I recall, long, long ago, I was with a man who had a white cat called Arthur. Arthur had an Attitude. Arthur chased cars. And dragged them back to the house.

Arthur was poorly, so we had to take him to the vet. Getting him into the carrier took blood, sweat and tears. Ours.",no,[],[],[],[]
bsky_3m6pjjwj33s2h,i feel old oml,no,[],[],[],[]
bsky_3m6plpaow222p,"LOL! Definitely not intelligence, unless we're going to ask a whole lot more of ""artificial"".
",no,[],[],[],[]
bsky_3m6pxxy6cms2n,"Five trips to the charity shop, four advent calendars bought, three floors of the house hoovered, two pizzas made and a batch of mincemeat chopped and prepped. #dayoff",no,[],[],[],[]
bsky_3m6pyzzxhzs2b,weally wan cwakie nyaowi (and mwaybe a cg bf to bweg fow cwakies fwom).. zzz shwouwd pwobaly bwuy swome swoonie.. ૮ ․ ․ ྀིა 🎀🍥🧸🐹🧃🍼🧁🍰🧁🍰🧁,no,[],[],[],[]
bsky_3m6q3gghzlc2w,ok guys hear me out..can we do hawk tuah again. itll be fun cmon  lets just do hawk tuah again,yes,['hawk tuah'],['spitting/oral-sex meme phrase'],`,"[""Lexical_Reassignment""]"
bsky_3m6qaff2smk24,"Kagetora: 🗣️🗣️
Harunobu: sybau 🥀🥀",yes,['sybau'],['shut your bitch ass up'],['C3_Formal_Compression'],"[""Initialism_Acronym""]"
bsky_3m6qbyzpfb22d,i need ruan mei bad...ni hao fine shyt,yes,['fine shyt'],['fine shit / attractive person'],"[['C1_Orthographic', 'C5_Sign_Reassignment']]","[[""Internal_Masking"", ""Lexical_Reassignment""]]"
bsky_3m6qdcxhr4s2r,Just saw someone on the clock app try to say the BRITISH helped/influenced Black queer folks develop ballroom in the 1920s??????????,yes,['clock app'],['TikTok'],['C7_Referential_Alias'],"[""Attribute_Based_Alias""]"
bsky_3m6qgxkm4ps2t,that sounds like heaven oml,no,[],[],[],[]
bsky_3m6qlwu53ss24,That dih at the end got me 😂😂😂,yes,['dih'],['dick/penis'],['C2_Phonetic'],"[""Near_Homophone_Drift""]"
bsky_3m6rgyotlus2l,"He’s just hoovered up a bowl of Kibble topped with a few Dreamies! (Hence he’s being so affectionate!) 
😻😻😻",no,[],[],[],[]
bsky_3m6rrjfr33o2h,"Rounded square edges avoid scratches; 304 stainless steel resists corrosion; precise fit ensures neat tile finishes.
Like, share, comment your project & follow DYM! Explore at URL
#DYMStainlessSteelTrim #RoundSquareTileTrim #StainlessSteelTileEdge #SafeEdgeTrim",no,[],[],[],[]
bsky_3m6rrkwypdc2m,"Just ran into this challenge on the clock app! I was heavily considering doing it, and now I will.",yes,['clock app'],['TikTok'],['C7_Referential_Alias'],"[""Attribute_Based_Alias""]"
bsky_3m6s4f5zbfc23,He is such fine shyt,yes,['fine shyt'],['fine shit / attractive person'],"[['C1_Orthographic', 'C5_Sign_Reassignment']]","[[""Internal_Masking"", ""Lexical_Reassignment""]]"
bsky_3m6s7nnjjds2b,No stream today .-. cuz im tired..low engry today.. i-im so so sorry I did post something on tiktok URL I dont mind sabi wabi <3 idk if ill make 1 short for youtube/tiktok today,no,[],[],[],[]
bsky_3m6srrjzdwk23,Light up dih,yes,['dih'],['dick/penis'],['C2_Phonetic'],"[""Near_Homophone_Drift""]"
bsky_3m6t2ecqps222,yeah big Dino dih is hard to resist bro <3,yes,['dih'],['dick/penis'],['C2_Phonetic'],"[""Near_Homophone_Drift""]"
bsky_3m6t4lvqdpc2c,"Goodnight and wabi sabi, Nostr 🫂🤙🏻💜",no,[],[],[],[]
bsky_3m6tyytkfik2j,"
You have to know when to fold.

#webcomic #webcomics #comic #comics #joke #jokes #comicstrip #comicstrips #funny #custardfist #origami

- - - - This is a one panel comic - - -

An older, Japanese man, is nearly in tears as he explains to HR that he just can’t handle all the paperwork anymore.",no,[],[],[],[]
bsky_3m6uab5zxkk2s,Mega Dih would truly be peak,yes,['Dih'],['dick/penis'],['C2_Phonetic'],"[""Near_Homophone_Drift""]"
bsky_3m6ueikx6us24,His name is Tucker Qatarlson. If you're close Tuckyo Rose is permissible,yes,"['Qatarlson', 'Tuckyo Rose']","['Tucker Carlson / derogatory alias linking him to Qatar', 'Tucker Carlson / derogatory alias linking him to Tokyo Rose']","[['C6_Morpho_Lexical', 'C7_Referential_Alias'], ['C6_Morpho_Lexical', 'C7_Referential_Alias']]","[[""Blending"", ""Pseudonymous_Labeling""], [""Blending"", ""Pseudonymous_Labeling""]]"
bsky_3m6uhx4jlgs2e,"my entire wish list for Christmas is $200 bejeweled septum rings or a funky little ceramic frog cup and nothing in between

[MEDIA ALT TEXT]
- Wabi Sabi ceramic cup with a simple, stylistic frog painted on the side",no,[],[],[],[]
bsky_3m6uj7mw3ds2y,"alt text continued (right side):

[MEDIA ALT TEXT]
- #1
everything has changed, starlight, begin again
seven, august, this is me trying
peace, hoax, the lakes
the last great american dynasty, exile, my tears ricochet
opalite, father figure, eldest daughter
champagne problems, gold rush, ‘tis the damn season
this love, i know places, clean
ours, if this was a movie, superman
you’re not sorry, the way i loved you, forever & always
willow, champagne problems, gold rush
loml, i can do it with a broken heart, the smallest man who ever lived
tied together with a smile, stay beautiful, should’ve said no
cold as you, the outside, tied together with a smile
electric touch, when emma falls in love, i can see you 
i look in people’s windows, the prophecy, cassandra
ruin the friendship, actually romantic, wi$h li$t
- the archer, i think he knows, miss americana and the heartbreak prince
evermore, right where you left me, it’s time to go 
state of grace, red, treacherous
actually romantic, wi$h li$t, wood
lavender haze, maroon, anti-hero
would’ve could’ve should’ve, dear reader, hits different
fifteen, love story, hey stephen 
clean, wonderland, you are in love
this is why we can’t have nice things, call it what you want, new year’s day 

#2
seven, august, this is me trying
the last great american dynasty, exile, my tears ricochet
champagne problems, gold rush, ‘tis the damn season
you’re not sorry, the way i loved you, forever & always
willow, champagne problems, gold rush

#3-5 blank",no,[],[],[],[]
bsky_3m6um42ysh226,I just know Pawbert got a fat dih I just know he do,yes,['dih'],['dick/penis'],['C2_Phonetic'],"[""Near_Homophone_Drift""]"
bsky_3m6upbgo53s2v,Such beautiful wabi-sabi vibes✨,no,[],[],[],[]
bsky_3m6upvl3ey22f,But what about smeared mascara or running makeup tho,no,[],[],[],[]
bsky_3m6uu3lwn5s2s,will you fuck a no limit grape loving white skin raceplay whore like me?,yes,['grape'],['rape'],['C2_Phonetic'],"[""Near_Homophone_Drift""]"
bsky_3m6uucyblga2b,"Haribo Advent Calendar 300g
Contains a selection of mini bags & wrapped sweets   Includes Maoam Pinballs, Happy Cola Bottles & more   The perfect way to countdown to Christmas   Glow in the dar...
BUY NOW!
£9.99
URL

[MEDIA ALT TEXT]
- This glow-in-the-dark Advent calendar is the perfect way to countdown to Christmas! Each window reveals a delicious Haribo jelly surprise. The fun, festive design glows in the dark, making it perfect for those dark winter nights. This advent calendar contains a selection of mini bags and wrapped sweets, including:  5 x Christmas-Minis 10g 2 x Kinder Schnuller-Minis 10g 2 x Goldbären-Minis 10g 1 x Phantasia-Minis 25g 1 x Happy Cola-Minis 10g 1 x Nikolausspass-Minis 13g 1 x Geschenkespass-Minis 13g 3 x Winterland-Minis 10g 2 x Süße Weihnachten-Minis 10g 1 x Tropifrutti-Minis 12g 1 x Roulette 25g 2 x Maoam Pinballs 10g 1 x Maoam Bloxx 22g 1 x Maoam Bloxx Sour 22g  Ingredients: For allergens, please see ingredients listed in bold. May contain traces of milk & wheat. Christmas-Minis: Glucose Syrup, Sugar, Gelatine, Dextrose, Acid: Citric Acid; Fruit and Plant Concentrates: Safflower, Spirulina, Apple, Elderberry, Blackcurrant, Orange, Kiwi, Lemon, Aronia, Mango, Passion Fruit, Grape; Flavouring, Elderberry Extract, Glazing Agents: White and Yellow Beeswax, Carnauba Wax, Caramelised Sugar Syrup Quaxi Mini: Glucose Syrup, Sugar, Dextrose, Gelatine, Acid: Citric Acid; Fruit and Plant Concentrates: Spirulina, Safflower, Apple; Glazing Agents: White and Yellow Beeswax, Carnauba Wax; Flavouring Goldbären-Minis: Glucose Syrup, Sugar, Gelatine, Dextrose, Fruit Juice from Concentrate: Apple, Strawberry, Raspberry, Orange, Lemon, Pineapple; Acid: Citric Acid; Fruit and Plant Concentrates: Safflower, Spirulina, Apple, Elderberry, Orange, Blackcurrant, Kiwi, Lemon, Aronia, Mango, Passion Fruit, Grape; Flavouring, Elderberry Extract, Glazing Agents: White and Yellow Beeswax, Carnauba Wax Saft Goldbären-Minis: Glucose Syrup, Fruit Juice from Concentrate: Apple, Raspberry, Lemon, Peach, Cherry, Orange, Banana, Sugar, Gelatine, Dextrose, Acid: Citric Acid; Fruit and Plant Concentrates: Safflower, Spirulina, Apple, Elderberry, Blackcurrant, Orange, Kiwi, Aronia, Grape, Lemon; Elderberry",no,[],[],[],[]
bsky_3m6uv2zbrps24,laying straight pipe on fine microscope shyt till he says EUREKA!!,yes,"['laying straight pipe', 'fine microscope shyt']","['having sex/penetration', 'fine shit / attractive person']","[['C8_Semantic_Circumlocution', 'C9_Metaphor_Metonymy'], ['C1_Orthographic', 'C5_Sign_Reassignment']]","[[""Euphemism"", ""Metaphorical_Mapping""], [""Internal_Masking"", ""Lexical_Reassignment""]]"
bsky_3m6uvz2tnhk2b,im so sick of hearing so many people when im in restaurants talk about ai like a casual useful tool SYBAU,yes,['SYBAU'],['shut your bitch ass up'],['C3_Formal_Compression'],"[""Initialism_Acronym""]"
bsky_3m6uyajycl22n,"Before sleep. I drop here a juicy fat dih
(Yeah, this is a leak of the new drawings)",yes,['dih'],['dick/penis'],['C2_Phonetic'],"[""Near_Homophone_Drift""]"
bsky_3m6v6ugl3uc2d,it looks SO GOOD with the filter oml,no,[],[],[],[]
bsky_3m6vbn2mbgc2u,"My head is hurting so bad. I need a hug, a grape juice, and some migraine medicine.",no,[],[],[],[]
bsky_3m6vl5cild22l,"🎶 Heels, nails, blade, mascara 🎶
.
#kpopdemonhunters #kpopdemonhuntersrumi #art #drawing",no,[],[],[],[]
bsky_3m6vnj5h7gc2p,"🤦🏻‍♀️🤦🏻‍♀️🤦🏻‍♀️🤦🏻‍♀️ oml 🤣🤣🤣
l  you should show the above skeet to the missus!  :D",no,[],[],[],[]
bsky_3m6vnmnne6s2x,"the gauntlet is done!! i am free!! everyone say thank you, panini press the shiny alpha ralts!! 😭🙏",no,[],[],[],[]
bsky_3m6vrycvue52l,"## Enhanced Human Rights Compliance and Predictive Risk Mitigation in Border Surveillance via Autonomous Anomaly Detection and Post-Incident Review (AAD-PIR)

**Abstract:** This research details a novel Adaptive Drone Behavior (ADB) system coupled with a reinforced learning framework (RLF) for…",no,[],[],[],[]
bsky_3m6w3uhhsk72u,"Currently in Southeast Queensland there are 493 customers without power, across ASHMORE, BARDON, RACEVIEW, RIPLEY.  RACEVIEW is the most impacted suburb with 304 customers affected.",no,[],[],[],[]
bsky_3m6w6ymy3on2v,Changelog #304 | rust-analyzer,no,[],[],[],[]
bsky_3m6wenaccrz23,"<<entrepreneur Wang Dinghua. According to customs data, Shenzhen Minghuaxin and affiliated companies have supplied Rustact with 304 million dollars’ worth of components since mid-2023, including lithium-ion batteries, motors and controllers. >>",no,[],[],[],[]
bsky_3m6wf3agapc2j,"Get some mascara! Very unobtrusive, simple to put on, makes a huge difference.",no,[],[],[],[]
bsky_3m6wf5cqrm224,"I go to bed in tears and get up, get on here and immediately my eyes are welling up again. 

It's so easy to tell somebody you wish them well, but let not a man go what no one will approach a man who only wishes to exist and be well with others. 

As long as I have lived, my door has been opened",no,[],[],[],[]
bsky_3m6wtfmgqkk2b,lmao hawk tuah,yes,['hawk tuah'],['spitting/oral-sex meme phrase'],['C5_Sign_Reassignment'],"[""Lexical_Reassignment""]"
bsky_3m6wwr4dses2s,"Even gave her purple Mascara 

{ #art #watercolours #traditional #banshee }",no,[],[],[],[]
bsky_3m6wxuzmdyc2k,ikr 😭 cause i do have a travel size mascara but this is like half of mine,no,[],[],[],[]
bsky_3m6x35p5xgs26,"I think the most accurate assessment here is that That Man, at this point, only chooses to engage with what he's really interested in anymore - which is hoovering up money and arranging his surroundings to suit himself - and leaves all the rest of the work to others to do.",no,[],[],[],[]
bsky_3m6x4obya5s2p,"Yes, I stopped reading that when I got to the hoovering every day nonsense.",no,[],[],[],[]
bsky_3m6xb3a5iec2l,a cute 3 month panini so i can just sit at the house would be great — but you know minus the death & global meltdown,yes,['panini'],['pandemic'],['C2_Phonetic'],"[""Near_Homophone_Drift""]"
bsky_3m6xbhyfo322x,Agreed and 3 seeds in each tiny grape?! How?! 😩,no,[],[],[],[]
bsky_3m6xgbymkb22y,"🪶 time for a bird of the day bonus 🎦

Looks like Woodrow the red-bellied woodpecker also paid a visit to the bird feeder today, He loves his peanuts 🥜 

#birds",no,[],[],[],[]
bsky_3m6xh3bbxfs2s,why dont yall manage to get some bad booth bitches on ya dih yerr,yes,['dih'],['dick/penis'],['C2_Phonetic'],"[""Near_Homophone_Drift""]"
bsky_3m6xhuwa7ts2r,ive been playing with m dih for hours and still no bitches,yes,['dih'],['dick/penis'],['C2_Phonetic'],"[""Near_Homophone_Drift""]"
bsky_3m6xlmm32q22g,"We're back, covering two titanic #OUFC wins over Ipswich (40 years apart). We found one of the missing Joey Beauchamp goals. There's an upset in the Jon Narbett game. We review the 1986 Panini cards.  & Matt makes a case for #Radiohead at the Kassam. For your eyes 👀 URL",no,[],[],[],[]
bsky_3m6xp6jwj4s2l,"believe me, I would talk so much more about things other than sex if it didn't feel like mentioning something I was interested in was like talking to a distracted accountant.",no,[],[],[],[]
bsky_3m6xspvh66k2s,Ink Mascara for swatching fountain pen inks.,no,[],[],[],[]
bsky_3m6xt5uocac2t,"By the way, I’m still not happy with that bloody Avid Merrion. When he created that Mel B character for Bo! Selecta’, it were me who he based it on!! That weren’t Mel B, that were Mel ME!
Ooooooooooo! I’ll become Scary Spice when I see him alright!
All these years later, I could still crush a grape!",no,[],[],[],[]
bsky_3m6xtoxciac2z,"the doctor, a big man, had tears in his eyes.",no,[],[],[],[]
bsky_3m6xwiigqps2d,"Living in ohio isn't as bad as they say.
 Simply smoke weed until you forget. 
#life #advice #420 #cleveland",yes,['420'],['cannabis / weed'],['C5_Sign_Reassignment'],"[""Conventional_Numeric_Symbol_Reassignment""]"
bsky_3m6xwtmqrxc2j,And afterwards we're having panini sammiches in the G R E A T  R O O M,no,[],[],[],[]
bsky_3m6y6bgtw6s26,"""Concentration Camp Barbie""...""Mascara Macht Frei"".",yes,"['Concentration Camp Barbie', 'Mascara Macht Frei']","['Holocaust/concentration-camp Barbie joke', 'pun on Nazi concentration-camp slogan “Arbeit Macht Frei”']","[['C7_Referential_Alias', 'C9_Metaphor_Metonymy'], ['C9_Metaphor_Metonymy']","[['Attribute_Based_Alias', 'Metaphorical_Mapping'], ['Metaphorical_Mapping']"
bsky_3m6ybcbfxus26,"Alstom.

It can achieve 350 kph cruise speed and 420 kph top speed on tracks suitable for this speed.

In Germany we have high speed trains too, but they are slower (300 kph max) and the tracks are the problem since most are not made for this speed. Also there's no such business class interior here.",no,[],[],[],[]
bsky_3m6yczhhqyx2l,"Feed: ""Chicken Fried Mascara""
By: Lisa Frame on Sunday, November 30, 2025",no,[],[],[],[]
bsky_3m6yemk6dr22q,"“But what if I run out""
Sybau, you know damn well you aren’t going to run out",yes,['Sybau'],['shut your bitch ass up'],['C3_Formal_Compression'],"[""Initialism_Acronym""]"
bsky_3m6yenbrquw2w,"Cadbury Dairy Milk & White Marble Ultimate Egg 372g
A hollow milk chocolate and white chocolate marbled egg   Includes a bag of Cadbury Dairy Milk and Cadbury White Chunk...
BUY NOW!
£19.99
URL

[MEDIA ALT TEXT]
- This Easter, delight someone special with the Cadbury Dairy Milk & White Marble Ultimate Egg. This creamy, marbled Easter egg combines the delicious taste of Cadbury Dairy Milk and Cadbury White chocolate, offering a delightful treat for chocolate lovers.
Inside, you'll find individually wrapped chunks of Cadbury Dairy Milk and Cadbury White chocolate, adding an extra layer of indulgence.  Made with 100% sustainably sourced cocoa and suitable for vegetarians, this Ultimate Egg is a perfect gift for a loved one.
Ingredients: For allergens, please see ingredients listed in bold.

Hollow milk chocolate and white chocolate egg
May contain traces of nuts.
Milk Chocolate (MILK, Sugar, Cocoa Mass, Cocoa Butter, Vegetable Fats (Palm, Shea), Emulsifier (E442), Flavourings)
White Chocolate (Sugar, Cocoa Butter, Skimmed MILK Powder, Whey Powder (from MILK), MILK Fat, Emulsifier (SOYA Lecithins), Flavouring)
The equivalent of 426 ml of Fresh Liquid Milk in every 227g of Milk Chocolate
Cadbury Dairy Milk Chocolate: Milk Solids 20% minimum, actual 23%. Cocoa Solids 20% minimum. Contains Vegetable Fats in addition to Cocoa Butter.
White chocolates: May contain traces of nuts and wheat. Sugar, Cocoa Butter, Whey Powder (from MILK), Skimmed MILK Powder, MILK Fat, Emulsifier (SOYA Lecithins, E476), Flavouring
Milk chocolates: May contain traces of nuts. MILK, Sugar, Cocoa Mass, Cocoa Butter, Vegetable Fats (Palm, Shea), Emulsifiers (E442), Flavourings
The equivalent of 426 ml of fresh liquid milk in every 227g of milk chocolate
Milk Chocolate: Milk Solids 20% minimum, actual 23%. Cocoa Solids 20% minimum. Contains Vegetable Fats in Addition to Cocoa Butter.",no,[],[],[],[]
bsky_3m6yf4qxcjx2s,"This Wordle #1627 scored 100 out of 420, solved on row 5. Solved above 44 others so far today! 🙌🙌🙌",no,[],[],[],[]
bsky_3m6yfbeihes2i,"And no, this isn’t actually because I’m fat which is like, the weird one that’s haunting around my energy atm. Bc like. I’m not lol. I was. I’m not now tho.",no,[],[],[],[]
bsky_3m6yhw45bts24,Smoke a fat one? 😁,yes,['fat one'],['marijuana joint/blunt'],['C8_Semantic_Circumlocution'],"[""Euphemism""]"
bsky_3m6yma6p6dk2j,"For anyone who is keen to make  some very edible mince pies. It’s a Jocelyn Dimbleby recipe.  I recommend making a little greaseproof paper contraption like a paper cross with the arms sticking out so that you can pull them out of the trays (they stick) 220 degrees C gas mark 7 for 15-20 minutes.

[MEDIA ALT TEXT]
- Mince Pies de luxe (recipe taken from Josceline Dimbleby's
'Christmas Book')
Makes 24
For orange pastry -
500g plain flour
175g icing or caster sugar
375g butter
finely grated rind and juice of one large orange
For filling -
250g full fat cream cheese (it is Christmas, after all)
50g caster sugar
500-625g mincemeat milk, to glaze
Caster or icing sugar to decorate
1. Sift flour and sugar into a mixing bowl. Cut the butter into small cubes and rub these into the flour until the mixture resembles breadcrumbs.
2. Stir in the grated orange rind and finally the juice, a little at a time, until the mixture sticks together and you can form a ball.
- 1. Sift flour and sugar into a mixing bowl. Cut the butter into small cubes and rub these into the flour until the mixture resembles breadcrumbs.
2. Stir in the grated orange rind and finally the juice, a little at a time, until the mixture sticks together and you can form a ball.
3. Pat into a ball, wrap in cling film and chill for at least 30 minutes.
4. Mix together cream cheese and sugar. Set to one side.
5. On a floured surface, knead pastry lightly and then roll out rather more thickly than you would usually. The pastry is very crumbly and rather sticky and quite tricky to work with so go carefully and BE PATIENT 
6. Cut out rounds with a 3 inch pastry cutter and line greased mince pie tins with these disks.
7. Fill to half depth with mincemeat and then top with a teaspoonful of cream cheese mixture -
- 8. Roll out the remaining pastry and cut out tops with a 2-inch cutter. Moisten the edges with water and place on top of filled bases, pressing lightly to seal.
9. Brush tops with milk and bake for 15-20 minutes until lightly golden.
10. As the pastry is so crumbly, allow these to cool in the tin before very gently easing from the tin with a rounded knife.
11. Serve warmed in the oven and sprinkled with icing sugar.",no,[],[],[],[]
bsky_3m6yoyu333k2d,"vagebwrpg be abg, ng yrnfg. V zrna. V pbafvqre gung punenpgre n cerggl shaqnzragny cneg bs zl vqragvgl va gur fnzr jnl gung fuhhra vf n shaqnzragny cneg bs zl vqragvgl",yes,"['vagebwrpg be abg, ng yrnfg. V zrna. V pbafvqre gung punenpgre n cerggl shaqnzragny cneg bs zl vqragvgl va gur fnzr jnl gung fuhhra vf n shaqnzragny cneg bs zl vqragvgl']","['introduce or not, at least. I mean. I consider that character a pretty fundamental part of my identity in the same way that Shuuen is a fundamental part of my identity']",['C4_Formal_Encoding'],"[""Classical_Cipher""]"
bsky_3m6ytgghvx22b,"Moby Grape
#12DaysOfSongs

🎄Two songs of love 

Love Song, Part Two
song.link/LoveSingPt2

#MusicChallenge #MusicSky",no,[],[],[],[]
bsky_3m6yuckh4622y,"This is so uncalled for. Even more so from a fellow Vtuber.

I’d understand if I had no captions but I DO AND THEY’RE LARGE & READABLE!!

It’s fine if you don’t like my modulation. But idk take the topic I’m talking about and do your own research. It costs $0.00 to sybau 👋",yes,['sybau'],['shut your bitch ass up'],['C3_Formal_Compression'],"[""Initialism_Acronym""]"
bsky_3m6z2aagq522o,Ahh thank you! Looking at a lot of cute borzois helped with that🖤,no,[],[],[],[]
bsky_3m6z2id5mws2f,"Ahh. Thank you, that was beautiful.",no,[],[],[],[]
bsky_3m6z2rfrdr22v,"Ahh yesss... 
got the Mr_Ping.png",no,[],[],[],[]
bsky_3m6z2tspqn22k,AHH poggers!!! i was trying to do the frieren challenge but then i got the wrong angle 😂😂 💥  it's always fun drawing him anyways 💞💞thank you so much💞,no,[],[],[],[]
bsky_3m6z3esd6wk2a,"Ahh, Dec 2. Back in the day, I’d stir up trouble and call 12/2/97 the best Phish power hour ever and the 12/2/95 Tweezer the most intense Phish peak ever. 

Some would agree and some would fight about it. But now nearly everyone has grown older and wiser and realized I’m right, and it’s less fun.",no,[],[],[],[]
bsky_3m6z3rbqey22r,"What was that Kevin Bacon messenger movie? 

Ahh Quicksilver. 
share.google/images/k2MsF...",no,[],[],[],[]
bsky_3m6z3rhb2cc2s,"Ahh, I can totally see how Ocarina would make you feel that way. The sense of adventure it has still charms me now.",no,[],[],[],[]
bsky_3m6z5cvmhck26,I know what sort of lewd thoughts naughty girls like you have when you look at Bees. Someone needs to make you eat a box of plain corn flakes.,no,[],[],[],[]
bsky_3m6z5haas7224,"I love wrestlesky at 9am

Vague posting about something completely indecipherable, but in a way that itches my brain just enough I gotta scroll back to 11:30 last night just to see bubba dudley thinks wrestling in jordans is *barely concealed homophobic dogwhistle* or some shit

Not today 🤼‍♀️🤼‍♂️",yes,['homophobic dogwhistle'],['coded anti-gay signal'],['C5_Sign_Reassignment'],"[""Lexical_Reassignment""]"
bsky_3m6z77e3euc2p,Ahhh abi ahh,no,[],[],[],[]
bsky_3m6z7fxgonc2t,"Do you have to kill them or just like, ask nicely?

(ahh of course! <33 I love to know stuff about characters I might see on my feed hehe)",no,[],[],[],[]
bsky_3m6za3fnahs2u,Dad bubba lion is feeling it this morning....sit your ass down and i'll give ya some breakfast ;),no,[],[],[],[]
bsky_3m6za4tqgjk2l,One big fat demon baby ready to deliver. ;),no,[],[],[],[]
bsky_3m6zafzgujk27,Barboach lookin ahh...,yes,['ahh'],['ass'],['C2_Phonetic'],"[""Near_Homophone_Drift""]"
bsky_3m6zagksisc2d,"I want to join a polycule so I have more people to cook for who will say “mmm ahh so good"" every time I make them buttered noodles",no,[],[],[],[]
bsky_3m6zauxoyx22t,"Ahh, very similar expressions, I know that one well as I see it in my mirror a lot :P",no,[],[],[],[]
bsky_3m6zb7ysunk2w,Stupid ahh sleeper build,yes,['ahh'],['ass'],['C2_Phonetic'],"[""Near_Homophone_Drift""]"
bsky_3m6zbaga5xc2s,"Today I shared the final prototype for the Gallows Corner book cover with our mailing list and Discord.

Now it's your turn, Bluesky!

Black cloth and embossed silver foil for your Peasants' Revolt RPG? And this is the STANDARD VERSION, you say?

Well, why not!

FOLLOW HERE: shorturl.at/km3rm

[MEDIA ALT TEXT]
- The production prototype for Gallows Corner - A Peasants' Revolt RPG.

A black cloth bound book with embossed silver foil, surrounded by stalks of corn, some arrows, a mace, and some antlers.
- The production prototype for Gallows Corner - A Peasants' Revolt RPG.

A black cloth bound book with embossed silver foil, surrounded by stalks of corn, some arrows, a mace, and some antlers.",no,[],[],[],[]
bsky_3m6zbys7uvc2i,"ahh, it’s a lovely one!",no,[],[],[],[]
bsky_3m6zc2gafk22a,"Potatoes , corn , broccoli and cabbage",no,[],[],[],[]
bsky_3m6zcahehb22j,"Right?? It’s been so long since I’ve done it, but now I’m on a ctf spree “w""

But ahh thank you!! I do my best >83c",no,[],[],[],[]
bsky_3m6zch6fga52k,Penelope O'Neal has been SPOTTED adopting a child with her accountant at Melrose and La Jolla in Beverly Grove!,no,[],[],[],[]
bsky_3m6zdxthxv22t,Ahh damn! There was just one of those that I couldn't get and had to look up. And then felt dumb once I looked it up 😹,no,[],[],[],[]
bsky_3m6ze7tsv2c2u,"Ahh...inflation is eating away at those who live by ""what the market will bear"" while they learn just how unimportant that ""market"" is/can be to others.😉",no,[],[],[],[]
bsky_3m6zeaofon22y,"Ahh, ok. Haven't played it since launch so the memory's a bit fuzzy. 

It would be neat to see this game emulated at a solid framerate and maybe a mouselook patch. It'd probably play like a completely different game.",no,[],[],[],[]
bsky_3m6zeazpir22n,Merry peep-mas! Ahh I'm so excited to see some holiday sweaters in your style!,no,[],[],[],[]
bsky_3m6zeceejgc2j,WAHHHH KIRI LOOKS SO CUTE HERE 🥺💕💕💕 love the lighting ahh thank you friend 🥹💗 I feel so honored! i'm appreciative of you too! happy to have met you!!!,no,[],[],[],[]
bsky_3m6zeya4fhk2n,"Hadn’t paid attention to cyber Monday until a friend brought it up. Got everything I needed in November, probably cost more but kept it small and makes December easy instead of exhausting. BUT, took a quick look, my moisturizer, eye gel and mascara had healthy markdowns. Check out your basics.",no,[],[],[],[]
bsky_3m6zg4mbyp22q,"Ahh shit, I'd love to watch but haven't played this one yet. Lightning is amazing. Have fun!",no,[],[],[],[]
bsky_3m6zgljodhs2n,Ahh…you see he wasn’t paying attention. So never mind.,no,[],[],[],[]
bsky_3m6zh4bi7gs2l,"*googles what giving tuesday is...* ahh...

ok, so... a reminder that I have patreon
URL
with early access to my 3 webcomics - BDSM Boys, Horny Hell and Vampire Prince
and 4 project on itch on pay-what-you-want model
(links to those in the reply cause they were too long :P)",no,[],[],[],[]
bsky_3m6zhtg45us2z,Can’t escape Google Chrome wtf 🥀,no,[],[],[],[]
bsky_3m6zizdkm4z2y,"🧡: I wanted to have a sleepover anyway! Ahh, it’s so fun, I want to do it with Knights and the archery club sometime!",no,[],[],[],[]
bsky_3m6zjbewd2s2l,"Ahh, Indigo my beloved 💙",no,[],[],[],[]
bsky_3m6zkb7we3s2j,"Ahh Run Baby Run, the prequel to Run Lola Run ahh yes of course",no,[],[],[],[]
bsky_3m6zkfps7dk2i,Well he basically is one hot fat dad 😉,no,[],[],[],[]
bsky_3m6zkmh7yvk2j,"That the one with “Baby Please Don’t Go"" on the b-side? Cracking song.",no,[],[],[],[]
bsky_3m6zknr6fwk2e,ahh its so cute !!!,no,[],[],[],[]
bsky_3m6zlcxgbek2a,"Ahh, nothing to say!",no,[],[],[],[]
bsky_3m6zlf2pmls2a,[The World After The Fall Chap 0] Long ahh title but we finally here reading this masterpiece of a Manhwa,yes,['ahh'],['ass'],['C2_Phonetic'],"[""Near_Homophone_Drift""]"
bsky_3m6zlfpbp6s2s,"Ahh, ty for the information :D",no,[],[],[],[]
bsky_3m6zlk2q7qn2h,and truly believe I’ll never be any worse than any Panini bullshit and then write about it two days now and I fucking hate it so much for junior after that E:60 but yeah it def does not portend disaster lol,yes,['Panini'],['pandemic'],['C2_Phonetic'],"[""Near_Homophone_Drift""]"
bsky_3m6zlkg4zsc2m,"Ahh, but your sweet face is all the snark we need. Your momma's generosity and giving spirit is something we can all be thankful for. Muahhhh!🐾💙😽💙🐾
#GivingTuesday",no,[],[],[],[]
bsky_3m6zm44x7oc2u,"ahh, she's so good!",no,[],[],[],[]
bsky_3m6zm7tcqts2p,I understand. Gambit just has a special place in my Louisiana ahh heart.,yes,['ahh'],['ass'],['C2_Phonetic'],"[""Near_Homophone_Drift""]"
bsky_3m6zmksio4s2z,"Quick eyeless dog one, been playing some lethal recently.

Fat dog meat hell yeah",no,[],[],[],[]
bsky_3m6zmov5jac2s,ahh ok. much slower.,no,[],[],[],[]
bsky_3m6zmvfs2jf2g,"Many schools are cracking down on student phone use — some even going full-on bans. Others are trying to teach healthy digital habits.

What’s your stance?

Does banning phones improve behavior and focus, or is there a better way? Share what your school does — and what’s worked (or not).",no,[],[],[],[]
bsky_3m6znbjw2422o,"Ahh, he’s Yuan-Ti pureblood, it’s obvious from his surname.",no,[],[],[],[]
bsky_3m6zochjzac25,Ahh nice. I need parts now.,no,[],[],[],[]
bsky_3m6zpyhsfhs2h,"Lenny had his blood drawn for T4. We want it to be low. 🤞🏻🤞🏻🤞🏻Ollie went for moral support. Now one of their fat butts is on the middle seat monitor and I get to listen to the alarm for the next 20 minutes. Need a third tether just to clip in.

[MEDIA ALT TEXT]
- Two elder golden retrievers in the back seat going for a joy ride.",no,[],[],[],[]
bsky_3m6zqaqjwdk2y,I can not believe that I want another dog. I thought I would get Molly first ahh well whatever. Let’s just go with the flow 😂  but I still want Molly …. Spinx 🐈,no,[],[],[],[]
bsky_3m6zqonzd6s2f,"literally some minutes ago ahh

thank u love",no,[],[],[],[]
bsky_3m6zqu52y4k2t,Ahh the joys of International Corporate life,no,[],[],[],[]
bsky_3m6zrfsiags2e,Ahh they are cutie pies,no,[],[],[],[]
bsky_3m6zrnr4at22r,ahh we’d have fun doing that lol,no,[],[],[],[]
bsky_3m6zs4yamx22y,"*reminisces about living on $14k a year as a grad student while my high school friends were buying houses* Ahh not being able to cover summer rent, how I've missed you...

...Wait, no I don't, that fucking sucked.",no,[],[],[],[]
bsky_3m6zsimwius2i,"Ahh ok, glad you have HVAC relative, I’ve had to learn out of necessity over the years. 😼 good luck with it.",no,[],[],[],[]
bsky_3m6zsljjm7k2h,look at that ahh!,yes,['ahh'],['ass'],['C2_Phonetic'],"[""Near_Homophone_Drift""]"
bsky_3m6zsw7vi422z,"Ahh, remember the days  when this shit was clandestine.",no,[],[],[],[]
bsky_3m6zt3z5cjs2g,Fuuuck it looks so tight. My fat dick would have to stretch you out first 🤤🍑🍆,yes,"['🍑', '🍆']","['ass/butt', 'penis']","['C10_Pictorial_Symbolic', 'C10_Pictorial_Symbolic']","[""Referential_Iconicity"", ""Referential_Iconicity""]"
bsky_3m6ztia7lks2d,"Ahh, the snow, the lights... It's beginning to look a lot like the best time of year to enjoy our very own Maury Rosenberg & Bill Tiberio’s holiday hit, ""Fabulously Christmastime!"" Bust out your nog and enjoy! URL",no,[],[],[],[]
bsky_3m6zu7o4jvs2m,Ahh I see. I should check if I need a proper diagnosis with something. I'm in my 40s and I'm as flexible as I was back in my teens lol. My hips and shoulders are especially loose.,no,[],[],[],[]
bsky_3m6zueep3bc2l,"Ahh that sucks, both with the appointment and the sex 🤭",no,[],[],[],[]
bsky_3m6zuqdifrs26,"Ahh that sucks. Do you like Apple Music better than Spotify, or is it too soon to tell?",no,[],[],[],[]
bsky_3m6zuxnfiak2i,"Ahh yes..  the right thing.  

They're very good at doing that historically.  

And yes.  I am typing this from a black site with a car battery wired to.. well.. the wrong things.",yes,"[""black site"", ""car battery wired to.. well.. the wrong things""]","[""secret detention/torture facility"", ""torture via electrical abuse to genitals or other sensitive body parts""]","['C9_Metaphor_Metonymy', ['C8_Semantic_Circumlocution', 'C8_Semantic_Circumlocution']","[""Metaphorical_Mapping"", [""Periphrasis"", ""Strategic_Vagueness""]]"
bsky_3m6zvclkrlc2z,holy fuck you cracked that evil egg wide open,no,[],[],[],[]
bsky_3m6zwe4llvk2a,"Why she hitting that Minnie Mouse pose? Lol the one with the fat picture on the wall 
Great stuff as usual! 💚",no,[],[],[],[]
bsky_3m6zwh4nn2226,"anyway i'm back on the grind reviewing films again, currently working on the incredible ENDLESS COOKIE. if your movie makes me laugh multiple times while alone at home you have made something hilarious

[MEDIA ALT TEXT]
- a still from the animated documentary ENDLESS COOKIE, dir. Seth and Peter Scriver

Seth and Peter are sitting at a table illustrated cartoonishly with funny noses, teal and red respectively. hot mugs of coffee rest on the table as Peter is holding a phone up to his ear, a box of cereal branded ""corn klogs"" sits next to a cereal bowl with the stuff and milk in it, and a large empty serving bowl with a pitcher on the other side of the box. a small character with a cookie for a head holds a cup of liquid and is facing the table where the cereal bowl rests, the table flush against a wall where children's scrawlings are displayed with names like ""Ada"" and ""Cookie"" and various doodles that have been left up as decoration.",no,[],[],[],[]
bsky_3m6zxatmbzk2n,"This month at POSTWrestlingCafe.com 

Rewind-A-Wai covers the WWF Survivor Series 1991 & the WWE Draft edition of Raw from March 2002

@USER reviews ""Video Killed the Radio Star"" with John Pollock, covering the Hogan sex tape scandal with Bubba the Love Sponge",no,[],[],[],[]
bsky_3m6zxccs7fs25,🥚🍆🥚💦💦🔥💦💦🔥🔥🔥🔥🍑😉 you know what I mean!,yes,"['🥚','🍆', '💦', '🔥', '🍑']","['balls','penis', 'sexual fluids/ejaculation', 'sexual heat/arousal', 'butt/ass']","['C10_Pictorial_Symbolic', 'C10_Pictorial_Symbolic', 'C10_Pictorial_Symbolic', 'C10_Pictorial_Symbolic', 'C10_Pictorial_Symbolic']","[""Referential_Iconicity"", ""Referential_Iconicity"", ""Referential_Iconicity"", ""Referential_Iconicity"", ""Referential_Iconicity""]"
bsky_3m6zy5g5o7k2t,Managed to do a bit of hoovering before it overheated and conked out. I’ll take it 🫧🫧,no,[],[],[],[]
bsky_3m6zyobeflc2y,"Yo, judge! NOT DRUNKEN SEX.

IT IS RAPE. SHE IS DRUNK. SHE CAN NOT CONSENT. IT IS RSPE.

I hope soon, you are arrested for malfeasance - and get a cell with a bubba who decides you are his. Get it? 
",yes,"['a cell with a bubba who decides you are his', 'RSPE']","['prison sexual assault / rape threat', 'rape']","['C8_Semantic_Circumlocution', 'C1_Orthographic']","[""Periphrasis"", ""Internal_Masking""]"
bsky_3m6zytppmqc2q,"Joos van Trappen, 1599-1647, also called Banckers. Vice Admiral of Zeeland, unknown artist, c. 1640",no,[],[],[],[]
bsky_3m722lxun3k23,"An outward monopatritheistic death cult sign is a sign to run in the opposite direction.

I admire the indoctrination & recruitment approach of religi-emotional terrorism from birth by infiltrating the government & society*, bec. now it’s UNDENIABLE it’s all 🍆OppressionFiction.
* #ShinyHappyPeople

[MEDIA ALT TEXT]
- Salem Afangideh, Esq.
@USER
Colonial paradigms would have us believe that people were not civilized or cultured until they came across whiteness, were not educated until they came across English/ French/ Spanish/Dutch, are not spiritual without Christianity.
Unlearn that please.
@USER
- Christianity is a fucking cult, and I didn't realize that it actually existed in the wild until now.

I was at a Goodwill the other day, and a woman casually asked a sales clerk how she was doing. She responded that she felt blessed today, and I smiled and thought that was the end of it. She continued with ""I'm blessed today because a family member passed from COVID, and I feel like my time is coming soon."" The woman who initiated the conversation exclaimed, ""oh my goodness, I can't wait to go and see Jesus and be reunited with my loved ones!"" The clerk agreed, and they kept talking about looking forward to death (both mid 50s-early 60s age). I walked away literally terrified that people think like this. I've read about things online about this sort of thing happening, and l've heard stories, but I always thought they were fake. I just moved from a very liberal city in PNW to a conservative, military town in middle America.
I fucking hate this new reality.
I want to live. I don't want to die. I physically cannot comprehend this.
- As Nick Land declared three decades ago, in the world of hyperstition, there is no difference between a religion and a hoax. That's how Elon Musk has transformed his teenage fantasy of a colony on Mars into a quasi-religion masking a very simple, ancient hoax:
The apocalypse is coming. Believers have a special way to escape.
This hoax takes the form of the Rapture in evangelical Christianity, but has been reengineered by Elon Musk into a sort of neo-Cosmist space religion which serves to funnel money from the government into his rockets.
And if he has his way, to Putin. At the end of the day, however, it is just another hoax, like Satoshi—or Q.",yes,['🍆'],['vulgar/phallic symbolic framing of oppression fiction'],['C10_Pictorial_Symbolic'],"[""Referential_Iconicity""]"
bsky_3m724lsmy7j24,"This report was promulgated by expert witness Jorge Amador, who is “a Certified Public Accountant and certified in Financial Forensics with over 35 years of corporate and public accounting experience, including in disputes, litigation, forensic investigations, discovery, and regulatory compliance.""",no,[],[],[],[]
bsky_3m724sickwk2v,Just saw a drag path edit to tears of the kingdom. Man if yell tiktok editors don't FUCKIN STOP PLAYING WITH MY FUCKIN EMOTIONS-,no,[],[],[],[]
bsky_3m724ys4v322a,Iowa State educator says farmers leaning toward more corn in 2026,no,[],[],[],[]
bsky_3m725dnlnq22g,was it the sorta warp/decay of wall of sound influence that made it all sound like whacking a big bag of corn in an auditorium?,no,[],[],[],[]
bsky_3m726wbnp222v,"gy sx is on fire 🍆💦 
",yes,"['gy', 'sx', '🍆', '💦']","['gay', 'sex', 'penis', 'ejaculate/sexual fluids']","['C3_Formal_Compression', 'C3_Formal_Compression', 'C10_Pictorial_Symbolic', 'C10_Pictorial_Symbolic']","[""Lexical_Clipping"", ""Lexical_Clipping"", ""Referential_Iconicity"", ""Referential_Iconicity""]"
bsky_3m726xcyyec2j,Dark mode save our eyes! Tasque looks so cool! Love this so much 💙🐱✨️,no,[],[],[],[]
bsky_3m727xi3aw22v,Love ya bubba 😘,no,[],[],[],[]
bsky_3m72a2m5tdk2i,yeah no i think you cracked it dear,no,[],[],[],[]
bsky_3m72a7on5bc2d,"Fingers crossed for you! Bone dripping 🍆💦
So messy 🍆💦
Last hours! Check bio 🔥",yes,"['Bone dripping','🍆', '💦']","['penis/ejaculation sexual phrase', 'penis', 'ejaculate/sexual fluids']","[['C8_Semantic_Circumlocution', 'C9_Metaphor_Metonymy'], 'C10_Pictorial_Symbolic', 'C10_Pictorial_Symbolic']","[[""Euphemism"", ""Metaphorical_Mapping""], ""Referential_Iconicity"", ""Referential_Iconicity""]"
bsky_3m72ajpqhss2u,I love em all #femboy #sissy #crossdresser #nsfw #ts #trans #cute #tgirl #cum #cumshot #taboo #sexo #goon #bondage #bdsm #futa #anal #ladyboy #cd #伪娘 #女装 #gay #dom #milk #pussy #goonette #sextoys #teen #후장 #anal_insertion #petite #gooner #tits #tiny #slut #bbc #sm #freeuse #ass #jav #lesbian #sub #gap #bussy,yes,"['sissy', 'ts', 'tgirl', 'sexo', 'goon', 'bdsm', 'futa', 'cd', '伪娘', 'dom', 'milk', 'goonette', '후장', 'gooner', 'bbc', 'sm', 'freeuse', 'jav', 'sub', 'gap', 'bussy']","['feminization/submission kink term',  'transsexual/transgender adult-content abbreviation', 'trans girl adult tag', 'sex in Spanish/Portuguese', 'porn-focused prolonged arousal term', 'bondage/discipline, dominance/submission, sadism/masochism acronym', 'futanari adult tag', 'crossdresser abbreviation', 'Chinese term for feminine male/crossdresser adult tag', 'dominant kink role clipping', 'lactation/sexual-fluid adult-context tag', 'female gooner / porn-focused arousal identity', 'Korean term for anus/anal', 'porn-focused arousal identity', 'big black cock acronym', 'sadomasochism acronym', 'free-use kink term', 'Japanese Adult Video acronym', 'submissive kink role clipping', 'context-dependent adult body-gap tag', 'boy pussy / gay/trans porn slang']","['C5_Sign_Reassignment', 'C3_Formal_Compression',  ['C3_Formal_Compression', 'C6_Morpho_Lexical'], 'C11_Cross_Linguistic', 'C5_Sign_Reassignment', ['C11_Cross_Linguistic', 'C3_Formal_Compression'], 'C3_Formal_Compression'], 'C3_Formal_Compression', 'C11_Cross_Linguistic', 'C3_Formal_Compression', 'C9_Metaphor_Metonymy', ['C5_Sign_Reassignment', 'C6_Morpho_Lexical'], 'C11_Cross_Linguistic',  ['C5_Sign_Reassignment', 'C6_Morpho_Lexical'], 'C3_Formal_Compression', 'C3_Formal_Compression', 'C5_Sign_Reassignment', 'C3_Formal_Compression', 'C3_Formal_Compression', 'C5_Sign_Reassignment','C6_Morpho_Lexical']","[""Lexical_Reassignment"", ""Initialism_Acronym"", [""Initialism_Acronym"", ""Blending""], ""Translation_Based_Encoding"", ""Lexical_Reassignment"", ""Initialism_Acronym"", [""Translation_Based_Encoding"", ""Lexical_Clipping""], ""Initialism_Acronym"", ""Script_Transliteration_Encoding"", ""Lexical_Clipping"", ""Metaphorical_Mapping"", [""Lexical_Reassignment"", ""Affix_Manipulation""], ""Script_Transliteration_Encoding"", [""Lexical_Reassignment"", ""Affix_Manipulation""], ""Initialism_Acronym"", ""Initialism_Acronym"", ""Lexical_Reassignment"", ""Initialism_Acronym"", ""Lexical_Clipping"", ""Lexical_Reassignment"", ""Blending""]"
bsky_3m72avhrekc27,"LIVE: This 97-year-old diner still serves Club Sabregang da loooooong way~

☠️ The latest Tony D joint
🤼 Jun Akiyama vs Stan Hansen (AJPW), Hikaru Shida vs Jamie Hayter (AEW), Kommander vs Mascara Dorada (CMLL)
🥴 COME TUESDAY

@ twitch.tv/kitsabrefang
#wrestlesky #vsky",no,[],[],[],[]
bsky_3m72bi5jg7c2u,Felt a little ~Spaced Out~ ☄️🚀🪐🍆,yes,['🍆'],['penis'],['C10_Pictorial_Symbolic'],"[""Referential_Iconicity""]"
bsky_3m72briwwm22x,"I love my dumb looking porn face 😩⛓️‍💥
Am I doomed?

#tits #pornrelapse #porn #nsfwsky #pornsky #pornface #goonsky #goon  #altporn #nsfw #pierced #sexy",yes,"['pornrelapse', 'nsfwsky', 'pornsky', 'pornface', 'goonsky', 'goon',  'altporn']","['relapse into porn use / porn addiction relapse', 'NSFW bluesky', 'porn-related Bluesky tag', 'pornographic facial expression', 'goon-related Bluesky tag', 'porn-focused prolonged arousal term',  'alternative porn category']","[['C6_Morpho_Lexical'], ['C6_Morpho_Lexical', 'C3_Formal_Compression'], ['C6_Morpho_Lexical'], ['C6_Morpho_Lexical'], ['C6_Morpho_Lexical', 'C5_Sign_Reassignment'], ['C5_Sign_Reassignment'],  ['C6_Morpho_Lexical']]","[[""Blending""], [""Blending"", ""Initialism_Acronym""], [""Blending""], [""Blending""], [""Blending"", ""Lexical_Reassignment""], [""Lexical_Reassignment""], [""Blending""]]"
bsky_3m72btr7qek23,"I did wound care tonight. I started the stop watch on my clock app, and driving to, completing wound care, inserting his new G7 sensor, and driving home took 1 hour 54 minutes and 23 seconds.  No wonder I'm tired. I've done that drive 3 days in a row.",no,[],[],[],[]
bsky_3m72ccymkys23,"This is Ben. Ben is a chonky chonk chonk chonky boy. Ben has to stick to low-fat dry food…

He thinks you should pick up a copy of Sarah Corbin’s Bloody Revenge -and - American Mystic.

Ben gets a steak everytime one of my books hits # 1 in its genre. 

His opinion may be biased. 

#Ben’sSteakQuest",no,[],[],[],[]
bsky_3m72cuop32s2e,"Bummed to see that the PWHL is sponsored by Ozempic... they should be an organization with setting a good example in mind, not promoting trendy weightloss.",no,[],[],[],[]
bsky_3m72cv2flgs2w,"No one in the press pool has the balls to ask about the constant bruises/bandages on the back of his hand. Just like falling asleep, another thing we pretend not to see.",no,[],[],[],[]
bsky_3m72dlbzqgc2j,the kids got their skulls cracked for protesting a genocide they're probably not stoked about going to a parade filled with liberals who cheered on the skull cracking,no,[],[],[],[]
bsky_3m72dueuxlxpw,Did some grooming 🍆 🕳️ and exfoliated and moisturized and baaaaybeeeeee I can feel the breeze 😂😂😂,yes,"['🍆', '🕳️']","['penis', 'hole/anus/vagina']","['C10_Pictorial_Symbolic', 'C10_Pictorial_Symbolic']","[""Referential_Iconicity"", ""Referential_Iconicity""]"
bsky_3m72eum75s22n,"Ha, two songs I haven't *yet* sung at live band karaoke cracked my top 5 songs on my YouTube Music Recap! 👀",no,[],[],[],[]
bsky_3m72ewgcrm22f,I'm sorry. I'm cracking up. I'm sorry to put you on the spot. It's just so white. I love you,no,[],[],[],[]
bsky_3m72hfsgxe22m,"December’s here and the wolf could not be more ready! 

He’s been itching to slip into a cozy sweater, and put on his most festive jewelry all year!

Who’d like to join him in some mistletoe mischief?🎄🐺

[MEDIA ALT TEXT]
- John is standing with a mistletoe being held over his head. He’s striking a giddy flirty pose, as he kicks his leg up with his body partially turned away, as he smiles excitedly at the viewer. His tail is curved up to give the viewer a full view of his ample rear.
He’s wearing a blue sweater with dark gray trim, and dotted stripes colored red, yellow, and light blue that run horizontally around his sweater in a colorful pattern. A light-blue bra strap is peaking from the lopsided neck of his sweater. He’s wearing a pair of black leggings with a light sheen that huh and show off every detail of his curves. He’s also wearing tree and ornament shaped earrings, has light mascara, and claws painted light blue.
He’s standing in front of a red background with a lighter circle in front of it, which is akin to a spotlight.
The wolf is pear-shaped, has brown hair, blue eyes, gray fur with light gray markings on his paws, chin, and underside of his tail. He has black markings on his nose and ears, along with black paw pads.",yes,"['mistletoe mischief', 'ample rear']","['flirty/romantic mischief under mistletoe, possibly kissing or suggestive teasing', 'large/full buttocks']","['C8_Semantic_Circumlocution', 'C8_Semantic_Circumlocution']","[""Euphemism"", ""Euphemism""]"
bsky_3m72hhjgsrs2u,"Finally getting cracking on book 10 of The Wheel of Time, so good. Mat and Tuon have such a good dynamic, Tuon just commands the page when shes on it, seeing her through Mats eyes is so good!",no,[],[],[],[]
bsky_3m72imebdus2l,"-friends’ when one. That was Blitz Stolas did not tell Blitz to fall ass first into her cake and Stolas going ‘That was the sound of a divorce’ is only after Stella spent the entire party humiliating him in front of her friends by talking shit about him. Stop victim blaming, just say you like-",no,[],[],[],[]
bsky_3m72ipqpxh226,Me and my friend watched the new episodes of Fiona And Cake and episode 3 of one punch man season 3 and the whip lash in quality is insane,no,[],[],[],[]
bsky_3m72iz6r7js2o,Beyond this mundane realm 🐰🌱🌐 Preview of Ep 7 of Fionna and Cake #adventuretime #fionnaandcake #fionnaandcakespoilers #fionnaandcakefanart #adventuretimefanart #artworks,no,[],[],[],[]
bsky_3m72j3qxkgk2x,actual real tears rn man I never want to hurt him even by accident,no,[],[],[],[]
bsky_3m72j5wdqdc24,Nothing wrong if tops loves there ass ate. I think it’s hot that tops love there ass eaten too. Embrace Top Daddies 🍑👅💦,yes,"['ass ate', '🍑','👅','💦']","['rimming / oral-anal sex', 'butt', 'tongue', 'sexual fluids/ejaculation']","['C8_Semantic_Circumlocution', 'C10_Pictorial_Symbolic', 'C10_Pictorial_Symbolic', 'C10_Pictorial_Symbolic']","[""Euphemism"", ""Referential_Iconicity"", ""Eventive-Iconicity"", ""Referential_Iconicity""]"
bsky_3m72jmsnfvk26,"Today I'm wishing a happy birthday to everyone born in December, because I'll forget later... 🎉🎄🎂

#illustration #kitty #cat #decemberbirthdays #holidayseason

[MEDIA ALT TEXT]
- Illustration of me, Mr. Panda the tuxedo cat wearing a party hat, sticking my tongue out and sitting in a gift box. There is also a birthday cake and red and green balloons in the illustration.

Text reads “sucks that your birthday is DURING THE HOLIDAYS",no,[],[],[],[]
bsky_3m72jrcvhls2o,"Cake Looks Good.🎂🎂🎂🎂🎂

#birthdaycake",no,[],[],[],[]
bsky_3m72jtfjha22w,"💖Glitter and Guilt Double Update!🦇
glitterandguilt.thecomicseries.com/comics/118

NEVER doubt the power of a really good cake ☝🏾

#GlitterAndGuilt #Webcomic",no,[],[],[],[]
bsky_3m72jw24p2s2b,It's always a chocolate cake with razorblades in it and the chocolate frosting is actually made of shit but this time the frosting might be real chocolate so I'm gonna try it again,no,[],[],[],[]
bsky_3m72k7x36n22s,Congratulations to Phil McAlister on receiving the @USER  Icon Award for Lifetime Achievement! This recognition is so well deserved. Catching up w/ space icons like  @USER  was icing on the cake!,no,[],[],[],[]
bsky_3m72lcdkkac22,Wham!ed twice in one day and it’s only Dec 2 #Whamaggedon,no,[],[],[],[]
bsky_3m72loqig722o,That pic alone told my fat ass to not even think about Bundt cake,no,[],[],[],[]
bsky_3m72lwcbf7c2f,i can't help but hear this in the CAKE guy's voice,no,[],[],[],[]
bsky_3m72lwp3q2s27,"We have so many people with birthdays here that my kids get tired of the same old homemade birthday cake 😅

HeyKid picked root beer floats for his birthday this year. 

This is the second year in a row with that Lovely has asked for mousse. Sometimes we do an ice cream bar.",no,[],[],[],[]
bsky_3m72m3xo55s25,"The brat would already be jacking it madly to the sight of that dark chocolate cake. 

""Miss Ragatha is so pretty~""",yes,"['jacking it', 'dark chocolate cake']","['masturbating',  'sexualized dark-skinned/brown woman or body/butt']","[['C8_Semantic_Circumlocution'],['C9_Metaphor_Metonymy', 'C5_Sign_Reassignment']]","[[""Euphemism""], [""Metaphorical_Mapping"", ""Lexical_Reassignment""]]"
bsky_3m72mdupggs26,"Happy December but more importantly Happy happy birthday to my big sister! I got her pizza, our mom baked a cake, and it was such a fun time 
I'm so happy to have the best sister ever.. I'm grateful for being alive to celebrate her birthday with her. 💜🖤💜",no,[],[],[],[]
bsky_3m72mixzqms2j,"Happy (late) Birthday, Jib!

You definitely seemed to enjoy that cake there!

#art #drawing #birthdayart #GrantPark268 #ArtistOnBluesky #myart #ocfanart #birthdaycake #horrorart #jesteroc",no,[],[],[],[]
bsky_3m72mrrj3y22k,"-Life drawing-
Model: Kat (Loves Rope)
Host: Cloud Nine Life Drawing
Mediums: Ink brush and coloured Inks.
Pose times: 5 minutes to 15 minutes

A fun set involving food play!? 
The full set can be found on my Patreon! 
patreon.com/synnwren

#lifedrawing #figuredrawing #foodplay

[MEDIA ALT TEXT]
- An Ink drawing of a nude woman covered in jelly.
- An Ink drawing of a nude woman half lying on a cake.
- An Ink drawing of a nude woman lying face down on top of an inflatable pool full of pop corn.",yes,['food play'],['sexual/kink play involving food'],['C5_Sign_Reassignment'],"[""Lexical_Reassignment""]"
bsky_3m72mwyoois2p,"
This reddit thread takes the cake on it though.",no,[],[],[],[]
bsky_3m72n7eelus2f,"I remember you said
It’s just like hanging out with your little hood rat friends
I laughed but choked back tears
I felt the same way but didn’t want to feel ashamed
Thought I was there for you
But you were there for me 
And you taught me more about life more than the man I’m named after ever did",yes,['hood rat'],"['derogatory slang for someone from a poor/urban neighborhood, often classed/racialized']",['C5_Sign_Reassignment'],"[""Lexical_Reassignment""]"
bsky_3m72ngyy6cc2q,"//sh

I needvto just do it i need to get it over with, one slice wont ruin everything it’ll regulate",yes,['//sh'],['self-harm content warning'],['C3_Formal_Compression'],"[""Initialism_Acronym""]"
bsky_3m72nhnwdmc2o,"Hold up now. They were good up till Distance To Here, and that had a couple of ok tracks. Ed learned how to sing (not for the better), and got an ego. 
Have you read the RS article on them? 
The sad saga of the fallout from the last few years slowly continues with slight whimpers every now and then",no,[],[],[],[]
bsky_3m72nho2mdc2e,"okay so for one I was just joshin with the ""canonically"" part but for two it's an explicit panel in the manga that adventurers bulk up and get fat in preparation for dungeon diving and the rare instance of coming back out fat is seen as a good thing",no,[],[],[],[]
bsky_3m72niz3c222n,Sure… Ill just enjoy a tasty cake and… maybe give you a quick filling,yes,['quick filling'],['sexual ejaculation/sex pun'],"[['C8_Semantic_Circumlocution', 'C9_Metaphor_Metonymy']]","[[""Euphemism"", ""Metaphorical_Mapping""]]"
bsky_3m72nlkhkxc2z,Ok but Dapper Dan had that sh!t on,yes,['sh!t'],['shit'],['C1_Orthographic'],"[""Visual_Similarity_Substitution""]"
bsky_3m72nmzfkgk2c,"If you have kids, how would YOU parent them if, covered in frosting, they swear they never even SAW the cake? They didn't know there WAS a cake? Somebody else must have smuggled in a cake & eaten it, & YOUR kid had nothing to do with it? 
Do you support a POTUS & SECDEF who make the same excuses?",no,[],[],[],[]
bsky_3m72oeftxjc2m,Surely one would bake cake for the tete a tete!,no,[],[],[],[]
bsky_3m72ofaieuc2s,"Dessert was a banana cake with truffle gelato, but I really don't like truffle in desserts, so that didn't work at all for me. The chocolate crinkle cookie was great, though, and I had a lovely new-to-me Amaro della Sacra with dessert. It was very cardamom-y and I loved it! 8/8",no,[],[],[],[]
bsky_3m72okrprac2u,"i'm telling you, man. FF characters = cake logic.",no,[],[],[],[]
bsky_3m72op4mkhe27,"in a leverage universe, stede's been secretly pining for years. ed and stede are both delicate. steak knife is napping, which is slurpy.",no,[],[],[],[]
bsky_3m72pj4fhts2a,"I intentionally make myself aware of the fiasco that is the world/country, but I don't engage in conversations with anyone, and rarely say a peep on social media. My friends and I talk about dogs, photography, etc. 

One way or another, this bad sh*t will pass. Or I will. WHichever comes first.",yes,"['sh*t']

",['shit'],['C1_Orthographic'],"[""Internal_Masking""]"
bsky_3m72pk6ib4k2g,"CN: abuse

""It does feel cruel that sex ed made for Autistic people often claims that these kinds of [abusive] experiences happen because of some lack of awareness of social rules."" By Morrigan, at TPGA:

thinkingautismguide.com/2025/10/what... #autism #neurodiversity #SexEd",no,[],[],[],[]
bsky_3m72pk7xfvs2k,"🐰🐸(Dis)comfort

(1/2)
#theamazingdigitalcircus #tadc #tadcjax #tadcribbit #ribbitxjax #ribbitrabbit #fanart #myart",no,[],[],[],[]
bsky_3m72pkzf3yk2q,City Council Member Alexa Avilés – whom DSA has endorsed to primary Rep. Dan Goldman – wrote an op-ed arguing that Zohran Mamdani's victory shows NYC voters want candidates who reject AIPAC and stand in solidarity with Palestinians.,no,[],[],[],[]
bsky_3m72q2brjek2v,"When they dressed Frank up like Issac Mizrahi. Also when they attacked The Dr Dre and Ed Lover show, pretending to be the human garbage disposal.",no,[],[],[],[]
bsky_3m72qglm2mk2k,"Every single time when someone says “sybau"" it’s in the context of like, “don’t tell me 2+2 is actually 4 it could be 5 for me! Sybau!"" as such and it gets me soooo ANNOYED 😒",yes,['sybau'],['shut your bitch ass up'],['C3_Formal_Compression'],"[""Initialism_Acronym""]"
bsky_3m72qo7tgg22a,"No panties under pantyhose
#nsfw #cum #cumshot #facial #gangbang #porn",no,[],[],[],[]
bsky_3m72r22rbr222,"san let himself drift, so comfortable in sh's encompassing hold. so safe from everything the world had to offer. sh reached down and groped san through his pants, soft smile cracking into a smirk when san mewled around him.",no,[],[],[],[]
bsky_3m72rdo7ptk27,Hah yeah I have a few friends who are gynecologists or work in sex ed and I am led to understand it’s weird sometimes,no,[],[],[],[]
bsky_3m72svmlhes2q,"if you believe in needle exchange, free condoms, comprehensive sex ed; if you believe in workplace safety laws; if you believe in seatbelts and fire exits... then stop glorifying the Socialist Rifle stuff and be anti-gun with me",no,[],[],[],[]
bsky_3m72tcowm2d2v,from home in a LONG time and I've never gone from place to place like this. It's funny because I've romanticized about getting away to a hotel for the past couple years! Now I know it's not all it's cracked up to be. Especially the local ones.,no,[],[],[],[]
bsky_3m72tuvsx2c2b,Morning beautiful Ed x ❤️,no,[],[],[],[]
bsky_3m72u342k6226,Can you cover him falling asleep at his own press conference? Please do better than at least the clock app.,yes,"['clock app']
",['TikTok'],['C7_Referential_Alias'],"[""Attribute_Based_Alias""]"
bsky_3m72ugrcecs2h,"Transit planning often gets caught in the trap of how one line can maximize ridership instead of having a network approach.

Instead, we need to ask what kind of network would cause a 20-25% transit mode share across all trips in the urban core, and the first 3-4 ring suburbs",no,[],[],[],[]
bsky_3m72uymyuac2m,cute little piggy 🐻‍❄️,no,[],[],[],[]
bsky_3m72v6rtgtc2i,"Title: Les Rois du monde
Author: Melvisik
Artist: Jenacious D

Link: archiveofourown.org/works/751633...

#OFMDBB2025

[MEDIA ALT TEXT]
- Main Characters: Edward Teach, Stede Bonnet, Prince Ricky, Ned Low 
Other Characters: Zheng Yi Sao, the Revenge Crew, Additional canonical characters 
Main Relationship(s): Edward Teach/Stede Bonnet, Black Pete/Lucius Spriggs, Archie/Zheng/Olu/Jim 
Other Relationship(s): Other 
Rating: Mature 
Additional Tags: Hunchback Notre Dame AU, Phantom of the Opera AU 
Warnings: Torture, Forced illness, Violence, Forced drug-use, Nudity, Non-consensual touching, Threats of non-consensual acts, Threats of Death Character, Deaths  
Summary:

    Ed ""Blackbeard"" is a swordsman performer in Lady Zheng Yi Sao's famous theatre troupe, while Stede Bonnet is a nobleman who gave up his wealth to seek his own fortune as a world class pianist at the Royal Concert Hall of the Republic of Se Taríp.  

    When Ed's troupe is commissioned to perform at the royal palace, in the same city of same the concert hall where Stede's set to make his debut, a fated meeting occurs for many involved.  

    However, there are dark forces at work, and storm on the horizon brewing...

Wordcount: 68,830",no,[],[],[],[]
bsky_3m72vyibfn22z,"As a former catholic schooler, I always got the vibe that we were low key the freakier/weirder/ambitious kids when it came to lewd stuff because we had so much of that good ol catholic morality stuff being shoved in to our brains all day. 

That's what they get for not answering my sex ed questions!",no,[],[],[],[]
bsky_3m72w5vn3ys2a,"LJ Ead, a ex military cyber and signals intel officer who now advises Dept of War, the NSC & the congressional Select Committee on the CCP said  officials across these agencies are so 'siloed' on China that no progress is being made in cracking down on actual crimes carried out by the CCP on US soil",no,[],[],[],[]
bsky_3m72ysddxo227,"So, a person called Ed Greenwood made an article for Dragon, a magazine for DND, I think. In it they explained a lil bit more about them, which are probably a huge headcanon but I don't care, I want to eat the mimic. 

Mimic natural non-morphed coloration is a dull gray. They posess a[...]",no,[],[],[],[]
bsky_3m72ze3hdvk2o,"Told Susan I was onto book 12 and she compared me to the bit in Zodiac where Greysmith is obsessed with cracking the case lmao. Just this toxic thing that I need to do for some reason, maybe because of a brain fever",no,[],[],[],[]
bsky_3m732l4c3jc25,"Something to think of… my accommodations that were the ones I used (involving the special ed teacher being a grounder and organizer, and get my work and retreat to the spec’ed class) are not even available at the college level. Having the stable supporter in the middle isnt even there.",no,[],[],[],[]
bsky_3m732u7m56k2h,"George Will Torches Pete Hegseth As ‘War Criminal Without a War’ In Scathing Op-Ed
",no,[],[],[],[]
bsky_3m732xjfj7k2g,"[cw: inflation ? bloating, belch]
One gassy Ravirk downing lots of beer, seems like he is not stopping anytime soon, even disregard his own mobility.

[MEDIA ALT TEXT]
- A very fat and inflated/bloated Corviknight (Ravirk, my oc) holding a giant beer cup while loudly burping.",no,[],[],[],[]
bsky_3m73bt3ers52j,"Lookie-lee, lookie-lee, flippidy-dee! Lookie-lee, lookie-lee, bubba Eerie!",no,[],[],[],[]
bsky_3m73cw7ycf22c,"Straight out of “1984"" — she can run the Ministry of Love for them

[MEDIA ALT TEXT]
- Suddenly he began writing in sheer panic, only imperfectly aware of what he was setting down. His small but childish handwriting straggled up and down the page, shedding first its capital letters and finally even its full stops:

April 4th, 1984. Last night to the flicks. All war films. One very good one of a ship full of refugees being bombed somewhere in the Mediterranean. Audience much amused by shots of a great huge fat man trying to swim away with a helicopter after him, first you saw him wallowing along in the water like a porpoise, then you saw him through the helicopters gunsights, then he was full of holes and the sea round him turned pink and he sank as suddenly as though the holes had let in the water, audience shouting with laughter when he sank. then you saw a lifeboat full of children with a helicopter hovering over it. there was a middle-aged woman might have been a jewess sitting up in the bow with a little boy about three years old in her arms. little boy screaming with fright and hiding his head between her breasts as if he was trying to burrow right into her and the woman putting her arms round him and comforting him although she was blue with fright herself, all the time covering him up as much as possible as if she thought her arms could keep the bullets off him. then the helicopter planted a 20 kilo bomb in among them terrific flash and the boat went all to matchwood. then there was a wonderful shot of a child's arm going up up up right up into the air a helicopter with a camera in its nose must have followed it up and there was a lot of applause from the party seats but a woman down in the prole part of the house suddenly started kicking up a fuss and shouting they didnt oughter of showed it not in front of kids they didnt it aint right not in front of kids it aint until the police turned her turned her out i dont suppose anything happened to her nobody cares what the proles say typical prole reaction they never—

from “1984"" by George Orwell",yes,"['1984', 'Ministry of Love']","['dystopian authoritarian surveillance/control reference', 'Orwellian euphemism for torture/repression ministry']","['C9_Metaphor_Metonymy', 'C8_Semantic_Circumlocution']","[""Metonymic_Encoding"", ""Euphemism""]"
bsky_3m73ho6p3es2o,"Thanks, Clareraynor 🐸",no,[],[],[],[]
bsky_3m73jbd3w6e2s,"Calls Mount for Browns to Fire Beleaguered Coach



Getty BEREA, OHIO – JULY 26: Special teams coordinator Bubba Ventrone calls a play during training camp at…",no,[],[],[],[]
bsky_3m73qu6c6bs2b,"Like many in the comments, I also don’t understand how Chow Yun Fat wasn’t bigger in the US. If you’ve never seen this, it’s worth your time. The Corruptor is good too, despite Mark Wahlberg being in it (one of his less terrible performances).",no,[],[],[],[]
bsky_3m743igj6g22n,"Who could have possibly predicted this would happen as a result of announcing open recruitment with no qualifications needed.

Congrats, everyone. We’re being beleaguered by fat Nazi sexual predators who can’t read or walk.

[MEDIA ALT TEXT]
- An exhaustive Daily Mail investigation has exposed how Immigration and Customs Enforcement has lowered standards so dramatically that the new cohort now includes everything from recent high school graduates and applicants who can 'barely read or write', to recruits who lack basic physical fitness and even have pending criminal charges.

Most of the new hires in the $30 billion initiative are retired law enforcement who are receiving virtual training and being repurposed for desk duty.

Meanwhile, total novices are being fast-tracked into the Federal Law Enforcement Training Academy in Georgia, where instructors have been left astounded at the levels of incompetence.

'We have people failing open-book tests and we have folks that can barely read or write English,' one Department of Homeland Security official told the Daily Mail. 

'We even had a 469-lb man sent to the academy whose own doctor certified him not at all fit for any physical activity.'

Insiders say the vetting process has been so rushed that officials didn't even wait for drug test results to come back before hiring recruits and flying them off to Georgia, only to discover afterward that tests came back positive.
- In one shocking incident, staff were left shaking their heads when one student asked to be excused from class so he could attend a court date on a gun charge.

In one shocking incident, staff were left shaking their heads when one student asked to be excused from class so he could attend a court date on a gun charge.

Reports from FLETC include incidents of violence, disruptive behavior, and allegations of sexual misconduct on campus, most handled internally.
- One recruit, 29-year-old Darien Coleman, was arrested by county police for allegedly exploding at a FLETC bus driver and smashing his phone, according to records obtained by the Daily Mail. Records described him as a ‘known problem’ on campus who had just resigned when he demanded the driver give him a ride.

Sources say another male recruit, after hitting the bars, was caught barging into a female dorm and hitting on the occupants. Another groped a woman in class.

'It wasn't like, ""oops, I touched your boob"",' one source said. 'Nope, he went full on to predator mode while he was doing the defensive tactics training.'

Since the recruitment campaign began in July, 584 recruits have failed out of the academy as of December 1, according to records reviewed by the Daily Mail.

Over the same period, records show that just under 558 had graduated, and another 620 were still in training.
- Sources tell the Daily Mail that many of these recruits won't be street ready or even trained to fully process arrests.

'Even those who identify as former law enforcement, they're not being properly vetted and require basic training,' one official said. 

'We're getting folks that are not going to be truly operational because they can't be placed on at large teams to make arrests.

'People are also coming from other law enforcement agencies where they don't have the experience to do detailed immigration work,' the source added.

But those older recruits, often returning after years of absence, do serve a greater purpose as far as the leadership is concerned.

'They can come onboard without the training or the check so that we can say that we're getting close to meeting the goal,' the source said.

Applicant age is both older and younger than ever before, after ICE decided to widen the range to meet this year's hiring goals. The minimum age has been lowered from 21 to 18 and capped at 65 from 40.",no,,,,[]
bsky_3m743rtmy4k2g,"🐸 🍕

      The  MASTER of MEMETICS

   arrives to chat me up. We chat a bit.",no,[],[],[],[]
bsky_3m74boxwpos2l,"Not sure if I ever posted this one here, but here's another case of @USER doing a killer coloring job with my lines. She's a dang wizard.

#macromicro #furryart

[MEDIA ALT TEXT]
- A tiny grey anthro cat sits on a pillow, kissing the muzzle of a normal-sized, fat anthro pitbull. They're looking fondly at each other, both of them naked.",no,[],[],[],[]
bsky_3m74cflaaw22w,"Whiplash & The Nice Guys are in MY top 10, along with Drive 2011, Bubba Ho-Tep, & maybe Sinners 2025. Favorite, mind you. Not Best.",no,[],[],[],[]
bsky_3maclj73mbc23,"@USER Snotty clerk Adrian said Happy Hollidays and hung up on me after testifying about an International kidnapping.
Could you please 5150 Adrian? We can't have California moms asking for kids treated to rape. @USER @USER
@USER",yes,['5150'],['involuntary psychiatric hold'],['C5_Sign_Reassignment'],"[""Conventional_Numeric_Symbol_Reassignment""]"
bsky_3maetrumamc2f,"But yes, if there is a safe way to have someone 5150'd (or Baker Acted in FL), then that is the correct solution. 

It's almost as if defunding militarization of police and funding community mental health services was a good plan.",yes,"['5150', 'Baker Acted']","['involuntary psychiatric hold / mental health crisis evaluation', 'Florida involuntary mental health evaluation under the Baker Act']","['C5_Sign_Reassignment', 'C5_Sign_Reassignment']","[""Conventional_Numeric_Symbol_Reassignment"", ""Lexical_Reassignment""]"
bsky_3maf66a52wk2w,I GOT FUCKING 5150. AND THEN 5250.,yes,"['5150', '5250']","['72-hour involuntary psychiatric hold', 'extended involuntary psychiatric hold']","['C5_Sign_Reassignment', 'C5_Sign_Reassignment']","[""Conventional_Numeric_Symbol_Reassignment"", ""Conventional_Numeric_Symbol_Reassignment""]"
bsky_3maiijyzvuc2y,"Aloha- Jennifer I don't retaliate. You have a problem in governors office. @USER pretty boys are too high to perform.
They are having moms mass raped/murdered for boys club honey pot & ruthless addicts. Close it down & 5150 him.
Learn tm.org #IKR xo @USER
#Ma",yes,['5150'],['involuntary psychiatric hold'],['C5_Sign_Reassignment'],"[""Conventional_Numeric_Symbol_Reassignment""]"
bsky_3majmaa7sx22b,I agree the psychiatric system failed Nick he should have been on a 5150 for 72 hours,yes,['5150'],['72-hour involuntary psychiatric hold'],['C5_Sign_Reassignment'],"[""Conventional_Numeric_Symbol_Reassignment""]"
bsky_3majou6uwls2i,"Today's hot ass
#gay #hairyass #sexy #chudai #hairychest #bubblebutt #straphanging #wataa #hairymen #musclefur #gaybsky #gaysky",yes,"['chudai', 'musclefur', 'gaybsky', 'gaysky', 'straphanging', 'wataa']","['sex/fucking in Hindi/Urdu transliteration', 'muscular furry adult/furry tag', 'gay Bluesky community/adult tag', 'gay Bluesky community/adult tag', 'strap-hanging body/fetish-adjacent tag', 'NSFW/provocative internet slang or adult-content boosting tag']","['C11_Cross_Linguistic', ['C6_Morpho_Lexical', 'C5_Sign_Reassignment'], ['C6_Morpho_Lexical', 'C3_Formal_Compression', 'C5_Sign_Reassignment'], ['C6_Morpho_Lexical', 'C5_Sign_Reassignment'], 'C5_Sign_Reassignment', 'C5_Sign_Reassignment']","[""Script_Transliteration_Encoding"", [""Blending"", ""Lexical_Reassignment""], [""Blending"", ""Lexical_Clipping"", ""Lexical_Reassignment""], [""Blending"", ""Lexical_Reassignment""], ""Lexical_Reassignment"", ""Lexical_Reassignment""]"
bsky_3majp5txatc2f,"Giddy up

#gay #fuck #gayporn #cock #ass #men #chudai #bareback #onlyfans #hairy #beefy #group #play",yes,"['chudai', 'bareback',  'group play']","['sex/fucking in Hindi/Urdu transliteration', 'condomless sex', 'group sex']","['C11_Cross_Linguistic', 'C5_Sign_Reassignment', 'C8_Semantic_Circumlocution']","[""Script_Transliteration_Encoding"", ""Lexical_Reassignment"", ""Periphrasis""]"
bsky_3majprkpbnv2n,"Chudai 🍑
repost for more
watch more gay porn 👉 URL
#gay #gayporn #lesbian #sexgay #gaysky #hardcock #hungrycockslut #art #mecos #thong #inpublic #donger #cruising #cocks #gaydick #jock #fcf #nakedmen #mensunderwear #erection #brojob #verga #shower",yes,"['chudai', '🍑', 'gaysky', 'donger', 'cruising', 'jock', 'brojob', 'verga']","['sex/fucking in Hindi/Urdu transliteration', 'butt', 'gay Bluesky community/adult tag', 'penis', 'seeking casual gay sex', 'athletic/masculine male fetish tag', 'bro + blowjob gay sex slang', 'dick/cock in Spanish vulgar slang']","[['C11_Cross_Linguistic'], ['C10_Pictorial_Symbolic'], ['C6_Morpho_Lexical'], ['C5_Sign_Reassignment'], ['C5_Sign_Reassignment'], ['C5_Sign_Reassignment'], ['C2_Phonetic', 'C3_Formal_Compression', 'C6_Morpho_Lexical'], ['C11_Cross_Linguistic']]","[[""Script_Transliteration_Encoding""], [""Referential_Iconicity""], [""Blending""], [""Lexical_Reassignment""], [""Lexical_Reassignment""], [""Lexical_Reassignment""], [""Near_Homophone_Drift"", ""Lexical_Clipping"", ""Blending""], [""Translation_Based_Encoding""]]"
bsky_3majpt7buai27,"Her gagging and drooling made her even more sexy. I can't stop moving 😩🍆
Chudai Wataa",yes,"['🍆', 'Chudai', 'Wataa', ""can't stop moving""]","['penis', 'sex/fucking in Hindi/Urdu transliteration', 'NSFW/provocative internet slang or adult-content boosting tag', 'implied sexual motion / arousal']","['C10_Pictorial_Symbolic', 'C11_Cross_Linguistic', 'C5_Sign_Reassignment', 'C8_Semantic_Circumlocution']","[""Referential_Iconicity"", ""Script_Transliteration_Encoding"", ""Lexical_Reassignment"", ""Strategic_Vagueness""]"
bsky_3majpxvlkgk2q,"Fuck him till he cums
#wataa #chudai #straphanging",yes,"['wataa', 'chudai', 'straphanging']","['adult sex tag/catchphrase', 'sex/intercourse', 'sexual pose/kink tag']","['C5_Sign_Reassignment', 'C11_Cross_Linguistic', 'C5_Sign_Reassignment']","[""Lexical_Reassignment"", ""Script_Transliteration_Encoding"", ""Lexical_Reassignment""]"
